SK_ID_CURR,TARGET
100001.0,0.09
100005.0,0.24
100013.0,0.045
100028.0,0.065
100038.0,0.2
100042.0,0.075
100057.0,0.045
100065.0,0.115
100066.0,0.055
100067.0,0.125
100074.0,0.085
100090.0,0.14
100091.0,0.265
100092.0,0.21
100106.0,0.065
100107.0,0.295
100109.0,0.11
100117.0,0.04
100128.0,0.135
100141.0,0.065
100150.0,0.025
100168.0,0.035
100169.0,0.035
100170.0,0.2
100171.0,0.105
100172.0,0.155
100184.0,0.28
100187.0,0.125
100212.0,0.075
100222.0,0.11
100223.0,0.07
100232.0,0.02
100241.0,0.3
100245.0,0.065
100253.0,0.095
100256.0,0.165
100271.0,0.06
100278.0,0.21
100280.0,0.035
100306.0,0.225
100311.0,0.215
100312.0,0.06
100330.0,0.23
100331.0,0.085
100352.0,0.215
100358.0,0.18
100367.0,0.105
100382.0,0.275
100384.0,0.085
100385.0,0.14
100386.0,0.06
100399.0,0.045
100404.0,0.13
100416.0,0.025
100422.0,0.145
100426.0,0.05
100438.0,0.03
100444.0,0.15
100445.0,0.215
100446.0,0.195
100447.0,0.06
100450.0,0.085
100466.0,0.095
100483.0,0.045
100484.0,0.08
100494.0,0.12
100510.0,0.205
100512.0,0.055
100517.0,0.045
100548.0,0.06
100551.0,0.06
100552.0,0.255
100553.0,0.095
100561.0,0.12
100568.0,0.285
100569.0,0.045
100591.0,0.1
100592.0,0.03
100602.0,0.095
100607.0,0.055
100613.0,0.13
100617.0,0.185
100618.0,0.145
100622.0,0.13
100625.0,0.18
100677.0,0.24
100699.0,0.06
100702.0,0.28
100711.0,0.19
100729.0,0.17
100740.0,0.225
100744.0,0.16
100745.0,0.08
100747.0,0.13
100751.0,0.26
100752.0,0.1
100753.0,0.285
100754.0,0.19
100760.0,0.075
100762.0,0.085
100763.0,0.15
100765.0,0.045
100770.0,0.195
100772.0,0.035
100777.0,0.05
100791.0,0.07
100792.0,0.035
100797.0,0.045
100823.0,0.035
100826.0,0.07
100830.0,0.035
100836.0,0.29
100872.0,0.11
100910.0,0.085
100913.0,0.17
100918.0,0.125
100931.0,0.02
100952.0,0.055
100953.0,0.11
100965.0,0.225
100970.0,0.075
100982.0,0.3
100983.0,0.24
100984.0,0.095
100987.0,0.13
100997.0,0.165
100998.0,0.175
101002.0,0.14
101005.0,0.135
101008.0,0.33
101020.0,0.08
101021.0,0.05
101024.0,0.16
101025.0,0.195
101026.0,0.09
101031.0,0.03
101041.0,0.06
101051.0,0.06
101055.0,0.095
101056.0,0.325
101057.0,0.06
101064.0,0.1
101079.0,0.14
101087.0,0.1
101090.0,0.11
101092.0,0.14
101097.0,0.125
101099.0,0.035
101107.0,0.1
101118.0,0.15
101125.0,0.13
101126.0,0.045
101128.0,0.03
101136.0,0.12
101140.0,0.235
101149.0,0.145
101160.0,0.135
101169.0,0.295
101181.0,0.075
101186.0,0.06
101190.0,0.175
101193.0,0.18
101194.0,0.18
101198.0,0.155
101200.0,0.04
101204.0,0.035
101211.0,0.09
101213.0,0.215
101223.0,0.05
101225.0,0.12
101237.0,0.215
101243.0,0.1
101244.0,0.28
101258.0,0.065
101259.0,0.325
101268.0,0.175
101269.0,0.035
101271.0,0.14
101279.0,0.09
101281.0,0.185
101287.0,0.09
101292.0,0.045
101294.0,0.07
101296.0,0.185
101297.0,0.035
101299.0,0.085
101301.0,0.08
101305.0,0.19
101308.0,0.145
101318.0,0.04
101327.0,0.335
101329.0,0.11
101332.0,0.035
101337.0,0.12
101343.0,0.105
101345.0,0.005
101346.0,0.065
101353.0,0.035
101354.0,0.285
101355.0,0.16
101356.0,0.085
101362.0,0.195
101363.0,0.25
101365.0,0.035
101366.0,0.145
101367.0,0.22
101368.0,0.02
101374.0,0.14
101380.0,0.055
101383.0,0.09
101398.0,0.07
101399.0,0.5
101401.0,0.26
101412.0,0.185
101426.0,0.065
101427.0,0.27
101428.0,0.175
101429.0,0.32
101434.0,0.06
101440.0,0.085
101448.0,0.05
101449.0,0.09
101465.0,0.105
101467.0,0.055
101472.0,0.13
101478.0,0.28
101497.0,0.145
101504.0,0.14
101547.0,0.07
101548.0,0.15
101555.0,0.13
101570.0,0.025
101572.0,0.14
101578.0,0.045
101580.0,0.19
101588.0,0.23
101602.0,0.085
101610.0,0.17
101614.0,0.055
101616.0,0.075
101643.0,0.155
101644.0,0.095
101649.0,0.185
101650.0,0.05
101665.0,0.015
101667.0,0.225
101669.0,0.055
101674.0,0.175
101675.0,0.015
101678.0,0.17
101682.0,0.095
101686.0,0.1
101697.0,0.245
101700.0,0.205
101711.0,0.085
101714.0,0.09
101715.0,0.5
101728.0,0.135
101732.0,0.125
101757.0,0.21
101758.0,0.125
101759.0,0.19
101762.0,0.065
101764.0,0.09
101780.0,0.335
101784.0,0.025
101789.0,0.005
101816.0,0.165
101819.0,0.085
101827.0,0.04
101863.0,0.135
101867.0,0.17
101870.0,0.06
101873.0,0.205
101878.0,0.245
101879.0,0.16
101880.0,0.025
101887.0,0.16
101897.0,0.05
101901.0,0.155
101903.0,0.295
101920.0,0.03
101921.0,0.11
101922.0,0.135
101961.0,0.185
101962.0,0.055
101971.0,0.105
101976.0,0.265
102002.0,0.18
102005.0,0.04
102007.0,0.27
102017.0,0.015
102019.0,0.255
102029.0,0.045
102051.0,0.25
102052.0,0.035
102054.0,0.035
102062.0,0.105
102067.0,0.26
102068.0,0.16
102070.0,0.06
102090.0,0.085
102092.0,0.13
102099.0,0.195
102100.0,0.105
102112.0,0.195
102113.0,0.055
102122.0,0.23
102123.0,0.105
102125.0,0.075
102126.0,0.33
102146.0,0.07
102147.0,0.28
102151.0,0.085
102158.0,0.19
102159.0,0.08
102162.0,0.18
102165.0,0.085
102166.0,0.05
102174.0,0.04
102193.0,0.275
102198.0,0.155
102205.0,0.095
102206.0,0.02
102218.0,0.065
102221.0,0.11
102230.0,0.11
102238.0,0.15
102248.0,0.06
102252.0,0.295
102259.0,0.14
102262.0,0.145
102273.0,0.12
102286.0,0.16
102293.0,0.03
102294.0,0.09
102296.0,0.07
102298.0,0.115
102303.0,0.045
102309.0,0.105
102315.0,0.055
102340.0,0.075
102342.0,0.145
102344.0,0.09
102346.0,0.185
102347.0,0.065
102374.0,0.1
102380.0,0.045
102387.0,0.105
102393.0,0.08
102403.0,0.055
102413.0,0.12
102414.0,0.02
102415.0,0.035
102416.0,0.2
102439.0,0.06
102441.0,0.065
102443.0,0.03
102444.0,0.14
102445.0,0.245
102448.0,0.11
102449.0,0.22
102450.0,0.24
102456.0,0.015
102458.0,0.13
102459.0,0.11
102465.0,0.07
102470.0,0.29
102471.0,0.095
102475.0,0.11
102476.0,0.235
102506.0,0.14
102509.0,0.065
102519.0,0.045
102522.0,0.08
102545.0,0.085
102549.0,0.07
102562.0,0.015
102563.0,0.03
102568.0,0.23
102582.0,0.105
102592.0,0.05
102597.0,0.16
102605.0,0.035
102614.0,0.06
102617.0,0.145
102634.0,0.105
102652.0,0.06
102655.0,0.02
102671.0,0.04
102694.0,0.295
102701.0,0.065
102703.0,0.015
102704.0,0.025
102713.0,0.06
102720.0,0.245
102731.0,0.055
102733.0,0.085
102749.0,0.09
102755.0,0.055
102763.0,0.12
102770.0,0.105
102772.0,0.155
102799.0,0.21
102838.0,0.025
102854.0,0.035
102862.0,0.275
102863.0,0.06
102867.0,0.025
102868.0,0.065
102878.0,0.2
102887.0,0.125
102898.0,0.27
102904.0,0.21
102912.0,0.11
102919.0,0.015
102927.0,0.18
102932.0,0.09
102933.0,0.18
102935.0,0.03
102958.0,0.155
102969.0,0.12
102971.0,0.055
102975.0,0.09
102979.0,0.11
102982.0,0.035
102987.0,0.2
102989.0,0.1
102995.0,0.095
102996.0,0.07
103000.0,0.05
103001.0,0.16
103004.0,0.135
103010.0,0.025
103025.0,0.27
103029.0,0.09
103046.0,0.06
103056.0,0.05
103062.0,0.09
103078.0,0.055
103083.0,0.065
103092.0,0.1
103096.0,0.115
103097.0,0.26
103102.0,0.2
103112.0,0.135
103132.0,0.07
103144.0,0.14
103145.0,0.115
103146.0,0.1
103147.0,0.165
103158.0,0.095
103171.0,0.19
103173.0,0.04
103184.0,0.055
103195.0,0.3
103196.0,0.11
103206.0,0.045
103230.0,0.09
103231.0,0.2
103232.0,0.075
103239.0,0.16
103240.0,0.15
103243.0,0.05
103252.0,0.19
103258.0,0.095
103259.0,0.18
103279.0,0.035
103280.0,0.025
103286.0,0.025
103287.0,0.3
103290.0,0.075
103298.0,0.155
103315.0,0.035
103319.0,0.12
103334.0,0.17
103336.0,0.16
103345.0,0.055
103368.0,0.035
103371.0,0.24
103377.0,0.13
103398.0,0.015
103404.0,0.085
103408.0,0.21
103410.0,0.12
103418.0,0.05
103420.0,0.295
103432.0,0.13
103433.0,0.035
103436.0,0.065
103440.0,0.075
103453.0,0.06
103459.0,0.135
103460.0,0.095
103461.0,0.015
103462.0,0.095
103473.0,0.16
103474.0,0.035
103475.0,0.255
103478.0,0.22
103480.0,0.19
103484.0,0.025
103494.0,0.13
103513.0,0.215
103515.0,0.09
103516.0,0.16
103525.0,0.18
103541.0,0.29
103544.0,0.095
103562.0,0.465
103570.0,0.245
103572.0,0.17
103574.0,0.05
103575.0,0.095
103591.0,0.09
103594.0,0.05
103609.0,0.13
103613.0,0.09
103614.0,0.095
103615.0,0.06
103624.0,0.09
103625.0,0.275
103628.0,0.305
103629.0,0.04
103647.0,0.135
103648.0,0.22
103651.0,0.11
103658.0,0.04
103668.0,0.075
103669.0,0.085
103676.0,0.08
103682.0,0.1
103683.0,0.11
103689.0,0.065
103725.0,0.1
103733.0,0.18
103744.0,0.04
103762.0,0.085
103771.0,0.175
103773.0,0.06
103783.0,0.195
103784.0,0.13
103808.0,0.055
103812.0,0.23
103813.0,0.21
103814.0,0.12
103818.0,0.32
103824.0,0.065
103828.0,0.03
103830.0,0.185
103840.0,0.055
103842.0,0.125
103847.0,0.27
103848.0,0.115
103851.0,0.095
103854.0,0.175
103857.0,0.36
103861.0,0.045
103862.0,0.105
103865.0,0.135
103870.0,0.055
103876.0,0.06
103891.0,0.37
103908.0,0.13
103914.0,0.22
103918.0,0.235
103940.0,0.045
103963.0,0.22
103966.0,0.11
103971.0,0.085
103980.0,0.115
103984.0,0.2
103985.0,0.07
103998.0,0.255
104019.0,0.065
104026.0,0.08
104035.0,0.265
104044.0,0.12
104045.0,0.145
104047.0,0.165
104051.0,0.005
104058.0,0.125
104063.0,0.025
104066.0,0.17
104087.0,0.04
104089.0,0.065
104095.0,0.08
104098.0,0.3
104104.0,0.06
104110.0,0.235
104120.0,0.115
104122.0,0.095
104131.0,0.055
104132.0,0.09
104135.0,0.09
104136.0,0.045
104149.0,0.185
104150.0,0.125
104156.0,0.2
104165.0,0.195
104175.0,0.04
104179.0,0.145
104184.0,0.235
104206.0,0.085
104216.0,0.36
104230.0,0.265
104257.0,0.09
104272.0,0.115
104273.0,0.235
104278.0,0.035
104294.0,0.175
104295.0,0.065
104297.0,0.055
104298.0,0.22
104308.0,0.08
104318.0,0.04
104319.0,0.125
104320.0,0.185
104327.0,0.15
104334.0,0.115
104344.0,0.125
104350.0,0.02
104351.0,0.16
104354.0,0.055
104369.0,0.17
104376.0,0.11
104381.0,0.08
104384.0,0.18
104391.0,0.05
104394.0,0.06
104398.0,0.285
104402.0,0.02
104408.0,0.125
104409.0,0.08
104410.0,0.325
104412.0,0.16
104417.0,0.115
104424.0,0.1
104426.0,0.05
104435.0,0.165
104445.0,0.055
104458.0,0.05
104460.0,0.055
104466.0,0.1
104472.0,0.12
104473.0,0.13
104479.0,0.015
104480.0,0.055
104482.0,0.155
104499.0,0.04
104501.0,0.035
104502.0,0.11
104506.0,0.1
104510.0,0.04
104512.0,0.21
104520.0,0.2
104528.0,0.13
104529.0,0.05
104541.0,0.1
104578.0,0.08
104584.0,0.2
104588.0,0.17
104602.0,0.125
104610.0,0.02
104611.0,0.21
104618.0,0.24
104620.0,0.075
104622.0,0.1
104624.0,0.075
104625.0,0.195
104634.0,0.205
104639.0,0.15
104646.0,0.045
104647.0,0.11
104652.0,0.11
104670.0,0.15
104677.0,0.06
104685.0,0.2
104691.0,0.075
104696.0,0.105
104699.0,0.03
104712.0,0.13
104714.0,0.07
104717.0,0.075
104718.0,0.065
104740.0,0.055
104741.0,0.085
104743.0,0.035
104744.0,0.09
104747.0,0.125
104767.0,0.1
104772.0,0.365
104776.0,0.415
104779.0,0.075
104814.0,0.08
104815.0,0.08
104830.0,0.1
104831.0,0.165
104833.0,0.195
104839.0,0.095
104840.0,0.125
104860.0,0.135
104861.0,0.085
104866.0,0.115
104870.0,0.03
104877.0,0.125
104878.0,0.025
104879.0,0.05
104880.0,0.055
104899.0,0.095
104906.0,0.095
104907.0,0.18
104913.0,0.165
104916.0,0.1
104921.0,0.14
104930.0,0.05
104931.0,0.255
104936.0,0.06
104937.0,0.095
104942.0,0.08
104943.0,0.095
104969.0,0.155
104972.0,0.35
104988.0,0.115
105013.0,0.075
105015.0,0.065
105019.0,0.12
105027.0,0.1
105030.0,0.08
105035.0,0.45
105041.0,0.065
105051.0,0.13
105056.0,0.09
105067.0,0.345
105071.0,0.105
105072.0,0.035
105074.0,0.335
105091.0,0.1
105101.0,0.06
105103.0,0.095
105134.0,0.045
105139.0,0.045
105142.0,0.165
105146.0,0.1
105163.0,0.055
105168.0,0.135
105172.0,0.085
105176.0,0.23
105195.0,0.135
105196.0,0.29
105197.0,0.015
105203.0,0.085
105223.0,0.185
105227.0,0.22
105228.0,0.03
105230.0,0.25
105231.0,0.205
105239.0,0.045
105242.0,0.115
105244.0,0.075
105245.0,0.15
105248.0,0.145
105249.0,0.15
105266.0,0.205
105271.0,0.27
105276.0,0.085
105282.0,0.045
105292.0,0.14
105297.0,0.04
105332.0,0.1
105333.0,0.075
105343.0,0.05
105344.0,0.155
105345.0,0.195
105357.0,0.175
105359.0,0.095
105366.0,0.205
105367.0,0.105
105370.0,0.055
105377.0,0.155
105390.0,0.1
105399.0,0.09
105403.0,0.165
105404.0,0.03
105414.0,0.1
105417.0,0.155
105425.0,0.245
105452.0,0.145
105454.0,0.155
105456.0,0.125
105470.0,0.04
105471.0,0.09
105483.0,0.17
105493.0,0.135
105508.0,0.11
105514.0,0.115
105515.0,0.02
105528.0,0.335
105529.0,0.09
105531.0,0.055
105532.0,0.085
105558.0,0.045
105574.0,0.03
105578.0,0.025
105584.0,0.41
105595.0,0.145
105617.0,0.09
105618.0,0.1
105621.0,0.115
105625.0,0.11
105629.0,0.085
105630.0,0.015
105634.0,0.045
105635.0,0.01
105641.0,0.12
105647.0,0.315
105648.0,0.15
105655.0,0.12
105657.0,0.06
105672.0,0.13
105678.0,0.26
105682.0,0.125
105691.0,0.065
105692.0,0.055
105706.0,0.045
105712.0,0.095
105720.0,0.145
105734.0,0.06
105735.0,0.105
105736.0,0.26
105737.0,0.045
105738.0,0.115
105740.0,0.27
105744.0,0.095
105747.0,0.12
105749.0,0.28
105754.0,0.135
105758.0,0.06
105760.0,0.13
105767.0,0.155
105784.0,0.255
105791.0,0.085
105802.0,0.22
105807.0,0.315
105809.0,0.045
105816.0,0.105
105817.0,0.05
105824.0,0.155
105832.0,0.095
105856.0,0.055
105865.0,0.035
105899.0,0.225
105906.0,0.03
105916.0,0.23
105923.0,0.13
105937.0,0.28
105965.0,0.025
105966.0,0.135
105968.0,0.13
105973.0,0.025
105976.0,0.225
105978.0,0.125
105979.0,0.06
105991.0,0.16
105998.0,0.2
105999.0,0.09
106000.0,0.26
106001.0,0.065
106010.0,0.19
106011.0,0.065
106013.0,0.195
106015.0,0.055
106026.0,0.025
106032.0,0.055
106035.0,0.235
106040.0,0.065
106041.0,0.255
106044.0,0.075
106053.0,0.2
106054.0,0.055
106065.0,0.29
106081.0,0.095
106083.0,0.195
106087.0,0.055
106090.0,0.185
106101.0,0.095
106102.0,0.085
106109.0,0.185
106116.0,0.205
106150.0,0.05
106155.0,0.27
106166.0,0.03
106176.0,0.09
106189.0,0.085
106199.0,0.12
106205.0,0.145
106206.0,0.165
106211.0,0.075
106214.0,0.095
106216.0,0.115
106217.0,0.09
106225.0,0.075
106249.0,0.095
106256.0,0.21
106258.0,0.055
106261.0,0.06
106262.0,0.275
106264.0,0.04
106271.0,0.11
106276.0,0.055
106277.0,0.19
106286.0,0.13
106293.0,0.055
106295.0,0.165
106296.0,0.03
106297.0,0.2
106298.0,0.015
106311.0,0.085
106314.0,0.16
106320.0,0.14
106334.0,0.075
106346.0,0.265
106347.0,0.025
106349.0,0.125
106354.0,0.055
106360.0,0.125
106373.0,0.175
106377.0,0.105
106386.0,0.26
106387.0,0.1
106391.0,0.03
106401.0,0.31
106411.0,0.23
106413.0,0.27
106426.0,0.105
106427.0,0.125
106428.0,0.15
106434.0,0.14
106438.0,0.075
106440.0,0.075
106441.0,0.03
106452.0,0.22
106453.0,0.135
106454.0,0.095
106457.0,0.215
106484.0,0.11
106488.0,0.12
106491.0,0.205
106514.0,0.15
106527.0,0.145
106528.0,0.12
106529.0,0.005
106534.0,0.315
106550.0,0.195
106577.0,0.095
106585.0,0.265
106590.0,0.015
106607.0,0.085
106610.0,0.075
106611.0,0.095
106612.0,0.115
106624.0,0.115
106631.0,0.04
106647.0,0.34
106660.0,0.27
106674.0,0.12
106687.0,0.08
106712.0,0.04
106713.0,0.12
106717.0,0.11
106720.0,0.16
106721.0,0.18
106724.0,0.055
106735.0,0.15
106739.0,0.135
106740.0,0.08
106754.0,0.12
106760.0,0.24
106761.0,0.105
106784.0,0.22
106787.0,0.2
106797.0,0.04
106798.0,0.165
106802.0,0.15
106803.0,0.095
106804.0,0.38
106805.0,0.05
106810.0,0.18
106812.0,0.085
106813.0,0.15
106817.0,0.19
106822.0,0.09
106823.0,0.035
106827.0,0.05
106841.0,0.08
106851.0,0.19
106852.0,0.14
106853.0,0.245
106854.0,0.405
106861.0,0.085
106873.0,0.07
106877.0,0.095
106878.0,0.055
106881.0,0.175
106900.0,0.055
106906.0,0.095
106907.0,0.155
106914.0,0.23
106916.0,0.12
106924.0,0.06
106931.0,0.005
106936.0,0.115
106937.0,0.17
106938.0,0.065
106939.0,0.055
106943.0,0.085
106944.0,0.17
106967.0,0.11
106980.0,0.17
106986.0,0.085
106987.0,0.055
106990.0,0.045
107013.0,0.055
107023.0,0.06
107033.0,0.06
107037.0,0.155
107048.0,0.05
107071.0,0.14
107081.0,0.025
107113.0,0.155
107130.0,0.165
107131.0,0.07
107145.0,0.215
107156.0,0.18
107219.0,0.185
107222.0,0.115
107223.0,0.215
107232.0,0.2
107245.0,0.13
107246.0,0.05
107247.0,0.11
107256.0,0.03
107259.0,0.05
107260.0,0.03
107279.0,0.2
107280.0,0.08
107281.0,0.025
107285.0,0.045
107329.0,0.035
107337.0,0.175
107349.0,0.085
107350.0,0.045
107351.0,0.135
107359.0,0.21
107391.0,0.19
107394.0,0.1
107395.0,0.065
107406.0,0.1
107416.0,0.21
107417.0,0.025
107418.0,0.245
107419.0,0.135
107444.0,0.005
107445.0,0.115
107446.0,0.14
107460.0,0.175
107470.0,0.04
107475.0,0.16
107520.0,0.07
107526.0,0.125
107527.0,0.035
107530.0,0.03
107532.0,0.15
107534.0,0.085
107535.0,0.125
107554.0,0.305
107556.0,0.02
107559.0,0.13
107561.0,0.05
107564.0,0.115
107566.0,0.05
107571.0,0.13
107590.0,0.235
107602.0,0.18
107625.0,0.16
107626.0,0.325
107635.0,0.005
107636.0,0.13
107645.0,0.06
107652.0,0.165
107655.0,0.045
107668.0,0.085
107670.0,0.145
107677.0,0.04
107680.0,0.195
107683.0,0.3
107684.0,0.03
107691.0,0.095
107692.0,0.08
107703.0,0.055
107709.0,0.045
107710.0,0.15
107721.0,0.345
107725.0,0.215
107727.0,0.09
107739.0,0.06
107740.0,0.085
107741.0,0.12
107747.0,0.1
107765.0,0.32
107768.0,0.055
107775.0,0.155
107782.0,0.345
107790.0,0.105
107801.0,0.04
107807.0,0.1
107811.0,0.105
107817.0,0.195
107826.0,0.06
107838.0,0.175
107839.0,0.07
107843.0,0.105
107847.0,0.135
107849.0,0.1
107850.0,0.145
107867.0,0.18
107871.0,0.28
107908.0,0.06
107913.0,0.2
107927.0,0.08
107931.0,0.06
107955.0,0.045
107962.0,0.175
107977.0,0.17
107978.0,0.13
107993.0,0.045
108010.0,0.22
108016.0,0.07
108018.0,0.235
108027.0,0.145
108045.0,0.305
108069.0,0.25
108082.0,0.065
108089.0,0.16
108092.0,0.035
108106.0,0.02
108112.0,0.115
108120.0,0.145
108122.0,0.315
108135.0,0.16
108170.0,0.025
108171.0,0.16
108177.0,0.025
108180.0,0.225
108183.0,0.145
108184.0,0.095
108185.0,0.13
108192.0,0.17
108195.0,0.135
108196.0,0.11
108218.0,0.055
108219.0,0.19
108243.0,0.135
108249.0,0.035
108251.0,0.08
108274.0,0.08
108280.0,0.345
108289.0,0.065
108292.0,0.095
108295.0,0.03
108327.0,0.065
108332.0,0.05
108346.0,0.07
108349.0,0.185
108353.0,0.16
108362.0,0.13
108363.0,0.08
108377.0,0.29
108378.0,0.16
108381.0,0.045
108383.0,0.25
108390.0,0.12
108407.0,0.055
108408.0,0.08
108411.0,0.085
108412.0,0.075
108419.0,0.145
108436.0,0.24
108437.0,0.21
108438.0,0.085
108441.0,0.045
108448.0,0.075
108449.0,0.215
108466.0,0.045
108467.0,0.215
108473.0,0.115
108474.0,0.285
108476.0,0.07
108479.0,0.08
108486.0,0.015
108493.0,0.04
108501.0,0.075
108506.0,0.315
108510.0,0.055
108511.0,0.125
108514.0,0.06
108517.0,0.02
108519.0,0.095
108522.0,0.015
108548.0,0.17
108554.0,0.15
108555.0,0.18
108559.0,0.095
108562.0,0.09
108571.0,0.1
108572.0,0.04
108579.0,0.13
108583.0,0.025
108584.0,0.075
108592.0,0.07
108602.0,0.055
108609.0,0.095
108613.0,0.2
108616.0,0.1
108618.0,0.4
108620.0,0.07
108643.0,0.07
108649.0,0.055
108654.0,0.155
108655.0,0.105
108656.0,0.045
108667.0,0.24
108668.0,0.205
108682.0,0.095
108690.0,0.22
108691.0,0.095
108692.0,0.095
108695.0,0.16
108699.0,0.06
108710.0,0.18
108718.0,0.335
108739.0,0.16
108740.0,0.075
108741.0,0.025
108742.0,0.195
108763.0,0.07
108767.0,0.165
108769.0,0.195
108779.0,0.285
108788.0,0.065
108801.0,0.06
108802.0,0.115
108810.0,0.1
108811.0,0.04
108813.0,0.04
108814.0,0.145
108825.0,0.15
108826.0,0.125
108830.0,0.27
108834.0,0.075
108852.0,0.09
108887.0,0.125
108901.0,0.105
108908.0,0.095
108910.0,0.115
108920.0,0.08
108922.0,0.07
108929.0,0.225
108930.0,0.105
108937.0,0.135
108938.0,0.045
108943.0,0.22
108948.0,0.055
108953.0,0.12
108956.0,0.165
108965.0,0.07
108985.0,0.355
108986.0,0.26
108987.0,0.065
108990.0,0.04
108991.0,0.17
108993.0,0.215
109000.0,0.185
109001.0,0.185
109012.0,0.255
109014.0,0.13
109015.0,0.155
109021.0,0.06
109037.0,0.135
109042.0,0.205
109044.0,0.14
109046.0,0.26
109064.0,0.045
109084.0,0.18
109086.0,0.11
109092.0,0.045
109093.0,0.175
109100.0,0.09
109101.0,0.045
109110.0,0.12
109114.0,0.19
109126.0,0.17
109152.0,0.06
109162.0,0.1
109167.0,0.1
109168.0,0.22
109169.0,0.07
109179.0,0.18
109184.0,0.135
109191.0,0.145
109192.0,0.06
109193.0,0.045
109196.0,0.125
109206.0,0.115
109210.0,0.055
109244.0,0.185
109249.0,0.095
109273.0,0.04
109276.0,0.27
109281.0,0.065
109287.0,0.115
109297.0,0.195
109298.0,0.055
109306.0,0.115
109309.0,0.13
109321.0,0.315
109328.0,0.28
109336.0,0.055
109342.0,0.06
109346.0,0.035
109347.0,0.14
109348.0,0.19
109362.0,0.305
109363.0,0.04
109367.0,0.095
109370.0,0.05
109393.0,0.125
109405.0,0.04
109413.0,0.155
109414.0,0.36
109421.0,0.04
109427.0,0.22
109428.0,0.045
109429.0,0.175
109437.0,0.04
109443.0,0.055
109461.0,0.125
109468.0,0.085
109469.0,0.06
109471.0,0.1
109479.0,0.055
109484.0,0.04
109501.0,0.15
109505.0,0.185
109535.0,0.07
109539.0,0.04
109544.0,0.23
109545.0,0.04
109551.0,0.135
109553.0,0.09
109555.0,0.075
109561.0,0.13
109580.0,0.03
109583.0,0.345
109593.0,0.21
109604.0,0.105
109620.0,0.115
109635.0,0.095
109637.0,0.35
109638.0,0.11
109642.0,0.055
109649.0,0.065
109652.0,0.19
109656.0,0.03
109663.0,0.095
109696.0,0.23
109700.0,0.255
109709.0,0.21
109735.0,0.08
109740.0,0.075
109741.0,0.21
109749.0,0.16
109764.0,0.07
109771.0,0.12
109772.0,0.07
109773.0,0.14
109798.0,0.115
109802.0,0.295
109804.0,0.05
109813.0,0.115
109818.0,0.105
109848.0,0.135
109850.0,0.04
109851.0,0.05
109855.0,0.02
109871.0,0.285
109877.0,0.11
109883.0,0.02
109886.0,0.01
109905.0,0.155
109936.0,0.33
109950.0,0.145
109958.0,0.11
109959.0,0.195
109969.0,0.065
109971.0,0.045
109984.0,0.075
109985.0,0.32
109988.0,0.135
109992.0,0.155
110005.0,0.17
110009.0,0.1
110011.0,0.265
110014.0,0.11
110026.0,0.075
110042.0,0.085
110058.0,0.035
110069.0,0.115
110080.0,0.04
110087.0,0.095
110091.0,0.05
110094.0,0.155
110098.0,0.21
110105.0,0.175
110117.0,0.1
110136.0,0.285
110138.0,0.21
110149.0,0.095
110164.0,0.135
110202.0,0.21
110212.0,0.075
110226.0,0.01
110236.0,0.025
110249.0,0.02
110257.0,0.09
110258.0,0.025
110277.0,0.07
110282.0,0.07
110284.0,0.03
110286.0,0.12
110289.0,0.05
110304.0,0.045
110319.0,0.09
110324.0,0.095
110326.0,0.035
110335.0,0.095
110337.0,0.28
110338.0,0.11
110343.0,0.075
110345.0,0.09
110347.0,0.275
110355.0,0.08
110359.0,0.06
110360.0,0.225
110364.0,0.165
110371.0,0.08
110372.0,0.05
110376.0,0.17
110379.0,0.185
110380.0,0.105
110393.0,0.175
110401.0,0.205
110406.0,0.095
110411.0,0.06
110416.0,0.095
110420.0,0.015
110443.0,0.035
110465.0,0.07
110468.0,0.19
110469.0,0.16
110471.0,0.365
110487.0,0.24
110491.0,0.17
110504.0,0.075
110547.0,0.105
110550.0,0.06
110559.0,0.205
110578.0,0.17
110582.0,0.135
110590.0,0.05
110598.0,0.135
110601.0,0.315
110602.0,0.065
110604.0,0.165
110625.0,0.18
110626.0,0.195
110636.0,0.24
110637.0,0.1
110638.0,0.195
110646.0,0.06
110648.0,0.07
110652.0,0.055
110681.0,0.095
110682.0,0.13
110687.0,0.305
110691.0,0.045
110694.0,0.045
110695.0,0.075
110696.0,0.145
110708.0,0.055
110710.0,0.035
110717.0,0.11
110730.0,0.115
110740.0,0.055
110742.0,0.035
110747.0,0.115
110761.0,0.09
110766.0,0.005
110769.0,0.065
110774.0,0.08
110803.0,0.045
110805.0,0.07
110809.0,0.295
110827.0,0.1
110832.0,0.1
110839.0,0.17
110859.0,0.21
110861.0,0.05
110863.0,0.16
110865.0,0.225
110881.0,0.235
110889.0,0.05
110891.0,0.08
110894.0,0.085
110895.0,0.08
110907.0,0.31
110914.0,0.12
110933.0,0.015
110934.0,0.015
110937.0,0.12
110953.0,0.06
110954.0,0.16
110958.0,0.24
110970.0,0.2
110974.0,0.175
110977.0,0.145
110989.0,0.02
110993.0,0.29
110994.0,0.26
111018.0,0.055
111019.0,0.085
111030.0,0.135
111032.0,0.045
111041.0,0.09
111045.0,0.09
111048.0,0.09
111052.0,0.085
111070.0,0.355
111084.0,0.235
111091.0,0.055
111104.0,0.065
111108.0,0.1
111112.0,0.09
111127.0,0.04
111142.0,0.165
111146.0,0.165
111165.0,0.055
111168.0,0.045
111169.0,0.28
111172.0,0.1
111173.0,0.045
111174.0,0.16
111175.0,0.195
111176.0,0.075
111177.0,0.085
111180.0,0.085
111182.0,0.04
111192.0,0.06
111194.0,0.21
111196.0,0.2
111197.0,0.07
111198.0,0.035
111205.0,0.045
111207.0,0.085
111222.0,0.06
111228.0,0.135
111233.0,0.035
111256.0,0.035
111258.0,0.035
111262.0,0.06
111263.0,0.16
111267.0,0.055
111269.0,0.15
111276.0,0.045
111277.0,0.21
111279.0,0.08
111290.0,0.05
111294.0,0.055
111295.0,0.17
111315.0,0.325
111318.0,0.145
111327.0,0.06
111328.0,0.11
111332.0,0.11
111338.0,0.015
111343.0,0.275
111344.0,0.035
111345.0,0.34
111347.0,0.075
111356.0,0.05
111359.0,0.15
111367.0,0.03
111368.0,0.045
111391.0,0.225
111408.0,0.035
111412.0,0.135
111419.0,0.17
111422.0,0.055
111423.0,0.345
111439.0,0.05
111452.0,0.345
111456.0,0.13
111467.0,0.04
111478.0,0.155
111482.0,0.11
111488.0,0.175
111503.0,0.205
111510.0,0.025
111512.0,0.075
111518.0,0.27
111532.0,0.09
111537.0,0.035
111541.0,0.14
111544.0,0.105
111550.0,0.055
111554.0,0.3
111560.0,0.195
111566.0,0.085
111567.0,0.225
111592.0,0.105
111618.0,0.115
111620.0,0.09
111627.0,0.015
111641.0,0.185
111646.0,0.37
111652.0,0.13
111657.0,0.105
111664.0,0.115
111665.0,0.15
111669.0,0.06
111673.0,0.07
111687.0,0.025
111688.0,0.05
111689.0,0.045
111694.0,0.055
111695.0,0.12
111698.0,0.09
111703.0,0.03
111709.0,0.025
111712.0,0.05
111715.0,0.09
111724.0,0.075
111730.0,0.03
111747.0,0.11
111760.0,0.08
111761.0,0.005
111763.0,0.16
111776.0,0.035
111777.0,0.02
111781.0,0.06
111793.0,0.065
111804.0,0.2
111810.0,0.35
111816.0,0.065
111818.0,0.09
111830.0,0.05
111832.0,0.065
111841.0,0.015
111842.0,0.07
111843.0,0.15
111846.0,0.15
111848.0,0.295
111856.0,0.055
111857.0,0.03
111877.0,0.065
111882.0,0.055
111883.0,0.165
111891.0,0.03
111893.0,0.055
111901.0,0.08
111912.0,0.13
111913.0,0.07
111955.0,0.055
111958.0,0.09
111960.0,0.31
111967.0,0.11
112000.0,0.14
112003.0,0.165
112015.0,0.31
112019.0,0.31
112020.0,0.05
112028.0,0.07
112029.0,0.165
112031.0,0.135
112039.0,0.075
112042.0,0.105
112049.0,0.045
112052.0,0.175
112054.0,0.025
112055.0,0.075
112063.0,0.14
112070.0,0.085
112071.0,0.12
112080.0,0.06
112083.0,0.1
112085.0,0.12
112089.0,0.065
112098.0,0.225
112100.0,0.065
112105.0,0.115
112124.0,0.05
112126.0,0.08
112127.0,0.1
112128.0,0.135
112148.0,0.13
112149.0,0.08
112165.0,0.165
112170.0,0.095
112171.0,0.115
112176.0,0.18
112186.0,0.05
112199.0,0.19
112203.0,0.095
112214.0,0.175
112215.0,0.075
112216.0,0.12
112224.0,0.07
112225.0,0.045
112231.0,0.29
112234.0,0.16
112235.0,0.05
112236.0,0.16
112254.0,0.265
112265.0,0.215
112271.0,0.095
112284.0,0.035
112287.0,0.19
112295.0,0.195
112303.0,0.22
112307.0,0.13
112310.0,0.07
112312.0,0.195
112313.0,0.04
112326.0,0.2
112333.0,0.1
112334.0,0.18
112339.0,0.055
112347.0,0.15
112350.0,0.12
112356.0,0.21
112357.0,0.155
112359.0,0.15
112360.0,0.145
112371.0,0.205
112385.0,0.075
112392.0,0.06
112401.0,0.35
112405.0,0.25
112414.0,0.275
112429.0,0.135
112448.0,0.05
112467.0,0.165
112468.0,0.27
112469.0,0.1
112491.0,0.175
112500.0,0.11
112510.0,0.295
112535.0,0.17
112537.0,0.095
112551.0,0.15
112552.0,0.11
112556.0,0.14
112577.0,0.09
112590.0,0.12
112593.0,0.095
112596.0,0.32
112601.0,0.02
112604.0,0.165
112622.0,0.065
112655.0,0.035
112663.0,0.03
112667.0,0.025
112670.0,0.035
112676.0,0.13
112677.0,0.08
112679.0,0.03
112683.0,0.105
112688.0,0.095
112692.0,0.125
112696.0,0.13
112702.0,0.155
112709.0,0.06
112720.0,0.085
112735.0,0.085
112738.0,0.19
112742.0,0.025
112748.0,0.045
112749.0,0.025
112766.0,0.08
112767.0,0.065
112769.0,0.13
112771.0,0.165
112775.0,0.08
112794.0,0.17
112795.0,0.03
112796.0,0.055
112815.0,0.07
112817.0,0.125
112821.0,0.15
112822.0,0.115
112829.0,0.15
112831.0,0.265
112835.0,0.09
112838.0,0.125
112842.0,0.08
112844.0,0.295
112845.0,0.05
112846.0,0.04
112847.0,0.025
112867.0,0.17
112868.0,0.11
112874.0,0.075
112879.0,0.02
112882.0,0.295
112886.0,0.065
112895.0,0.13
112896.0,0.13
112902.0,0.06
112904.0,0.105
112917.0,0.4
112932.0,0.195
112944.0,0.07
112946.0,0.115
112947.0,0.135
112948.0,0.14
112966.0,0.225
112967.0,0.03
112971.0,0.165
112973.0,0.155
112974.0,0.105
112978.0,0.195
112988.0,0.025
112992.0,0.305
113003.0,0.07
113004.0,0.085
113007.0,0.295
113020.0,0.22
113025.0,0.27
113032.0,0.035
113042.0,0.18
113047.0,0.1
113066.0,0.105
113067.0,0.255
113071.0,0.09
113087.0,0.195
113108.0,0.015
113109.0,0.04
113123.0,0.1
113128.0,0.28
113134.0,0.125
113151.0,0.09
113175.0,0.19
113181.0,0.035
113188.0,0.175
113191.0,0.04
113193.0,0.19
113201.0,0.19
113209.0,0.06
113222.0,0.15
113248.0,0.025
113272.0,0.255
113276.0,0.04
113287.0,0.05
113302.0,0.05
113308.0,0.125
113316.0,0.22
113318.0,0.12
113320.0,0.04
113322.0,0.435
113325.0,0.16
113326.0,0.14
113332.0,0.025
113346.0,0.285
113352.0,0.035
113361.0,0.055
113362.0,0.045
113365.0,0.15
113366.0,0.055
113368.0,0.045
113382.0,0.05
113385.0,0.09
113390.0,0.215
113391.0,0.14
113393.0,0.17
113396.0,0.155
113397.0,0.08
113402.0,0.105
113403.0,0.095
113405.0,0.115
113406.0,0.15
113410.0,0.27
113413.0,0.125
113418.0,0.07
113419.0,0.115
113435.0,0.175
113438.0,0.19
113447.0,0.05
113458.0,0.13
113466.0,0.09
113475.0,0.12
113482.0,0.135
113490.0,0.065
113505.0,0.115
113508.0,0.085
113520.0,0.08
113532.0,0.12
113535.0,0.05
113549.0,0.15
113557.0,0.22
113558.0,0.08
113561.0,0.09
113566.0,0.02
113569.0,0.135
113574.0,0.04
113576.0,0.175
113577.0,0.075
113585.0,0.085
113587.0,0.305
113599.0,0.2
113601.0,0.125
113602.0,0.085
113605.0,0.045
113609.0,0.195
113611.0,0.135
113616.0,0.1
113627.0,0.51
113631.0,0.345
113643.0,0.145
113652.0,0.14
113657.0,0.07
113659.0,0.015
113672.0,0.11
113680.0,0.07
113692.0,0.18
113694.0,0.08
113695.0,0.28
113701.0,0.095
113733.0,0.09
113738.0,0.15
113740.0,0.105
113742.0,0.045
113777.0,0.055
113783.0,0.145
113788.0,0.105
113789.0,0.175
113791.0,0.27
113795.0,0.115
113799.0,0.145
113805.0,0.03
113820.0,0.14
113822.0,0.03
113824.0,0.075
113829.0,0.155
113832.0,0.04
113833.0,0.13
113841.0,0.03
113849.0,0.185
113862.0,0.185
113863.0,0.15
113864.0,0.11
113870.0,0.02
113875.0,0.135
113882.0,0.025
113887.0,0.16
113894.0,0.075
113909.0,0.06
113930.0,0.15
113936.0,0.125
113939.0,0.09
113942.0,0.07
113943.0,0.37
113945.0,0.135
113947.0,0.05
113950.0,0.085
113951.0,0.23
113957.0,0.145
113966.0,0.235
113967.0,0.115
113977.0,0.115
113984.0,0.165
113986.0,0.085
113992.0,0.08
113998.0,0.045
113999.0,0.205
114003.0,0.1
114010.0,0.07
114011.0,0.275
114032.0,0.08
114047.0,0.17
114055.0,0.065
114056.0,0.2
114064.0,0.215
114065.0,0.06
114067.0,0.11
114068.0,0.025
114075.0,0.045
114076.0,0.085
114077.0,0.06
114094.0,0.055
114095.0,0.02
114109.0,0.15
114114.0,0.12
114116.0,0.045
114127.0,0.105
114158.0,0.15
114168.0,0.31
114169.0,0.13
114171.0,0.18
114180.0,0.335
114193.0,0.025
114198.0,0.09
114201.0,0.07
114202.0,0.26
114207.0,0.11
114210.0,0.19
114221.0,0.08
114222.0,0.14
114227.0,0.14
114250.0,0.065
114253.0,0.14
114265.0,0.15
114267.0,0.195
114273.0,0.275
114280.0,0.38
114281.0,0.135
114283.0,0.4
114291.0,0.3
114310.0,0.2
114316.0,0.025
114326.0,0.01
114327.0,0.06
114339.0,0.135
114352.0,0.055
114359.0,0.275
114360.0,0.075
114382.0,0.18
114396.0,0.135
114397.0,0.1
114415.0,0.185
114425.0,0.075
114434.0,0.12
114456.0,0.245
114463.0,0.03
114469.0,0.03
114476.0,0.045
114480.0,0.055
114482.0,0.22
114492.0,0.02
114493.0,0.13
114501.0,0.14
114506.0,0.135
114510.0,0.11
114515.0,0.175
114524.0,0.17
114545.0,0.18
114546.0,0.065
114560.0,0.085
114562.0,0.175
114563.0,0.055
114566.0,0.27
114599.0,0.065
114601.0,0.005
114607.0,0.145
114612.0,0.085
114622.0,0.13
114625.0,0.38
114634.0,0.105
114635.0,0.065
114641.0,0.06
114644.0,0.16
114645.0,0.08
114651.0,0.055
114653.0,0.03
114654.0,0.12
114667.0,0.06
114668.0,0.2
114670.0,0.03
114686.0,0.24
114688.0,0.19
114690.0,0.165
114691.0,0.07
114700.0,0.065
114706.0,0.02
114740.0,0.17
114741.0,0.15
114755.0,0.05
114757.0,0.055
114767.0,0.1
114772.0,0.385
114780.0,0.19
114782.0,0.055
114791.0,0.04
114815.0,0.185
114823.0,0.095
114835.0,0.05
114838.0,0.045
114840.0,0.07
114842.0,0.255
114844.0,0.255
114850.0,0.24
114853.0,0.015
114856.0,0.29
114857.0,0.07
114858.0,0.18
114864.0,0.1
114871.0,0.08
114875.0,0.055
114879.0,0.08
114893.0,0.12
114912.0,0.23
114922.0,0.1
114930.0,0.04
114945.0,0.055
114951.0,0.04
114958.0,0.045
114962.0,0.145
114976.0,0.08
114978.0,0.13
114987.0,0.105
115002.0,0.055
115005.0,0.03
115023.0,0.11
115030.0,0.025
115033.0,0.37
115034.0,0.05
115038.0,0.015
115046.0,0.105
115049.0,0.225
115055.0,0.09
115059.0,0.115
115076.0,0.095
115078.0,0.09
115081.0,0.09
115085.0,0.05
115096.0,0.13
115101.0,0.11
115114.0,0.11
115119.0,0.08
115121.0,0.105
115122.0,0.085
115144.0,0.145
115147.0,0.17
115151.0,0.045
115172.0,0.07
115175.0,0.11
115183.0,0.06
115185.0,0.235
115197.0,0.055
115200.0,0.03
115207.0,0.135
115217.0,0.045
115230.0,0.13
115237.0,0.045
115246.0,0.025
115251.0,0.05
115269.0,0.335
115290.0,0.125
115299.0,0.065
115309.0,0.17
115310.0,0.115
115311.0,0.025
115312.0,0.055
115323.0,0.065
115324.0,0.09
115341.0,0.205
115342.0,0.145
115343.0,0.055
115350.0,0.205
115354.0,0.095
115360.0,0.075
115368.0,0.08
115373.0,0.125
115396.0,0.33
115400.0,0.22
115401.0,0.21
115404.0,0.055
115405.0,0.12
115406.0,0.085
115407.0,0.125
115412.0,0.105
115413.0,0.095
115415.0,0.04
115423.0,0.05
115427.0,0.135
115428.0,0.03
115439.0,0.095
115440.0,0.205
115447.0,0.12
115450.0,0.095
115457.0,0.025
115459.0,0.175
115463.0,0.075
115473.0,0.185
115477.0,0.045
115479.0,0.09
115480.0,0.07
115481.0,0.04
115485.0,0.155
115489.0,0.045
115495.0,0.035
115500.0,0.105
115521.0,0.135
115572.0,0.045
115580.0,0.02
115582.0,0.035
115586.0,0.08
115587.0,0.21
115588.0,0.21
115591.0,0.2
115592.0,0.05
115618.0,0.06
115619.0,0.155
115621.0,0.365
115632.0,0.19
115646.0,0.13
115658.0,0.135
115671.0,0.115
115680.0,0.1
115686.0,0.175
115688.0,0.035
115705.0,0.155
115707.0,0.025
115708.0,0.15
115726.0,0.245
115759.0,0.2
115773.0,0.02
115777.0,0.015
115778.0,0.28
115781.0,0.09
115801.0,0.25
115804.0,0.145
115810.0,0.1
115812.0,0.185
115820.0,0.145
115827.0,0.08
115831.0,0.22
115841.0,0.195
115846.0,0.255
115852.0,0.055
115857.0,0.03
115858.0,0.11
115860.0,0.08
115865.0,0.035
115867.0,0.26
115869.0,0.095
115877.0,0.125
115904.0,0.22
115913.0,0.05
115916.0,0.04
115928.0,0.155
115932.0,0.07
115933.0,0.05
115937.0,0.385
115938.0,0.055
115957.0,0.21
115958.0,0.03
115969.0,0.055
115980.0,0.155
115984.0,0.03
116006.0,0.105
116007.0,0.145
116008.0,0.125
116009.0,0.255
116011.0,0.065
116012.0,0.225
116015.0,0.35
116025.0,0.19
116047.0,0.04
116052.0,0.105
116068.0,0.04
116077.0,0.035
116084.0,0.06
116089.0,0.05
116093.0,0.045
116097.0,0.06
116102.0,0.165
116118.0,0.07
116119.0,0.04
116125.0,0.16
116128.0,0.07
116135.0,0.025
116140.0,0.205
116141.0,0.08
116142.0,0.05
116153.0,0.095
116156.0,0.02
116157.0,0.045
116167.0,0.075
116168.0,0.225
116175.0,0.025
116187.0,0.055
116189.0,0.185
116191.0,0.085
116201.0,0.18
116210.0,0.175
116213.0,0.095
116215.0,0.215
116223.0,0.145
116226.0,0.02
116228.0,0.05
116241.0,0.045
116247.0,0.06
116266.0,0.07
116276.0,0.34
116287.0,0.035
116289.0,0.115
116292.0,0.2
116306.0,0.08
116309.0,0.11
116312.0,0.035
116313.0,0.13
116335.0,0.075
116342.0,0.16
116348.0,0.065
116367.0,0.075
116380.0,0.19
116383.0,0.34
116389.0,0.125
116395.0,0.2
116397.0,0.085
116398.0,0.26
116402.0,0.135
116404.0,0.11
116406.0,0.0
116424.0,0.13
116428.0,0.035
116436.0,0.035
116440.0,0.055
116448.0,0.085
116458.0,0.06
116466.0,0.12
116469.0,0.04
116473.0,0.11
116474.0,0.09
116479.0,0.165
116480.0,0.065
116491.0,0.06
116493.0,0.055
116505.0,0.215
116511.0,0.065
116525.0,0.16
116535.0,0.1
116544.0,0.045
116546.0,0.05
116562.0,0.075
116565.0,0.07
116578.0,0.07
116579.0,0.11
116580.0,0.24
116582.0,0.04
116584.0,0.005
116586.0,0.1
116596.0,0.05
116597.0,0.26
116598.0,0.06
116604.0,0.375
116608.0,0.025
116609.0,0.065
116613.0,0.15
116614.0,0.105
116615.0,0.165
116633.0,0.115
116637.0,0.125
116643.0,0.025
116647.0,0.14
116656.0,0.19
116659.0,0.125
116662.0,0.115
116676.0,0.08
116680.0,0.105
116681.0,0.125
116683.0,0.24
116684.0,0.07
116712.0,0.04
116720.0,0.205
116726.0,0.205
116729.0,0.05
116737.0,0.195
116745.0,0.13
116747.0,0.085
116766.0,0.055
116781.0,0.07
116783.0,0.075
116787.0,0.055
116788.0,0.305
116789.0,0.045
116801.0,0.03
116803.0,0.06
116804.0,0.235
116806.0,0.12
116815.0,0.145
116817.0,0.12
116825.0,0.08
116828.0,0.04
116829.0,0.045
116853.0,0.175
116854.0,0.135
116859.0,0.13
116860.0,0.19
116865.0,0.055
116872.0,0.29
116880.0,0.225
116882.0,0.105
116893.0,0.255
116896.0,0.07
116906.0,0.015
116908.0,0.085
116925.0,0.01
116926.0,0.275
116948.0,0.07
116949.0,0.15
116955.0,0.14
116964.0,0.055
116974.0,0.1
116976.0,0.25
116990.0,0.04
116993.0,0.055
116994.0,0.165
116997.0,0.3
117003.0,0.045
117007.0,0.125
117011.0,0.065
117012.0,0.155
117019.0,0.04
117021.0,0.005
117030.0,0.07
117036.0,0.08
117043.0,0.14
117054.0,0.02
117070.0,0.18
117077.0,0.25
117087.0,0.045
117093.0,0.095
117105.0,0.06
117112.0,0.07
117129.0,0.23
117135.0,0.19
117138.0,0.1
117142.0,0.115
117148.0,0.195
117157.0,0.105
117170.0,0.025
117171.0,0.095
117172.0,0.13
117178.0,0.15
117186.0,0.075
117187.0,0.18
117193.0,0.32
117194.0,0.23
117199.0,0.045
117207.0,0.04
117211.0,0.05
117216.0,0.135
117217.0,0.07
117218.0,0.065
117219.0,0.125
117224.0,0.125
117225.0,0.035
117239.0,0.18
117242.0,0.125
117249.0,0.205
117255.0,0.225
117257.0,0.13
117272.0,0.065
117284.0,0.2
117287.0,0.105
117293.0,0.095
117298.0,0.26
117299.0,0.085
117307.0,0.045
117321.0,0.145
117323.0,0.09
117326.0,0.125
117327.0,0.25
117341.0,0.025
117350.0,0.11
117362.0,0.225
117375.0,0.055
117391.0,0.185
117392.0,0.13
117396.0,0.195
117399.0,0.105
117400.0,0.315
117402.0,0.12
117406.0,0.26
117417.0,0.49
117418.0,0.13
117425.0,0.16
117428.0,0.09
117443.0,0.035
117448.0,0.075
117449.0,0.01
117450.0,0.29
117463.0,0.095
117467.0,0.07
117478.0,0.115
117480.0,0.275
117483.0,0.315
117484.0,0.17
117495.0,0.135
117498.0,0.065
117501.0,0.125
117503.0,0.15
117520.0,0.39
117524.0,0.17
117525.0,0.255
117526.0,0.17
117527.0,0.145
117531.0,0.09
117545.0,0.095
117547.0,0.315
117557.0,0.125
117563.0,0.09
117564.0,0.14
117598.0,0.17
117599.0,0.09
117610.0,0.06
117614.0,0.075
117616.0,0.235
117623.0,0.07
117625.0,0.405
117633.0,0.075
117634.0,0.195
117639.0,0.195
117652.0,0.035
117653.0,0.235
117660.0,0.105
117661.0,0.04
117662.0,0.095
117676.0,0.085
117677.0,0.235
117681.0,0.02
117684.0,0.1
117707.0,0.08
117736.0,0.32
117737.0,0.135
117741.0,0.135
117746.0,0.19
117753.0,0.17
117755.0,0.05
117775.0,0.105
117784.0,0.19
117786.0,0.135
117791.0,0.06
117801.0,0.19
117805.0,0.04
117816.0,0.015
117824.0,0.12
117835.0,0.1
117837.0,0.06
117847.0,0.135
117853.0,0.1
117854.0,0.155
117886.0,0.11
117900.0,0.035
117920.0,0.355
117924.0,0.08
117925.0,0.125
117934.0,0.105
117957.0,0.245
117959.0,0.185
117967.0,0.245
117969.0,0.25
117981.0,0.07
117982.0,0.045
117996.0,0.22
118000.0,0.155
118018.0,0.135
118025.0,0.13
118026.0,0.325
118044.0,0.115
118045.0,0.37
118048.0,0.125
118055.0,0.12
118058.0,0.065
118060.0,0.235
118066.0,0.01
118071.0,0.115
118072.0,0.075
118082.0,0.035
118089.0,0.15
118106.0,0.065
118115.0,0.14
118127.0,0.235
118144.0,0.315
118150.0,0.055
118151.0,0.07
118157.0,0.235
118162.0,0.015
118163.0,0.06
118166.0,0.045
118181.0,0.06
118191.0,0.07
118202.0,0.29
118205.0,0.105
118214.0,0.075
118251.0,0.195
118264.0,0.26
118271.0,0.3
118272.0,0.07
118276.0,0.2
118287.0,0.165
118291.0,0.055
118292.0,0.12
118294.0,0.065
118305.0,0.135
118312.0,0.145
118319.0,0.09
118321.0,0.05
118326.0,0.16
118342.0,0.195
118343.0,0.06
118353.0,0.075
118354.0,0.04
118358.0,0.085
118359.0,0.185
118365.0,0.09
118367.0,0.09
118368.0,0.125
118371.0,0.095
118378.0,0.19
118379.0,0.115
118383.0,0.045
118386.0,0.13
118387.0,0.055
118400.0,0.265
118403.0,0.125
118428.0,0.145
118440.0,0.12
118459.0,0.07
118490.0,0.105
118491.0,0.125
118492.0,0.13
118498.0,0.145
118499.0,0.095
118509.0,0.115
118518.0,0.075
118531.0,0.275
118532.0,0.07
118546.0,0.01
118548.0,0.05
118558.0,0.175
118560.0,0.16
118561.0,0.08
118562.0,0.2
118564.0,0.065
118569.0,0.195
118578.0,0.065
118585.0,0.095
118591.0,0.05
118592.0,0.17
118594.0,0.13
118611.0,0.045
118614.0,0.045
118622.0,0.11
118641.0,0.13
118642.0,0.07
118650.0,0.03
118666.0,0.065
118696.0,0.15
118697.0,0.07
118710.0,0.055
118717.0,0.095
118720.0,0.05
118735.0,0.055
118747.0,0.085
118750.0,0.09
118789.0,0.11
118791.0,0.16
118803.0,0.195
118804.0,0.145
118806.0,0.25
118809.0,0.04
118823.0,0.135
118842.0,0.105
118871.0,0.415
118874.0,0.145
118876.0,0.075
118886.0,0.35
118888.0,0.125
118889.0,0.055
118894.0,0.13
118898.0,0.065
118905.0,0.23
118911.0,0.04
118915.0,0.1
118916.0,0.205
118925.0,0.035
118926.0,0.145
118929.0,0.1
118935.0,0.05
118947.0,0.15
118951.0,0.035
118953.0,0.125
118960.0,0.105
118973.0,0.135
119001.0,0.115
119003.0,0.12
119009.0,0.115
119011.0,0.02
119012.0,0.15
119014.0,0.105
119025.0,0.055
119047.0,0.105
119049.0,0.04
119057.0,0.1
119062.0,0.07
119064.0,0.04
119069.0,0.08
119079.0,0.065
119088.0,0.015
119091.0,0.325
119095.0,0.11
119104.0,0.11
119108.0,0.375
119109.0,0.105
119115.0,0.095
119125.0,0.025
119146.0,0.1
119148.0,0.065
119160.0,0.235
119164.0,0.325
119169.0,0.16
119179.0,0.115
119187.0,0.125
119191.0,0.105
119205.0,0.01
119207.0,0.195
119208.0,0.045
119217.0,0.115
119230.0,0.02
119232.0,0.175
119236.0,0.24
119238.0,0.09
119240.0,0.125
119250.0,0.15
119251.0,0.26
119252.0,0.14
119266.0,0.03
119267.0,0.035
119270.0,0.17
119272.0,0.295
119276.0,0.15
119281.0,0.01
119295.0,0.08
119313.0,0.175
119318.0,0.08
119321.0,0.165
119340.0,0.11
119341.0,0.03
119344.0,0.115
119348.0,0.17
119353.0,0.115
119361.0,0.31
119362.0,0.515
119376.0,0.265
119383.0,0.15
119391.0,0.225
119394.0,0.165
119395.0,0.16
119415.0,0.03
119430.0,0.165
119441.0,0.02
119454.0,0.115
119468.0,0.16
119474.0,0.385
119492.0,0.085
119496.0,0.35
119500.0,0.17
119501.0,0.24
119510.0,0.095
119518.0,0.045
119524.0,0.355
119533.0,0.11
119540.0,0.205
119553.0,0.065
119573.0,0.07
119593.0,0.075
119594.0,0.02
119595.0,0.24
119596.0,0.1
119607.0,0.31
119609.0,0.13
119616.0,0.075
119618.0,0.105
119619.0,0.305
119628.0,0.04
119630.0,0.04
119632.0,0.1
119648.0,0.315
119671.0,0.095
119675.0,0.135
119683.0,0.105
119689.0,0.075
119697.0,0.055
119698.0,0.3
119702.0,0.33
119709.0,0.1
119715.0,0.025
119718.0,0.075
119719.0,0.16
119731.0,0.195
119736.0,0.175
119745.0,0.24
119749.0,0.06
119751.0,0.135
119757.0,0.275
119761.0,0.12
119762.0,0.095
119771.0,0.09
119778.0,0.085
119784.0,0.05
119788.0,0.04
119802.0,0.025
119803.0,0.165
119806.0,0.17
119810.0,0.03
119811.0,0.16
119813.0,0.22
119820.0,0.12
119821.0,0.415
119842.0,0.11
119843.0,0.06
119844.0,0.05
119861.0,0.035
119866.0,0.035
119868.0,0.11
119875.0,0.08
119896.0,0.35
119898.0,0.08
119921.0,0.2
119922.0,0.13
119929.0,0.07
119934.0,0.1
119938.0,0.09
119947.0,0.085
119948.0,0.47
119967.0,0.235
119977.0,0.06
119980.0,0.09
119984.0,0.155
119989.0,0.1
119990.0,0.13
119994.0,0.14
119999.0,0.145
120004.0,0.11
120020.0,0.125
120030.0,0.04
120036.0,0.1
120050.0,0.215
120051.0,0.285
120053.0,0.135
120075.0,0.15
120076.0,0.05
120088.0,0.115
120099.0,0.075
120101.0,0.065
120102.0,0.015
120108.0,0.015
120145.0,0.165
120146.0,0.11
120154.0,0.155
120156.0,0.1
120165.0,0.195
120166.0,0.06
120176.0,0.065
120179.0,0.22
120182.0,0.1
120198.0,0.045
120205.0,0.345
120208.0,0.06
120214.0,0.01
120220.0,0.175
120227.0,0.1
120233.0,0.295
120240.0,0.08
120243.0,0.02
120266.0,0.12
120268.0,0.2
120280.0,0.09
120281.0,0.155
120284.0,0.085
120298.0,0.035
120304.0,0.13
120306.0,0.08
120320.0,0.285
120325.0,0.07
120326.0,0.035
120335.0,0.235
120341.0,0.03
120343.0,0.095
120388.0,0.09
120390.0,0.04
120404.0,0.025
120405.0,0.135
120408.0,0.235
120415.0,0.155
120421.0,0.415
120422.0,0.075
120433.0,0.115
120437.0,0.26
120440.0,0.12
120441.0,0.155
120449.0,0.19
120457.0,0.145
120459.0,0.07
120460.0,0.015
120463.0,0.16
120464.0,0.06
120470.0,0.2
120488.0,0.305
120535.0,0.06
120538.0,0.165
120539.0,0.275
120541.0,0.18
120562.0,0.13
120570.0,0.07
120580.0,0.09
120581.0,0.135
120591.0,0.305
120593.0,0.37
120598.0,0.095
120603.0,0.04
120607.0,0.335
120642.0,0.11
120647.0,0.14
120649.0,0.095
120664.0,0.03
120665.0,0.055
120671.0,0.145
120678.0,0.115
120679.0,0.065
120680.0,0.235
120681.0,0.125
120691.0,0.09
120696.0,0.12
120697.0,0.21
120713.0,0.125
120721.0,0.135
120725.0,0.09
120734.0,0.17
120740.0,0.415
120748.0,0.15
120755.0,0.09
120759.0,0.065
120761.0,0.055
120764.0,0.135
120770.0,0.16
120777.0,0.065
120796.0,0.035
120803.0,0.045
120809.0,0.09
120811.0,0.06
120826.0,0.09
120829.0,0.18
120832.0,0.065
120840.0,0.375
120857.0,0.255
120885.0,0.145
120891.0,0.015
120894.0,0.065
120905.0,0.53
120913.0,0.1
120914.0,0.055
120918.0,0.045
120921.0,0.05
120923.0,0.095
120927.0,0.235
120928.0,0.095
120934.0,0.19
120936.0,0.19
120942.0,0.075
120946.0,0.09
120947.0,0.06
120953.0,0.065
120955.0,0.065
120956.0,0.13
120977.0,0.035
120980.0,0.25
120981.0,0.08
120982.0,0.03
120991.0,0.31
121011.0,0.11
121013.0,0.015
121018.0,0.09
121020.0,0.065
121037.0,0.035
121038.0,0.03
121039.0,0.09
121045.0,0.23
121046.0,0.015
121059.0,0.225
121066.0,0.215
121078.0,0.21
121080.0,0.34
121081.0,0.12
121086.0,0.17
121099.0,0.145
121100.0,0.06
121107.0,0.155
121108.0,0.115
121111.0,0.06
121130.0,0.075
121131.0,0.255
121135.0,0.205
121152.0,0.02
121156.0,0.105
121160.0,0.105
121162.0,0.165
121175.0,0.12
121181.0,0.04
121186.0,0.06
121197.0,0.045
121201.0,0.16
121208.0,0.025
121215.0,0.145
121220.0,0.35
121225.0,0.165
121227.0,0.015
121228.0,0.34
121243.0,0.29
121258.0,0.155
121259.0,0.05
121265.0,0.045
121279.0,0.095
121280.0,0.19
121281.0,0.165
121283.0,0.05
121288.0,0.08
121296.0,0.09
121300.0,0.085
121308.0,0.16
121321.0,0.17
121323.0,0.05
121332.0,0.065
121334.0,0.07
121348.0,0.09
121350.0,0.09
121351.0,0.12
121363.0,0.025
121379.0,0.215
121380.0,0.1
121383.0,0.035
121387.0,0.165
121414.0,0.095
121416.0,0.08
121422.0,0.2
121423.0,0.07
121427.0,0.11
121431.0,0.03
121438.0,0.065
121460.0,0.115
121479.0,0.05
121482.0,0.13
121483.0,0.34
121488.0,0.13
121489.0,0.32
121492.0,0.09
121502.0,0.04
121503.0,0.045
121513.0,0.025
121544.0,0.115
121545.0,0.02
121546.0,0.03
121552.0,0.25
121553.0,0.13
121556.0,0.155
121557.0,0.135
121583.0,0.11
121588.0,0.065
121596.0,0.1
121597.0,0.075
121612.0,0.045
121618.0,0.1
121619.0,0.125
121621.0,0.065
121622.0,0.095
121626.0,0.15
121628.0,0.13
121630.0,0.305
121631.0,0.08
121632.0,0.16
121641.0,0.08
121695.0,0.13
121733.0,0.2
121754.0,0.09
121762.0,0.205
121765.0,0.06
121766.0,0.08
121771.0,0.035
121772.0,0.4
121778.0,0.18
121791.0,0.085
121792.0,0.07
121822.0,0.23
121825.0,0.145
121832.0,0.045
121841.0,0.14
121846.0,0.06
121850.0,0.12
121851.0,0.04
121853.0,0.255
121857.0,0.085
121862.0,0.245
121863.0,0.065
121875.0,0.04
121881.0,0.115
121896.0,0.25
121901.0,0.04
121908.0,0.2
121909.0,0.24
121916.0,0.095
121919.0,0.095
121921.0,0.16
121933.0,0.075
121947.0,0.08
121948.0,0.135
121963.0,0.11
121968.0,0.02
121970.0,0.095
121978.0,0.135
121991.0,0.21
121996.0,0.15
121997.0,0.325
122000.0,0.13
122015.0,0.125
122017.0,0.245
122027.0,0.28
122044.0,0.01
122047.0,0.115
122055.0,0.21
122065.0,0.09
122069.0,0.02
122074.0,0.175
122086.0,0.13
122089.0,0.095
122099.0,0.025
122102.0,0.03
122118.0,0.095
122124.0,0.09
122125.0,0.08
122129.0,0.03
122133.0,0.13
122135.0,0.22
122136.0,0.06
122142.0,0.2
122154.0,0.135
122158.0,0.185
122160.0,0.015
122165.0,0.1
122166.0,0.125
122170.0,0.11
122175.0,0.04
122192.0,0.2
122207.0,0.04
122210.0,0.115
122215.0,0.035
122222.0,0.055
122234.0,0.255
122235.0,0.045
122236.0,0.04
122248.0,0.455
122256.0,0.045
122257.0,0.02
122258.0,0.09
122259.0,0.065
122260.0,0.14
122264.0,0.065
122266.0,0.235
122268.0,0.065
122271.0,0.16
122283.0,0.095
122286.0,0.02
122288.0,0.045
122301.0,0.115
122313.0,0.085
122322.0,0.08
122323.0,0.02
122324.0,0.1
122336.0,0.075
122338.0,0.19
122349.0,0.05
122351.0,0.12
122354.0,0.07
122358.0,0.115
122376.0,0.19
122378.0,0.08
122387.0,0.1
122392.0,0.16
122405.0,0.245
122409.0,0.135
122411.0,0.305
122415.0,0.12
122416.0,0.17
122425.0,0.22
122452.0,0.195
122453.0,0.445
122456.0,0.11
122458.0,0.215
122465.0,0.095
122468.0,0.065
122477.0,0.025
122483.0,0.075
122517.0,0.295
122521.0,0.3
122537.0,0.055
122538.0,0.045
122552.0,0.24
122557.0,0.16
122561.0,0.085
122568.0,0.135
122573.0,0.18
122583.0,0.19
122590.0,0.09
122609.0,0.33
122617.0,0.05
122621.0,0.115
122635.0,0.145
122638.0,0.1
122639.0,0.21
122644.0,0.03
122675.0,0.09
122699.0,0.195
122703.0,0.13
122706.0,0.07
122712.0,0.115
122730.0,0.1
122731.0,0.04
122736.0,0.31
122741.0,0.12
122745.0,0.04
122751.0,0.28
122768.0,0.12
122785.0,0.21
122797.0,0.135
122812.0,0.095
122816.0,0.055
122817.0,0.1
122826.0,0.19
122838.0,0.2
122845.0,0.04
122848.0,0.11
122850.0,0.025
122856.0,0.01
122862.0,0.085
122869.0,0.225
122871.0,0.105
122874.0,0.27
122875.0,0.185
122885.0,0.135
122901.0,0.105
122902.0,0.08
122903.0,0.165
122904.0,0.115
122910.0,0.04
122921.0,0.09
122925.0,0.08
122964.0,0.1
122975.0,0.13
122977.0,0.07
122984.0,0.455
122999.0,0.09
123004.0,0.27
123009.0,0.245
123012.0,0.06
123018.0,0.055
123025.0,0.155
123037.0,0.015
123038.0,0.14
123039.0,0.08
123045.0,0.19
123046.0,0.01
123051.0,0.11
123052.0,0.095
123056.0,0.19
123061.0,0.12
123072.0,0.225
123074.0,0.08
123086.0,0.15
123087.0,0.095
123091.0,0.195
123094.0,0.07
123105.0,0.14
123110.0,0.105
123113.0,0.11
123114.0,0.26
123124.0,0.065
123131.0,0.055
123136.0,0.52
123146.0,0.055
123147.0,0.1
123155.0,0.13
123163.0,0.075
123182.0,0.1
123196.0,0.1
123200.0,0.045
123204.0,0.07
123207.0,0.04
123210.0,0.045
123215.0,0.125
123227.0,0.04
123234.0,0.11
123239.0,0.17
123249.0,0.245
123252.0,0.09
123255.0,0.045
123257.0,0.1
123260.0,0.06
123263.0,0.195
123274.0,0.06
123275.0,0.08
123276.0,0.065
123292.0,0.08
123308.0,0.045
123316.0,0.055
123328.0,0.085
123330.0,0.08
123331.0,0.285
123334.0,0.16
123343.0,0.03
123344.0,0.095
123345.0,0.095
123352.0,0.095
123356.0,0.08
123365.0,0.21
123368.0,0.035
123376.0,0.105
123381.0,0.11
123384.0,0.21
123389.0,0.075
123401.0,0.185
123419.0,0.015
123433.0,0.215
123438.0,0.205
123441.0,0.17
123456.0,0.17
123457.0,0.2
123476.0,0.06
123477.0,0.09
123489.0,0.345
123490.0,0.06
123496.0,0.195
123502.0,0.085
123503.0,0.14
123513.0,0.18
123515.0,0.12
123530.0,0.14
123532.0,0.08
123537.0,0.025
123539.0,0.16
123540.0,0.125
123546.0,0.035
123547.0,0.22
123554.0,0.17
123572.0,0.095
123574.0,0.145
123575.0,0.15
123576.0,0.035
123584.0,0.085
123586.0,0.13
123591.0,0.195
123606.0,0.06
123607.0,0.135
123615.0,0.06
123616.0,0.305
123619.0,0.22
123621.0,0.19
123622.0,0.01
123633.0,0.065
123635.0,0.16
123658.0,0.14
123659.0,0.065
123663.0,0.165
123666.0,0.105
123670.0,0.05
123678.0,0.07
123688.0,0.17
123707.0,0.03
123709.0,0.13
123720.0,0.08
123741.0,0.08
123751.0,0.15
123759.0,0.07
123765.0,0.215
123766.0,0.15
123793.0,0.22
123794.0,0.055
123809.0,0.225
123837.0,0.035
123839.0,0.07
123843.0,0.095
123851.0,0.135
123854.0,0.155
123860.0,0.07
123863.0,0.225
123879.0,0.09
123888.0,0.21
123891.0,0.045
123912.0,0.11
123942.0,0.11
123952.0,0.175
123953.0,0.05
123958.0,0.185
123966.0,0.035
123977.0,0.055
123981.0,0.065
124000.0,0.055
124023.0,0.07
124026.0,0.09
124027.0,0.05
124033.0,0.115
124053.0,0.135
124057.0,0.08
124065.0,0.16
124074.0,0.035
124079.0,0.17
124095.0,0.065
124110.0,0.11
124138.0,0.04
124167.0,0.19
124168.0,0.145
124175.0,0.06
124176.0,0.2
124181.0,0.145
124195.0,0.1
124197.0,0.035
124206.0,0.04
124225.0,0.045
124230.0,0.125
124231.0,0.23
124253.0,0.135
124257.0,0.19
124263.0,0.145
124277.0,0.085
124285.0,0.04
124289.0,0.03
124299.0,0.27
124303.0,0.105
124309.0,0.275
124316.0,0.115
124319.0,0.26
124335.0,0.3
124347.0,0.235
124359.0,0.17
124362.0,0.04
124363.0,0.275
124389.0,0.07
124390.0,0.125
124393.0,0.22
124401.0,0.2
124406.0,0.045
124407.0,0.06
124416.0,0.15
124423.0,0.085
124429.0,0.115
124431.0,0.135
124439.0,0.035
124441.0,0.065
124451.0,0.18
124454.0,0.055
124463.0,0.295
124492.0,0.115
124493.0,0.155
124503.0,0.14
124506.0,0.135
124514.0,0.125
124516.0,0.04
124519.0,0.085
124520.0,0.23
124539.0,0.16
124545.0,0.3
124546.0,0.115
124552.0,0.16
124553.0,0.195
124555.0,0.04
124575.0,0.045
124586.0,0.1
124587.0,0.045
124591.0,0.435
124595.0,0.18
124597.0,0.135
124625.0,0.14
124628.0,0.18
124647.0,0.29
124648.0,0.03
124654.0,0.32
124655.0,0.145
124656.0,0.075
124658.0,0.06
124674.0,0.165
124675.0,0.075
124686.0,0.11
124696.0,0.26
124698.0,0.065
124702.0,0.08
124704.0,0.09
124705.0,0.075
124719.0,0.025
124732.0,0.02
124734.0,0.155
124737.0,0.02
124742.0,0.235
124793.0,0.105
124816.0,0.305
124820.0,0.035
124823.0,0.195
124826.0,0.065
124829.0,0.045
124844.0,0.21
124850.0,0.04
124866.0,0.045
124868.0,0.035
124874.0,0.195
124875.0,0.075
124876.0,0.09
124887.0,0.145
124893.0,0.28
124901.0,0.095
124905.0,0.205
124906.0,0.09
124931.0,0.12
124938.0,0.08
124940.0,0.365
124947.0,0.115
124948.0,0.055
124949.0,0.02
124971.0,0.14
124974.0,0.15
124976.0,0.095
125004.0,0.225
125025.0,0.02
125029.0,0.15
125031.0,0.095
125037.0,0.16
125046.0,0.045
125052.0,0.08
125053.0,0.01
125090.0,0.135
125093.0,0.045
125100.0,0.08
125101.0,0.13
125104.0,0.26
125111.0,0.13
125133.0,0.085
125144.0,0.055
125145.0,0.135
125149.0,0.15
125157.0,0.165
125158.0,0.22
125164.0,0.115
125167.0,0.065
125170.0,0.15
125177.0,0.065
125185.0,0.19
125190.0,0.12
125196.0,0.16
125200.0,0.365
125203.0,0.225
125215.0,0.095
125221.0,0.095
125224.0,0.025
125227.0,0.22
125252.0,0.105
125256.0,0.115
125264.0,0.085
125266.0,0.095
125267.0,0.075
125268.0,0.375
125270.0,0.06
125271.0,0.06
125276.0,0.095
125290.0,0.05
125300.0,0.105
125311.0,0.05
125327.0,0.04
125338.0,0.055
125359.0,0.125
125360.0,0.07
125366.0,0.075
125373.0,0.2
125376.0,0.285
125384.0,0.035
125387.0,0.19
125388.0,0.12
125393.0,0.02
125394.0,0.275
125396.0,0.025
125397.0,0.035
125408.0,0.175
125409.0,0.09
125414.0,0.24
125423.0,0.06
125425.0,0.23
125436.0,0.1
125450.0,0.185
125465.0,0.085
125471.0,0.28
125488.0,0.14
125496.0,0.185
125500.0,0.16
125505.0,0.045
125507.0,0.155
125519.0,0.07
125521.0,0.15
125524.0,0.135
125531.0,0.18
125542.0,0.105
125552.0,0.04
125560.0,0.095
125573.0,0.02
125574.0,0.135
125576.0,0.085
125592.0,0.045
125604.0,0.14
125622.0,0.145
125628.0,0.045
125649.0,0.07
125668.0,0.2
125695.0,0.18
125698.0,0.04
125701.0,0.29
125705.0,0.275
125709.0,0.12
125713.0,0.03
125720.0,0.16
125727.0,0.32
125747.0,0.075
125752.0,0.09
125758.0,0.09
125772.0,0.125
125779.0,0.42
125798.0,0.09
125804.0,0.14
125814.0,0.07
125817.0,0.02
125835.0,0.02
125838.0,0.08
125842.0,0.13
125852.0,0.31
125878.0,0.025
125886.0,0.095
125896.0,0.19
125924.0,0.13
125930.0,0.065
125939.0,0.035
125957.0,0.135
125961.0,0.08
125972.0,0.08
125973.0,0.225
125975.0,0.07
125983.0,0.03
125984.0,0.275
125990.0,0.135
126016.0,0.22
126022.0,0.055
126028.0,0.17
126047.0,0.14
126048.0,0.14
126067.0,0.115
126068.0,0.065
126069.0,0.07
126088.0,0.195
126121.0,0.055
126123.0,0.04
126125.0,0.005
126136.0,0.09
126159.0,0.095
126162.0,0.1
126165.0,0.08
126172.0,0.115
126175.0,0.15
126178.0,0.045
126184.0,0.025
126198.0,0.145
126202.0,0.345
126203.0,0.085
126205.0,0.015
126214.0,0.045
126231.0,0.215
126238.0,0.16
126242.0,0.07
126252.0,0.08
126263.0,0.13
126265.0,0.13
126267.0,0.125
126274.0,0.025
126299.0,0.085
126307.0,0.14
126310.0,0.13
126329.0,0.13
126331.0,0.08
126340.0,0.075
126341.0,0.275
126348.0,0.11
126349.0,0.025
126351.0,0.085
126354.0,0.09
126366.0,0.03
126370.0,0.055
126398.0,0.14
126407.0,0.065
126409.0,0.255
126431.0,0.04
126438.0,0.15
126448.0,0.05
126462.0,0.11
126464.0,0.11
126468.0,0.1
126472.0,0.19
126473.0,0.105
126479.0,0.085
126484.0,0.205
126486.0,0.03
126488.0,0.11
126490.0,0.05
126494.0,0.085
126506.0,0.095
126510.0,0.065
126513.0,0.115
126526.0,0.185
126533.0,0.125
126538.0,0.115
126549.0,0.19
126553.0,0.045
126554.0,0.14
126555.0,0.12
126579.0,0.125
126584.0,0.095
126594.0,0.065
126595.0,0.105
126596.0,0.355
126602.0,0.065
126611.0,0.06
126614.0,0.105
126636.0,0.035
126638.0,0.06
126651.0,0.08
126658.0,0.105
126674.0,0.045
126685.0,0.05
126688.0,0.165
126689.0,0.11
126707.0,0.31
126715.0,0.065
126716.0,0.025
126721.0,0.35
126722.0,0.145
126732.0,0.105
126738.0,0.07
126743.0,0.065
126744.0,0.055
126752.0,0.03
126759.0,0.13
126763.0,0.25
126775.0,0.075
126778.0,0.305
126784.0,0.095
126791.0,0.045
126792.0,0.12
126804.0,0.28
126816.0,0.295
126817.0,0.05
126822.0,0.05
126832.0,0.07
126842.0,0.1
126849.0,0.07
126850.0,0.03
126861.0,0.05
126871.0,0.03
126872.0,0.145
126880.0,0.065
126888.0,0.095
126896.0,0.08
126913.0,0.13
126918.0,0.12
126954.0,0.06
126961.0,0.09
126963.0,0.07
126965.0,0.315
126968.0,0.165
126971.0,0.025
126981.0,0.145
126984.0,0.145
126985.0,0.095
126995.0,0.22
126999.0,0.14
127007.0,0.11
127015.0,0.19
127038.0,0.13
127054.0,0.095
127057.0,0.055
127062.0,0.145
127083.0,0.1
127098.0,0.085
127102.0,0.055
127110.0,0.145
127111.0,0.165
127116.0,0.06
127126.0,0.055
127135.0,0.045
127137.0,0.09
127142.0,0.025
127151.0,0.08
127155.0,0.085
127156.0,0.085
127160.0,0.085
127169.0,0.115
127174.0,0.075
127175.0,0.1
127177.0,0.14
127192.0,0.075
127193.0,0.12
127196.0,0.04
127197.0,0.205
127204.0,0.07
127207.0,0.09
127215.0,0.07
127226.0,0.16
127230.0,0.045
127244.0,0.085
127247.0,0.08
127249.0,0.07
127259.0,0.33
127299.0,0.075
127304.0,0.03
127308.0,0.105
127309.0,0.065
127313.0,0.14
127316.0,0.055
127317.0,0.05
127318.0,0.13
127333.0,0.075
127334.0,0.015
127336.0,0.095
127346.0,0.17
127370.0,0.035
127375.0,0.265
127390.0,0.12
127392.0,0.145
127398.0,0.085
127400.0,0.08
127402.0,0.16
127407.0,0.11
127412.0,0.07
127413.0,0.075
127415.0,0.025
127418.0,0.24
127425.0,0.365
127432.0,0.065
127436.0,0.055
127448.0,0.03
127449.0,0.16
127463.0,0.12
127464.0,0.265
127468.0,0.035
127481.0,0.04
127492.0,0.105
127495.0,0.025
127496.0,0.135
127501.0,0.11
127508.0,0.06
127531.0,0.085
127554.0,0.02
127562.0,0.08
127565.0,0.045
127567.0,0.08
127582.0,0.065
127593.0,0.165
127595.0,0.095
127614.0,0.03
127627.0,0.07
127630.0,0.095
127638.0,0.165
127639.0,0.14
127641.0,0.12
127643.0,0.18
127665.0,0.08
127674.0,0.025
127676.0,0.185
127693.0,0.24
127701.0,0.06
127702.0,0.205
127709.0,0.15
127720.0,0.145
127733.0,0.135
127739.0,0.175
127753.0,0.045
127756.0,0.1
127757.0,0.225
127777.0,0.17
127810.0,0.22
127811.0,0.14
127821.0,0.2
127835.0,0.13
127839.0,0.105
127870.0,0.215
127878.0,0.14
127887.0,0.275
127918.0,0.09
127919.0,0.23
127920.0,0.125
127932.0,0.19
127933.0,0.125
127953.0,0.1
127955.0,0.055
127957.0,0.04
127961.0,0.085
127967.0,0.245
127970.0,0.135
127975.0,0.1
127985.0,0.02
127991.0,0.07
127997.0,0.05
127999.0,0.02
128004.0,0.09
128005.0,0.06
128015.0,0.13
128018.0,0.135
128044.0,0.125
128046.0,0.075
128047.0,0.165
128048.0,0.26
128054.0,0.045
128066.0,0.14
128070.0,0.06
128071.0,0.14
128094.0,0.225
128095.0,0.08
128099.0,0.195
128116.0,0.03
128130.0,0.15
128132.0,0.085
128133.0,0.36
128140.0,0.03
128154.0,0.065
128156.0,0.21
128160.0,0.025
128165.0,0.235
128166.0,0.055
128169.0,0.005
128171.0,0.095
128177.0,0.065
128178.0,0.045
128182.0,0.025
128191.0,0.13
128199.0,0.13
128213.0,0.17
128214.0,0.15
128216.0,0.04
128217.0,0.21
128226.0,0.115
128229.0,0.09
128232.0,0.155
128246.0,0.065
128273.0,0.12
128274.0,0.085
128283.0,0.07
128284.0,0.14
128294.0,0.245
128295.0,0.255
128297.0,0.11
128300.0,0.015
128314.0,0.08
128317.0,0.09
128339.0,0.045
128340.0,0.01
128342.0,0.235
128343.0,0.03
128364.0,0.085
128368.0,0.2
128377.0,0.065
128380.0,0.045
128383.0,0.14
128407.0,0.12
128409.0,0.095
128423.0,0.115
128428.0,0.075
128433.0,0.04
128438.0,0.27
128439.0,0.125
128446.0,0.085
128447.0,0.1
128450.0,0.245
128455.0,0.23
128457.0,0.225
128464.0,0.2
128465.0,0.135
128471.0,0.05
128474.0,0.18
128483.0,0.09
128514.0,0.16
128516.0,0.125
128519.0,0.075
128528.0,0.07
128529.0,0.175
128536.0,0.16
128541.0,0.075
128542.0,0.11
128545.0,0.08
128557.0,0.035
128560.0,0.17
128568.0,0.12
128571.0,0.04
128578.0,0.045
128582.0,0.125
128588.0,0.23
128597.0,0.21
128610.0,0.24
128619.0,0.16
128630.0,0.105
128680.0,0.12
128684.0,0.095
128687.0,0.11
128699.0,0.245
128702.0,0.165
128704.0,0.125
128710.0,0.15
128720.0,0.13
128724.0,0.1
128727.0,0.135
128744.0,0.155
128745.0,0.06
128760.0,0.16
128766.0,0.28
128770.0,0.1
128782.0,0.245
128822.0,0.03
128830.0,0.21
128836.0,0.155
128845.0,0.16
128858.0,0.055
128859.0,0.075
128860.0,0.165
128874.0,0.095
128880.0,0.22
128882.0,0.155
128883.0,0.15
128884.0,0.09
128892.0,0.165
128905.0,0.16
128910.0,0.17
128912.0,0.12
128915.0,0.095
128917.0,0.2
128937.0,0.07
128942.0,0.09
128945.0,0.045
128957.0,0.14
128962.0,0.06
128970.0,0.015
128985.0,0.16
128986.0,0.04
128992.0,0.065
128994.0,0.11
129003.0,0.17
129005.0,0.175
129010.0,0.08
129024.0,0.08
129038.0,0.01
129042.0,0.055
129049.0,0.04
129062.0,0.29
129067.0,0.18
129070.0,0.055
129073.0,0.015
129074.0,0.22
129088.0,0.06
129090.0,0.105
129101.0,0.32
129102.0,0.09
129106.0,0.155
129108.0,0.18
129120.0,0.115
129122.0,0.045
129123.0,0.445
129135.0,0.095
129141.0,0.24
129152.0,0.045
129160.0,0.11
129168.0,0.265
129174.0,0.13
129178.0,0.03
129183.0,0.115
129187.0,0.015
129197.0,0.12
129200.0,0.07
129205.0,0.07
129222.0,0.08
129230.0,0.125
129235.0,0.075
129251.0,0.05
129274.0,0.15
129282.0,0.025
129284.0,0.14
129298.0,0.125
129299.0,0.07
129311.0,0.06
129312.0,0.05
129313.0,0.075
129314.0,0.145
129321.0,0.215
129329.0,0.065
129330.0,0.105
129332.0,0.115
129338.0,0.195
129345.0,0.03
129349.0,0.15
129353.0,0.06
129357.0,0.05
129358.0,0.22
129365.0,0.05
129376.0,0.105
129380.0,0.085
129382.0,0.115
129402.0,0.13
129403.0,0.03
129412.0,0.1
129441.0,0.305
129442.0,0.13
129448.0,0.165
129466.0,0.02
129475.0,0.165
129483.0,0.1
129484.0,0.125
129499.0,0.085
129501.0,0.08
129508.0,0.05
129510.0,0.17
129526.0,0.14
129527.0,0.25
129533.0,0.09
129535.0,0.355
129536.0,0.3
129545.0,0.185
129553.0,0.16
129557.0,0.135
129560.0,0.105
129576.0,0.095
129580.0,0.07
129585.0,0.13
129587.0,0.05
129597.0,0.14
129611.0,0.025
129619.0,0.1
129622.0,0.125
129631.0,0.13
129632.0,0.155
129640.0,0.105
129647.0,0.11
129658.0,0.03
129676.0,0.13
129683.0,0.04
129685.0,0.1
129701.0,0.19
129706.0,0.27
129707.0,0.03
129720.0,0.12
129727.0,0.2
129728.0,0.05
129768.0,0.045
129775.0,0.045
129790.0,0.02
129804.0,0.095
129805.0,0.105
129813.0,0.03
129816.0,0.12
129823.0,0.22
129826.0,0.445
129831.0,0.055
129833.0,0.005
129851.0,0.085
129857.0,0.29
129860.0,0.085
129914.0,0.135
129926.0,0.095
129933.0,0.175
129939.0,0.16
129949.0,0.07
129959.0,0.295
129962.0,0.25
129963.0,0.13
129964.0,0.055
129977.0,0.06
129985.0,0.025
129987.0,0.1
129992.0,0.105
130002.0,0.055
130016.0,0.215
130045.0,0.105
130048.0,0.175
130051.0,0.065
130053.0,0.145
130056.0,0.025
130061.0,0.14
130062.0,0.09
130065.0,0.25
130066.0,0.12
130070.0,0.1
130079.0,0.11
130080.0,0.165
130098.0,0.07
130109.0,0.15
130110.0,0.065
130116.0,0.02
130125.0,0.355
130134.0,0.25
130137.0,0.07
130138.0,0.075
130146.0,0.055
130148.0,0.065
130154.0,0.06
130156.0,0.05
130158.0,0.1
130159.0,0.055
130177.0,0.025
130186.0,0.29
130204.0,0.175
130205.0,0.215
130206.0,0.07
130211.0,0.09
130217.0,0.11
130218.0,0.075
130235.0,0.125
130236.0,0.41
130239.0,0.09
130256.0,0.1
130260.0,0.06
130261.0,0.15
130262.0,0.03
130263.0,0.27
130264.0,0.02
130266.0,0.34
130277.0,0.27
130278.0,0.11
130281.0,0.28
130297.0,0.045
130302.0,0.135
130320.0,0.135
130325.0,0.28
130329.0,0.1
130338.0,0.395
130339.0,0.115
130340.0,0.21
130344.0,0.135
130347.0,0.06
130353.0,0.26
130358.0,0.045
130366.0,0.08
130371.0,0.055
130374.0,0.125
130389.0,0.14
130390.0,0.13
130404.0,0.085
130426.0,0.07
130440.0,0.05
130449.0,0.52
130451.0,0.055
130452.0,0.135
130453.0,0.13
130463.0,0.095
130466.0,0.08
130467.0,0.06
130475.0,0.06
130489.0,0.16
130490.0,0.1
130495.0,0.115
130497.0,0.085
130499.0,0.025
130504.0,0.11
130513.0,0.03
130528.0,0.195
130533.0,0.225
130543.0,0.1
130567.0,0.155
130571.0,0.09
130572.0,0.125
130589.0,0.105
130592.0,0.195
130603.0,0.1
130623.0,0.11
130641.0,0.065
130687.0,0.09
130690.0,0.095
130698.0,0.1
130707.0,0.15
130709.0,0.185
130718.0,0.185
130722.0,0.06
130732.0,0.05
130735.0,0.2
130757.0,0.04
130760.0,0.05
130771.0,0.15
130772.0,0.045
130774.0,0.17
130779.0,0.07
130795.0,0.12
130828.0,0.265
130833.0,0.075
130843.0,0.02
130855.0,0.225
130871.0,0.08
130878.0,0.225
130885.0,0.15
130889.0,0.085
130894.0,0.12
130896.0,0.295
130905.0,0.035
130906.0,0.13
130930.0,0.07
130931.0,0.27
130943.0,0.08
130946.0,0.01
130947.0,0.21
130950.0,0.105
130954.0,0.09
130966.0,0.04
130983.0,0.235
131003.0,0.115
131005.0,0.025
131009.0,0.075
131013.0,0.185
131027.0,0.09
131030.0,0.29
131031.0,0.07
131033.0,0.04
131039.0,0.095
131045.0,0.2
131057.0,0.1
131072.0,0.03
131084.0,0.28
131088.0,0.05
131089.0,0.015
131091.0,0.125
131093.0,0.17
131114.0,0.22
131118.0,0.095
131123.0,0.055
131130.0,0.14
131144.0,0.05
131162.0,0.28
131163.0,0.075
131166.0,0.065
131179.0,0.105
131181.0,0.04
131183.0,0.25
131219.0,0.05
131227.0,0.02
131231.0,0.145
131235.0,0.235
131242.0,0.22
131251.0,0.115
131257.0,0.135
131263.0,0.045
131268.0,0.23
131271.0,0.055
131275.0,0.035
131286.0,0.17
131290.0,0.175
131300.0,0.03
131306.0,0.125
131316.0,0.085
131321.0,0.295
131322.0,0.095
131326.0,0.03
131333.0,0.19
131335.0,0.245
131352.0,0.03
131354.0,0.035
131366.0,0.095
131373.0,0.115
131388.0,0.065
131394.0,0.045
131404.0,0.15
131405.0,0.22
131411.0,0.1
131416.0,0.135
131421.0,0.09
131424.0,0.14
131426.0,0.12
131443.0,0.265
131470.0,0.32
131471.0,0.155
131476.0,0.075
131477.0,0.07
131479.0,0.3
131493.0,0.23
131495.0,0.175
131496.0,0.145
131498.0,0.205
131504.0,0.075
131525.0,0.245
131528.0,0.05
131548.0,0.045
131549.0,0.085
131550.0,0.125
131557.0,0.33
131564.0,0.035
131565.0,0.015
131576.0,0.165
131602.0,0.33
131628.0,0.145
131629.0,0.105
131641.0,0.1
131647.0,0.045
131664.0,0.025
131677.0,0.06
131681.0,0.105
131682.0,0.105
131688.0,0.23
131690.0,0.065
131691.0,0.045
131709.0,0.075
131713.0,0.09
131719.0,0.185
131733.0,0.15
131734.0,0.165
131743.0,0.305
131747.0,0.09
131748.0,0.185
131758.0,0.025
131759.0,0.165
131764.0,0.11
131771.0,0.05
131788.0,0.035
131791.0,0.245
131798.0,0.14
131810.0,0.22
131812.0,0.02
131815.0,0.055
131823.0,0.17
131824.0,0.045
131828.0,0.21
131844.0,0.055
131846.0,0.095
131848.0,0.085
131863.0,0.045
131864.0,0.17
131889.0,0.06
131890.0,0.19
131892.0,0.15
131895.0,0.09
131896.0,0.16
131897.0,0.045
131905.0,0.05
131906.0,0.09
131907.0,0.39
131914.0,0.055
131921.0,0.08
131922.0,0.13
131925.0,0.13
131936.0,0.11
131941.0,0.125
131950.0,0.035
131952.0,0.095
131959.0,0.255
131983.0,0.035
131987.0,0.14
131994.0,0.115
132004.0,0.17
132009.0,0.285
132012.0,0.055
132013.0,0.155
132014.0,0.44
132028.0,0.265
132054.0,0.085
132061.0,0.06
132062.0,0.17
132078.0,0.235
132082.0,0.08
132086.0,0.165
132089.0,0.125
132095.0,0.115
132109.0,0.125
132110.0,0.16
132121.0,0.03
132125.0,0.07
132127.0,0.235
132128.0,0.045
132134.0,0.06
132139.0,0.025
132141.0,0.01
132149.0,0.25
132150.0,0.075
132152.0,0.08
132153.0,0.13
132164.0,0.12
132179.0,0.24
132182.0,0.14
132189.0,0.09
132193.0,0.085
132194.0,0.065
132195.0,0.1
132208.0,0.195
132211.0,0.155
132212.0,0.09
132216.0,0.035
132219.0,0.06
132223.0,0.18
132238.0,0.185
132242.0,0.015
132268.0,0.035
132275.0,0.065
132276.0,0.115
132279.0,0.04
132289.0,0.31
132290.0,0.05
132300.0,0.23
132319.0,0.145
132340.0,0.02
132344.0,0.165
132345.0,0.07
132346.0,0.235
132352.0,0.075
132353.0,0.11
132358.0,0.41
132381.0,0.105
132382.0,0.065
132383.0,0.155
132410.0,0.055
132419.0,0.075
132423.0,0.1
132432.0,0.165
132434.0,0.08
132440.0,0.095
132441.0,0.135
132452.0,0.02
132453.0,0.04
132456.0,0.1
132459.0,0.075
132462.0,0.135
132463.0,0.11
132468.0,0.325
132485.0,0.35
132490.0,0.015
132500.0,0.095
132521.0,0.165
132555.0,0.17
132560.0,0.035
132562.0,0.03
132575.0,0.05
132587.0,0.055
132591.0,0.085
132611.0,0.155
132615.0,0.06
132617.0,0.28
132622.0,0.21
132629.0,0.08
132638.0,0.115
132642.0,0.07
132658.0,0.085
132664.0,0.1
132668.0,0.095
132676.0,0.195
132704.0,0.225
132707.0,0.09
132719.0,0.105
132723.0,0.21
132724.0,0.135
132732.0,0.07
132754.0,0.075
132756.0,0.115
132766.0,0.13
132767.0,0.12
132775.0,0.12
132776.0,0.235
132785.0,0.205
132787.0,0.085
132793.0,0.09
132807.0,0.015
132811.0,0.035
132818.0,0.045
132834.0,0.08
132846.0,0.08
132861.0,0.075
132870.0,0.225
132882.0,0.02
132884.0,0.045
132885.0,0.125
132888.0,0.16
132898.0,0.15
132912.0,0.08
132916.0,0.24
132917.0,0.065
132932.0,0.325
132940.0,0.165
132943.0,0.04
132962.0,0.04
132965.0,0.22
132969.0,0.045
132974.0,0.11
132977.0,0.05
132978.0,0.145
132982.0,0.04
132983.0,0.025
132996.0,0.02
133006.0,0.06
133007.0,0.015
133025.0,0.075
133027.0,0.115
133033.0,0.095
133038.0,0.085
133040.0,0.04
133041.0,0.075
133044.0,0.13
133053.0,0.05
133063.0,0.105
133065.0,0.02
133083.0,0.115
133084.0,0.06
133091.0,0.21
133092.0,0.035
133107.0,0.07
133111.0,0.125
133122.0,0.09
133132.0,0.04
133140.0,0.26
133147.0,0.075
133150.0,0.06
133168.0,0.135
133170.0,0.01
133184.0,0.03
133228.0,0.105
133229.0,0.105
133230.0,0.065
133232.0,0.12
133242.0,0.12
133246.0,0.23
133247.0,0.11
133253.0,0.135
133268.0,0.19
133271.0,0.23
133272.0,0.085
133296.0,0.3
133299.0,0.11
133302.0,0.23
133315.0,0.165
133330.0,0.025
133331.0,0.08
133332.0,0.095
133333.0,0.145
133334.0,0.485
133361.0,0.455
133363.0,0.185
133404.0,0.02
133412.0,0.365
133418.0,0.075
133422.0,0.15
133426.0,0.17
133450.0,0.1
133465.0,0.11
133468.0,0.125
133469.0,0.065
133474.0,0.055
133479.0,0.15
133490.0,0.315
133492.0,0.02
133495.0,0.085
133496.0,0.07
133501.0,0.28
133502.0,0.155
133511.0,0.1
133515.0,0.13
133528.0,0.145
133539.0,0.075
133551.0,0.12
133564.0,0.065
133569.0,0.085
133570.0,0.02
133578.0,0.055
133586.0,0.03
133587.0,0.215
133597.0,0.225
133608.0,0.025
133624.0,0.12
133626.0,0.17
133645.0,0.06
133655.0,0.085
133658.0,0.115
133659.0,0.055
133660.0,0.06
133664.0,0.03
133684.0,0.255
133685.0,0.02
133688.0,0.11
133706.0,0.085
133713.0,0.06
133723.0,0.03
133730.0,0.06
133733.0,0.035
133760.0,0.095
133762.0,0.175
133777.0,0.04
133793.0,0.055
133816.0,0.12
133818.0,0.115
133824.0,0.235
133841.0,0.28
133850.0,0.06
133877.0,0.125
133880.0,0.16
133887.0,0.105
133889.0,0.295
133896.0,0.125
133916.0,0.225
133920.0,0.095
133936.0,0.12
133939.0,0.06
133940.0,0.07
133942.0,0.205
133956.0,0.19
133957.0,0.12
133965.0,0.09
133972.0,0.135
133973.0,0.065
134008.0,0.08
134016.0,0.285
134039.0,0.11
134040.0,0.085
134045.0,0.085
134050.0,0.23
134056.0,0.305
134082.0,0.105
134085.0,0.205
134089.0,0.05
134102.0,0.105
134118.0,0.05
134131.0,0.055
134135.0,0.02
134137.0,0.09
134150.0,0.16
134159.0,0.1
134183.0,0.055
134186.0,0.1
134211.0,0.08
134216.0,0.06
134217.0,0.065
134218.0,0.05
134230.0,0.16
134233.0,0.275
134234.0,0.075
134236.0,0.17
134241.0,0.035
134242.0,0.06
134273.0,0.035
134277.0,0.08
134287.0,0.075
134293.0,0.13
134302.0,0.04
134306.0,0.245
134307.0,0.105
134325.0,0.07
134330.0,0.26
134334.0,0.105
134338.0,0.145
134339.0,0.125
134348.0,0.105
134355.0,0.015
134369.0,0.2
134387.0,0.045
134399.0,0.145
134400.0,0.065
134405.0,0.085
134407.0,0.05
134433.0,0.185
134448.0,0.005
134460.0,0.05
134463.0,0.15
134467.0,0.09
134485.0,0.075
134486.0,0.24
134490.0,0.355
134494.0,0.17
134501.0,0.29
134508.0,0.065
134512.0,0.18
134514.0,0.08
134519.0,0.055
134528.0,0.105
134536.0,0.105
134540.0,0.185
134546.0,0.07
134549.0,0.14
134558.0,0.195
134560.0,0.24
134588.0,0.205
134590.0,0.1
134591.0,0.105
134594.0,0.055
134622.0,0.02
134626.0,0.07
134639.0,0.04
134649.0,0.235
134654.0,0.07
134658.0,0.015
134683.0,0.125
134688.0,0.215
134689.0,0.43
134697.0,0.2
134698.0,0.205
134718.0,0.075
134742.0,0.03
134751.0,0.19
134760.0,0.19
134763.0,0.02
134764.0,0.215
134765.0,0.065
134773.0,0.05
134790.0,0.115
134794.0,0.08
134802.0,0.065
134805.0,0.05
134807.0,0.14
134812.0,0.145
134813.0,0.035
134823.0,0.105
134824.0,0.17
134838.0,0.24
134841.0,0.03
134857.0,0.035
134862.0,0.185
134865.0,0.085
134880.0,0.225
134883.0,0.225
134884.0,0.215
134916.0,0.005
134918.0,0.15
134919.0,0.15
134921.0,0.055
134928.0,0.155
134943.0,0.12
134950.0,0.04
134968.0,0.095
134971.0,0.12
134972.0,0.1
135011.0,0.175
135013.0,0.255
135016.0,0.03
135031.0,0.115
135036.0,0.09
135041.0,0.065
135052.0,0.045
135053.0,0.315
135054.0,0.125
135060.0,0.125
135072.0,0.145
135078.0,0.085
135079.0,0.075
135090.0,0.13
135113.0,0.055
135123.0,0.035
135128.0,0.165
135136.0,0.135
135152.0,0.095
135163.0,0.06
135166.0,0.035
135186.0,0.135
135188.0,0.08
135194.0,0.105
135214.0,0.07
135220.0,0.095
135235.0,0.05
135236.0,0.015
135241.0,0.145
135243.0,0.19
135253.0,0.16
135258.0,0.13
135264.0,0.175
135271.0,0.105
135274.0,0.06
135275.0,0.155
135288.0,0.06
135290.0,0.07
135299.0,0.09
135304.0,0.195
135309.0,0.055
135345.0,0.315
135359.0,0.06
135360.0,0.18
135361.0,0.12
135363.0,0.12
135365.0,0.15
135369.0,0.225
135380.0,0.03
135387.0,0.165
135389.0,0.16
135390.0,0.25
135393.0,0.06
135401.0,0.15
135409.0,0.225
135410.0,0.165
135412.0,0.09
135430.0,0.085
135434.0,0.08
135435.0,0.105
135445.0,0.2
135449.0,0.24
135460.0,0.165
135461.0,0.075
135491.0,0.135
135500.0,0.065
135504.0,0.08
135506.0,0.195
135521.0,0.135
135523.0,0.235
135527.0,0.075
135528.0,0.07
135530.0,0.22
135540.0,0.055
135541.0,0.59
135562.0,0.17
135578.0,0.045
135584.0,0.14
135589.0,0.11
135590.0,0.07
135591.0,0.17
135596.0,0.03
135607.0,0.055
135622.0,0.015
135626.0,0.375
135635.0,0.095
135636.0,0.165
135650.0,0.03
135656.0,0.1
135657.0,0.295
135672.0,0.265
135673.0,0.07
135678.0,0.335
135679.0,0.025
135684.0,0.25
135701.0,0.02
135704.0,0.115
135713.0,0.105
135716.0,0.195
135718.0,0.01
135723.0,0.015
135737.0,0.105
135738.0,0.035
135745.0,0.06
135746.0,0.265
135752.0,0.06
135755.0,0.145
135756.0,0.02
135765.0,0.07
135778.0,0.09
135779.0,0.135
135788.0,0.02
135803.0,0.105
135804.0,0.015
135809.0,0.055
135811.0,0.32
135812.0,0.08
135823.0,0.17
135834.0,0.22
135838.0,0.07
135843.0,0.105
135847.0,0.085
135857.0,0.35
135865.0,0.07
135872.0,0.15
135885.0,0.38
135888.0,0.055
135899.0,0.1
135910.0,0.305
135930.0,0.07
135941.0,0.355
135943.0,0.26
135949.0,0.145
135950.0,0.18
135951.0,0.32
135954.0,0.15
135966.0,0.305
135967.0,0.055
135971.0,0.095
135974.0,0.18
135975.0,0.065
135985.0,0.025
136004.0,0.025
136009.0,0.235
136033.0,0.185
136041.0,0.165
136051.0,0.065
136057.0,0.13
136070.0,0.24
136099.0,0.09
136103.0,0.035
136114.0,0.145
136116.0,0.095
136140.0,0.1
136160.0,0.04
136185.0,0.18
136201.0,0.09
136211.0,0.135
136213.0,0.21
136224.0,0.175
136234.0,0.055
136244.0,0.09
136255.0,0.035
136257.0,0.14
136260.0,0.03
136261.0,0.29
136263.0,0.175
136267.0,0.25
136277.0,0.135
136289.0,0.105
136293.0,0.025
136296.0,0.065
136302.0,0.165
136312.0,0.085
136317.0,0.195
136337.0,0.155
136355.0,0.03
136356.0,0.33
136383.0,0.075
136390.0,0.04
136406.0,0.09
136416.0,0.035
136417.0,0.04
136429.0,0.21
136440.0,0.085
136445.0,0.31
136449.0,0.03
136454.0,0.175
136457.0,0.03
136467.0,0.16
136474.0,0.145
136503.0,0.095
136505.0,0.215
136558.0,0.02
136578.0,0.15
136579.0,0.09
136582.0,0.14
136583.0,0.06
136588.0,0.09
136593.0,0.085
136605.0,0.3
136617.0,0.075
136620.0,0.1
136625.0,0.085
136640.0,0.14
136643.0,0.185
136653.0,0.175
136654.0,0.285
136660.0,0.06
136661.0,0.01
136663.0,0.085
136683.0,0.265
136711.0,0.165
136726.0,0.31
136730.0,0.13
136739.0,0.445
136740.0,0.255
136745.0,0.005
136751.0,0.105
136754.0,0.085
136758.0,0.155
136762.0,0.27
136763.0,0.075
136778.0,0.065
136782.0,0.09
136798.0,0.275
136808.0,0.285
136811.0,0.1
136829.0,0.06
136832.0,0.09
136838.0,0.105
136846.0,0.215
136848.0,0.09
136852.0,0.075
136854.0,0.055
136856.0,0.085
136862.0,0.4
136863.0,0.075
136885.0,0.105
136887.0,0.24
136902.0,0.37
136918.0,0.07
136922.0,0.09
136923.0,0.05
136929.0,0.19
136940.0,0.05
136967.0,0.195
136968.0,0.15
136972.0,0.11
136984.0,0.18
136993.0,0.21
136994.0,0.145
136995.0,0.03
136999.0,0.005
137013.0,0.06
137015.0,0.175
137023.0,0.12
137025.0,0.205
137032.0,0.065
137033.0,0.285
137045.0,0.11
137049.0,0.02
137051.0,0.11
137052.0,0.065
137101.0,0.26
137119.0,0.185
137142.0,0.16
137149.0,0.17
137166.0,0.045
137167.0,0.065
137192.0,0.045
137193.0,0.145
137194.0,0.13
137204.0,0.12
137214.0,0.01
137222.0,0.125
137223.0,0.09
137234.0,0.08
137254.0,0.075
137269.0,0.035
137284.0,0.09
137285.0,0.36
137286.0,0.225
137287.0,0.15
137300.0,0.28
137305.0,0.235
137313.0,0.085
137344.0,0.375
137346.0,0.14
137354.0,0.195
137356.0,0.18
137357.0,0.155
137364.0,0.2
137368.0,0.015
137380.0,0.1
137383.0,0.02
137395.0,0.07
137432.0,0.055
137433.0,0.135
137435.0,0.06
137444.0,0.035
137453.0,0.165
137454.0,0.175
137455.0,0.15
137456.0,0.045
137457.0,0.175
137465.0,0.125
137476.0,0.08
137515.0,0.07
137544.0,0.18
137549.0,0.03
137560.0,0.185
137577.0,0.16
137590.0,0.055
137591.0,0.145
137592.0,0.135
137595.0,0.055
137614.0,0.18
137624.0,0.07
137640.0,0.015
137651.0,0.155
137657.0,0.04
137658.0,0.22
137672.0,0.16
137673.0,0.065
137687.0,0.195
137688.0,0.115
137689.0,0.04
137700.0,0.355
137711.0,0.14
137715.0,0.155
137718.0,0.06
137721.0,0.13
137722.0,0.22
137726.0,0.145
137739.0,0.165
137741.0,0.04
137743.0,0.12
137747.0,0.055
137761.0,0.065
137796.0,0.02
137807.0,0.095
137809.0,0.11
137824.0,0.08
137827.0,0.11
137846.0,0.17
137862.0,0.05
137865.0,0.08
137868.0,0.135
137875.0,0.025
137878.0,0.09
137883.0,0.115
137888.0,0.06
137913.0,0.155
137915.0,0.175
137934.0,0.11
137936.0,0.21
137937.0,0.175
137942.0,0.095
137944.0,0.175
137947.0,0.05
137960.0,0.11
137977.0,0.165
138006.0,0.065
138007.0,0.055
138008.0,0.03
138019.0,0.265
138021.0,0.035
138022.0,0.095
138025.0,0.135
138044.0,0.1
138046.0,0.14
138050.0,0.145
138068.0,0.24
138084.0,0.05
138085.0,0.055
138086.0,0.045
138087.0,0.05
138089.0,0.095
138100.0,0.075
138105.0,0.015
138107.0,0.07
138127.0,0.09
138128.0,0.085
138129.0,0.025
138131.0,0.045
138132.0,0.05
138150.0,0.035
138156.0,0.11
138169.0,0.16
138174.0,0.12
138177.0,0.085
138187.0,0.115
138189.0,0.085
138193.0,0.115
138203.0,0.08
138209.0,0.1
138237.0,0.095
138243.0,0.1
138273.0,0.03
138274.0,0.125
138275.0,0.025
138277.0,0.14
138285.0,0.075
138289.0,0.13
138308.0,0.125
138313.0,0.165
138317.0,0.085
138326.0,0.155
138327.0,0.205
138338.0,0.05
138367.0,0.085
138377.0,0.145
138416.0,0.06
138417.0,0.045
138419.0,0.075
138425.0,0.125
138430.0,0.11
138454.0,0.085
138465.0,0.125
138470.0,0.055
138480.0,0.16
138481.0,0.27
138486.0,0.11
138492.0,0.085
138496.0,0.15
138519.0,0.195
138520.0,0.14
138522.0,0.215
138545.0,0.03
138556.0,0.175
138560.0,0.035
138564.0,0.13
138573.0,0.105
138581.0,0.3
138585.0,0.135
138591.0,0.09
138598.0,0.08
138600.0,0.07
138602.0,0.02
138613.0,0.255
138639.0,0.115
138651.0,0.085
138652.0,0.19
138661.0,0.24
138674.0,0.18
138678.0,0.34
138679.0,0.01
138686.0,0.105
138695.0,0.075
138711.0,0.05
138728.0,0.155
138731.0,0.05
138744.0,0.225
138752.0,0.515
138754.0,0.135
138756.0,0.175
138770.0,0.08
138771.0,0.185
138807.0,0.03
138818.0,0.125
138819.0,0.205
138820.0,0.03
138831.0,0.05
138843.0,0.07
138871.0,0.195
138873.0,0.03
138876.0,0.055
138880.0,0.105
138881.0,0.055
138882.0,0.11
138890.0,0.11
138892.0,0.06
138893.0,0.105
138917.0,0.05
138921.0,0.225
138922.0,0.225
138924.0,0.055
138926.0,0.11
138932.0,0.145
138946.0,0.15
138959.0,0.09
138961.0,0.035
138964.0,0.05
138968.0,0.23
138969.0,0.18
138980.0,0.085
138992.0,0.23
139002.0,0.15
139010.0,0.16
139011.0,0.065
139017.0,0.12
139030.0,0.045
139032.0,0.105
139034.0,0.255
139039.0,0.095
139049.0,0.22
139053.0,0.025
139058.0,0.265
139062.0,0.265
139067.0,0.415
139069.0,0.325
139070.0,0.29
139075.0,0.125
139082.0,0.13
139092.0,0.16
139098.0,0.14
139108.0,0.195
139127.0,0.38
139130.0,0.225
139145.0,0.065
139164.0,0.115
139174.0,0.075
139175.0,0.185
139178.0,0.065
139180.0,0.05
139181.0,0.18
139186.0,0.09
139189.0,0.06
139190.0,0.03
139191.0,0.04
139198.0,0.03
139201.0,0.12
139204.0,0.195
139208.0,0.04
139211.0,0.105
139215.0,0.08
139225.0,0.13
139226.0,0.025
139231.0,0.06
139246.0,0.4
139252.0,0.175
139256.0,0.05
139258.0,0.085
139268.0,0.065
139272.0,0.11
139283.0,0.11
139286.0,0.04
139289.0,0.1
139290.0,0.215
139291.0,0.04
139293.0,0.085
139303.0,0.095
139304.0,0.095
139307.0,0.26
139319.0,0.03
139321.0,0.145
139326.0,0.095
139327.0,0.09
139355.0,0.235
139363.0,0.11
139375.0,0.08
139397.0,0.195
139412.0,0.215
139413.0,0.045
139415.0,0.135
139416.0,0.125
139449.0,0.27
139461.0,0.09
139462.0,0.315
139463.0,0.195
139486.0,0.06
139493.0,0.145
139515.0,0.14
139516.0,0.335
139522.0,0.155
139532.0,0.085
139542.0,0.125
139545.0,0.115
139552.0,0.23
139553.0,0.105
139555.0,0.115
139559.0,0.08
139560.0,0.07
139564.0,0.06
139565.0,0.11
139567.0,0.035
139568.0,0.09
139572.0,0.065
139573.0,0.11
139592.0,0.05
139595.0,0.465
139597.0,0.17
139598.0,0.145
139607.0,0.28
139609.0,0.165
139628.0,0.06
139653.0,0.105
139656.0,0.315
139661.0,0.085
139673.0,0.06
139674.0,0.06
139683.0,0.04
139714.0,0.145
139724.0,0.04
139737.0,0.185
139749.0,0.095
139755.0,0.005
139756.0,0.2
139757.0,0.08
139763.0,0.195
139769.0,0.29
139774.0,0.235
139775.0,0.125
139777.0,0.05
139780.0,0.185
139788.0,0.22
139794.0,0.18
139831.0,0.2
139832.0,0.065
139834.0,0.06
139839.0,0.045
139843.0,0.195
139844.0,0.07
139858.0,0.355
139861.0,0.26
139864.0,0.12
139865.0,0.12
139874.0,0.08
139876.0,0.1
139895.0,0.105
139903.0,0.195
139917.0,0.065
139930.0,0.02
139934.0,0.255
139935.0,0.07
139946.0,0.09
139958.0,0.08
139977.0,0.065
139981.0,0.085
139989.0,0.05
139992.0,0.145
139995.0,0.1
139996.0,0.09
139997.0,0.055
140005.0,0.135
140010.0,0.23
140018.0,0.08
140026.0,0.15
140027.0,0.14
140031.0,0.105
140037.0,0.06
140039.0,0.01
140040.0,0.325
140042.0,0.045
140049.0,0.395
140084.0,0.23
140087.0,0.04
140096.0,0.095
140101.0,0.36
140114.0,0.105
140117.0,0.2
140129.0,0.28
140131.0,0.29
140132.0,0.045
140136.0,0.21
140144.0,0.065
140151.0,0.14
140172.0,0.075
140174.0,0.095
140190.0,0.175
140196.0,0.115
140200.0,0.05
140204.0,0.21
140223.0,0.14
140232.0,0.08
140234.0,0.185
140237.0,0.15
140245.0,0.165
140247.0,0.25
140248.0,0.05
140298.0,0.09
140305.0,0.4
140311.0,0.045
140312.0,0.215
140318.0,0.145
140325.0,0.145
140327.0,0.275
140334.0,0.135
140337.0,0.055
140338.0,0.015
140343.0,0.105
140376.0,0.07
140378.0,0.145
140381.0,0.075
140382.0,0.14
140384.0,0.07
140386.0,0.285
140390.0,0.03
140402.0,0.02
140406.0,0.035
140425.0,0.06
140426.0,0.095
140434.0,0.11
140435.0,0.075
140436.0,0.265
140451.0,0.095
140452.0,0.085
140454.0,0.085
140455.0,0.065
140483.0,0.13
140504.0,0.055
140512.0,0.18
140518.0,0.045
140534.0,0.05
140545.0,0.06
140546.0,0.145
140560.0,0.025
140563.0,0.045
140564.0,0.185
140569.0,0.05
140577.0,0.115
140638.0,0.08
140655.0,0.295
140664.0,0.165
140669.0,0.14
140672.0,0.415
140682.0,0.08
140693.0,0.17
140700.0,0.01
140701.0,0.105
140704.0,0.09
140705.0,0.11
140719.0,0.025
140749.0,0.255
140750.0,0.055
140751.0,0.075
140752.0,0.11
140762.0,0.17
140772.0,0.075
140778.0,0.17
140779.0,0.1
140780.0,0.055
140802.0,0.02
140804.0,0.26
140807.0,0.255
140813.0,0.055
140827.0,0.09
140840.0,0.03
140845.0,0.135
140847.0,0.2
140861.0,0.02
140862.0,0.12
140872.0,0.015
140879.0,0.055
140880.0,0.19
140886.0,0.11
140924.0,0.03
140938.0,0.055
140944.0,0.095
140945.0,0.275
140961.0,0.07
140963.0,0.08
140967.0,0.205
140982.0,0.16
140990.0,0.03
140993.0,0.105
140996.0,0.325
141004.0,0.075
141025.0,0.355
141030.0,0.03
141031.0,0.015
141032.0,0.075
141067.0,0.04
141072.0,0.19
141081.0,0.205
141084.0,0.16
141085.0,0.07
141089.0,0.135
141090.0,0.075
141093.0,0.085
141095.0,0.1
141110.0,0.07
141114.0,0.095
141119.0,0.24
141147.0,0.155
141150.0,0.24
141159.0,0.195
141160.0,0.28
141167.0,0.025
141206.0,0.065
141213.0,0.14
141215.0,0.24
141222.0,0.15
141255.0,0.18
141283.0,0.065
141298.0,0.24
141306.0,0.045
141310.0,0.26
141320.0,0.07
141323.0,0.135
141329.0,0.145
141333.0,0.095
141339.0,0.06
141340.0,0.13
141344.0,0.18
141345.0,0.04
141347.0,0.06
141350.0,0.065
141356.0,0.07
141358.0,0.1
141365.0,0.08
141368.0,0.035
141369.0,0.07
141376.0,0.175
141377.0,0.07
141385.0,0.06
141387.0,0.09
141388.0,0.38
141389.0,0.15
141390.0,0.12
141409.0,0.03
141410.0,0.115
141411.0,0.225
141414.0,0.16
141422.0,0.19
141426.0,0.165
141457.0,0.05
141470.0,0.115
141480.0,0.05
141481.0,0.05
141492.0,0.09
141493.0,0.09
141496.0,0.065
141497.0,0.1
141502.0,0.03
141503.0,0.065
141504.0,0.27
141507.0,0.115
141515.0,0.02
141524.0,0.545
141528.0,0.07
141540.0,0.04
141542.0,0.09
141551.0,0.305
141573.0,0.105
141580.0,0.055
141588.0,0.145
141596.0,0.28
141597.0,0.1
141602.0,0.155
141608.0,0.155
141611.0,0.005
141612.0,0.205
141618.0,0.13
141628.0,0.06
141632.0,0.165
141634.0,0.135
141637.0,0.115
141638.0,0.19
141639.0,0.055
141640.0,0.385
141644.0,0.225
141654.0,0.265
141656.0,0.015
141668.0,0.05
141717.0,0.28
141718.0,0.105
141723.0,0.325
141743.0,0.13
141744.0,0.065
141750.0,0.135
141753.0,0.045
141762.0,0.225
141809.0,0.17
141815.0,0.115
141826.0,0.015
141832.0,0.075
141840.0,0.045
141869.0,0.21
141870.0,0.19
141887.0,0.225
141915.0,0.11
141925.0,0.055
141945.0,0.415
141949.0,0.025
141958.0,0.145
141959.0,0.03
141963.0,0.075
141989.0,0.045
141995.0,0.095
141997.0,0.12
142005.0,0.045
142008.0,0.21
142012.0,0.085
142014.0,0.015
142025.0,0.12
142036.0,0.055
142037.0,0.1
142038.0,0.02
142039.0,0.04
142064.0,0.135
142065.0,0.23
142070.0,0.1
142074.0,0.05
142079.0,0.105
142084.0,0.27
142087.0,0.135
142102.0,0.085
142106.0,0.07
142115.0,0.045
142120.0,0.055
142132.0,0.08
142139.0,0.245
142142.0,0.095
142153.0,0.135
142160.0,0.115
142162.0,0.035
142163.0,0.045
142167.0,0.06
142168.0,0.07
142177.0,0.22
142180.0,0.37
142183.0,0.035
142186.0,0.095
142189.0,0.095
142195.0,0.08
142198.0,0.05
142210.0,0.12
142215.0,0.195
142222.0,0.04
142223.0,0.145
142224.0,0.045
142236.0,0.115
142237.0,0.075
142239.0,0.045
142242.0,0.055
142243.0,0.075
142244.0,0.045
142255.0,0.025
142273.0,0.06
142289.0,0.115
142294.0,0.055
142303.0,0.19
142305.0,0.07
142339.0,0.185
142359.0,0.24
142361.0,0.04
142364.0,0.065
142378.0,0.275
142380.0,0.065
142383.0,0.145
142387.0,0.165
142393.0,0.115
142396.0,0.3
142407.0,0.15
142409.0,0.13
142427.0,0.02
142429.0,0.52
142430.0,0.08
142431.0,0.15
142433.0,0.215
142439.0,0.165
142440.0,0.055
142446.0,0.05
142459.0,0.085
142478.0,0.06
142481.0,0.035
142491.0,0.19
142495.0,0.055
142497.0,0.075
142510.0,0.16
142513.0,0.1
142521.0,0.075
142529.0,0.075
142537.0,0.065
142542.0,0.22
142558.0,0.075
142574.0,0.1
142575.0,0.035
142579.0,0.055
142587.0,0.08
142590.0,0.45
142610.0,0.055
142614.0,0.03
142621.0,0.045
142641.0,0.06
142650.0,0.135
142653.0,0.165
142667.0,0.11
142671.0,0.205
142676.0,0.105
142680.0,0.105
142684.0,0.1
142685.0,0.025
142686.0,0.105
142689.0,0.15
142691.0,0.24
142704.0,0.155
142707.0,0.055
142724.0,0.075
142727.0,0.085
142728.0,0.075
142741.0,0.025
142747.0,0.165
142748.0,0.085
142752.0,0.05
142755.0,0.07
142756.0,0.15
142759.0,0.035
142762.0,0.065
142771.0,0.07
142778.0,0.075
142783.0,0.26
142789.0,0.21
142790.0,0.185
142791.0,0.22
142793.0,0.2
142795.0,0.155
142803.0,0.15
142819.0,0.045
142822.0,0.045
142825.0,0.11
142833.0,0.05
142871.0,0.045
142872.0,0.03
142883.0,0.225
142905.0,0.04
142906.0,0.13
142917.0,0.215
142921.0,0.16
142927.0,0.135
142932.0,0.025
142940.0,0.1
142962.0,0.11
142969.0,0.18
142976.0,0.065
142977.0,0.245
142982.0,0.16
142988.0,0.075
142990.0,0.17
142992.0,0.055
143012.0,0.11
143013.0,0.235
143016.0,0.135
143017.0,0.105
143033.0,0.145
143058.0,0.065
143059.0,0.035
143060.0,0.04
143065.0,0.125
143076.0,0.115
143081.0,0.43
143088.0,0.095
143089.0,0.075
143090.0,0.04
143094.0,0.03
143100.0,0.04
143115.0,0.075
143132.0,0.065
143135.0,0.055
143136.0,0.215
143149.0,0.265
143151.0,0.08
143152.0,0.09
143153.0,0.165
143162.0,0.11
143166.0,0.09
143167.0,0.085
143187.0,0.19
143188.0,0.035
143190.0,0.125
143191.0,0.03
143195.0,0.22
143207.0,0.105
143209.0,0.295
143227.0,0.045
143231.0,0.09
143232.0,0.08
143244.0,0.095
143263.0,0.1
143268.0,0.265
143275.0,0.195
143278.0,0.155
143302.0,0.11
143320.0,0.055
143328.0,0.12
143336.0,0.02
143339.0,0.06
143340.0,0.175
143353.0,0.06
143360.0,0.115
143361.0,0.29
143385.0,0.275
143388.0,0.2
143389.0,0.125
143390.0,0.035
143393.0,0.375
143396.0,0.255
143419.0,0.08
143421.0,0.04
143422.0,0.09
143431.0,0.035
143433.0,0.105
143440.0,0.275
143442.0,0.03
143463.0,0.04
143466.0,0.11
143475.0,0.06
143500.0,0.16
143510.0,0.07
143528.0,0.04
143532.0,0.065
143535.0,0.07
143538.0,0.11
143548.0,0.1
143550.0,0.08
143555.0,0.055
143576.0,0.155
143593.0,0.17
143595.0,0.155
143596.0,0.03
143597.0,0.11
143599.0,0.06
143601.0,0.055
143602.0,0.065
143605.0,0.07
143609.0,0.25
143611.0,0.13
143613.0,0.06
143618.0,0.11
143652.0,0.07
143667.0,0.09
143679.0,0.105
143680.0,0.045
143692.0,0.145
143703.0,0.145
143712.0,0.265
143714.0,0.105
143715.0,0.035
143729.0,0.165
143732.0,0.125
143738.0,0.145
143740.0,0.165
143743.0,0.16
143772.0,0.155
143773.0,0.11
143792.0,0.085
143802.0,0.025
143808.0,0.125
143819.0,0.055
143820.0,0.195
143825.0,0.055
143828.0,0.015
143831.0,0.175
143834.0,0.02
143835.0,0.01
143843.0,0.02
143860.0,0.04
143874.0,0.07
143889.0,0.155
143903.0,0.12
143921.0,0.22
143936.0,0.05
143944.0,0.13
143947.0,0.185
143948.0,0.025
143957.0,0.355
143964.0,0.37
143965.0,0.04
143971.0,0.17
143976.0,0.19
143977.0,0.155
143983.0,0.15
143991.0,0.11
144015.0,0.135
144032.0,0.08
144057.0,0.095
144065.0,0.065
144087.0,0.055
144090.0,0.04
144091.0,0.265
144092.0,0.125
144139.0,0.055
144150.0,0.045
144151.0,0.075
144153.0,0.195
144154.0,0.26
144159.0,0.32
144168.0,0.13
144169.0,0.06
144178.0,0.35
144179.0,0.025
144183.0,0.04
144186.0,0.13
144190.0,0.24
144191.0,0.095
144199.0,0.23
144226.0,0.065
144227.0,0.03
144229.0,0.06
144237.0,0.07
144247.0,0.02
144249.0,0.245
144259.0,0.185
144260.0,0.09
144282.0,0.105
144295.0,0.125
144304.0,0.075
144314.0,0.065
144318.0,0.145
144324.0,0.16
144325.0,0.035
144333.0,0.145
144334.0,0.06
144336.0,0.09
144350.0,0.11
144354.0,0.05
144357.0,0.025
144359.0,0.035
144365.0,0.07
144385.0,0.065
144386.0,0.015
144387.0,0.22
144390.0,0.09
144393.0,0.065
144398.0,0.105
144402.0,0.06
144416.0,0.1
144422.0,0.165
144446.0,0.32
144451.0,0.03
144461.0,0.11
144464.0,0.15
144483.0,0.065
144498.0,0.33
144499.0,0.07
144534.0,0.055
144549.0,0.17
144563.0,0.03
144570.0,0.35
144579.0,0.055
144580.0,0.035
144581.0,0.03
144582.0,0.07
144587.0,0.03
144588.0,0.075
144589.0,0.05
144590.0,0.045
144598.0,0.15
144601.0,0.035
144610.0,0.08
144611.0,0.14
144612.0,0.07
144613.0,0.02
144617.0,0.14
144635.0,0.285
144640.0,0.085
144644.0,0.05
144645.0,0.06
144654.0,0.12
144656.0,0.135
144657.0,0.165
144658.0,0.085
144659.0,0.18
144665.0,0.03
144667.0,0.07
144675.0,0.1
144677.0,0.245
144678.0,0.08
144690.0,0.12
144701.0,0.305
144702.0,0.225
144716.0,0.05
144721.0,0.09
144722.0,0.22
144729.0,0.115
144744.0,0.08
144753.0,0.03
144761.0,0.03
144764.0,0.335
144767.0,0.055
144780.0,0.095
144781.0,0.08
144784.0,0.085
144806.0,0.055
144810.0,0.245
144811.0,0.205
144824.0,0.07
144828.0,0.2
144829.0,0.085
144835.0,0.17
144849.0,0.09
144850.0,0.025
144870.0,0.085
144881.0,0.225
144891.0,0.055
144898.0,0.18
144904.0,0.04
144906.0,0.05
144909.0,0.06
144910.0,0.18
144912.0,0.225
144963.0,0.11
144965.0,0.16
144966.0,0.195
144979.0,0.075
144990.0,0.145
144991.0,0.035
144992.0,0.365
144999.0,0.205
145006.0,0.11
145007.0,0.095
145008.0,0.065
145009.0,0.125
145011.0,0.025
145014.0,0.14
145025.0,0.05
145036.0,0.055
145041.0,0.09
145058.0,0.115
145071.0,0.125
145106.0,0.055
145110.0,0.055
145142.0,0.14
145146.0,0.27
145147.0,0.025
145148.0,0.135
145149.0,0.125
145154.0,0.125
145157.0,0.07
145158.0,0.01
145167.0,0.02
145172.0,0.055
145174.0,0.045
145192.0,0.035
145195.0,0.21
145196.0,0.23
145199.0,0.03
145209.0,0.265
145242.0,0.055
145248.0,0.07
145249.0,0.075
145250.0,0.07
145281.0,0.15
145287.0,0.11
145288.0,0.295
145298.0,0.19
145303.0,0.03
145309.0,0.115
145333.0,0.14
145336.0,0.07
145339.0,0.255
145350.0,0.135
145353.0,0.055
145354.0,0.115
145358.0,0.09
145382.0,0.225
145383.0,0.335
145389.0,0.055
145390.0,0.205
145391.0,0.15
145392.0,0.135
145407.0,0.04
145410.0,0.09
145412.0,0.23
145415.0,0.095
145418.0,0.07
145419.0,0.085
145440.0,0.03
145451.0,0.15
145476.0,0.28
145481.0,0.08
145482.0,0.03
145484.0,0.075
145502.0,0.07
145512.0,0.065
145515.0,0.035
145521.0,0.035
145523.0,0.07
145554.0,0.04
145557.0,0.085
145560.0,0.195
145563.0,0.19
145569.0,0.06
145586.0,0.455
145601.0,0.095
145602.0,0.17
145615.0,0.12
145623.0,0.17
145638.0,0.04
145640.0,0.025
145645.0,0.05
145654.0,0.12
145664.0,0.15
145677.0,0.055
145679.0,0.01
145681.0,0.2
145698.0,0.145
145709.0,0.025
145713.0,0.03
145720.0,0.125
145780.0,0.085
145781.0,0.075
145798.0,0.18
145811.0,0.165
145819.0,0.075
145833.0,0.23
145834.0,0.13
145835.0,0.105
145844.0,0.045
145862.0,0.07
145869.0,0.16
145871.0,0.03
145872.0,0.025
145874.0,0.38
145888.0,0.075
145891.0,0.15
145907.0,0.07
145908.0,0.2
145919.0,0.165
145925.0,0.075
145940.0,0.145
145941.0,0.115
145943.0,0.09
145951.0,0.065
145954.0,0.085
145957.0,0.055
145962.0,0.235
145974.0,0.08
145976.0,0.13
145987.0,0.075
145988.0,0.38
145989.0,0.11
145990.0,0.07
145991.0,0.26
145993.0,0.09
146000.0,0.255
146001.0,0.03
146006.0,0.045
146011.0,0.025
146014.0,0.12
146020.0,0.11
146021.0,0.04
146022.0,0.18
146026.0,0.13
146028.0,0.13
146032.0,0.225
146033.0,0.215
146037.0,0.23
146059.0,0.075
146060.0,0.275
146063.0,0.085
146069.0,0.13
146086.0,0.035
146090.0,0.42
146092.0,0.03
146094.0,0.205
146097.0,0.055
146098.0,0.165
146106.0,0.065
146115.0,0.05
146121.0,0.12
146122.0,0.14
146140.0,0.17
146142.0,0.08
146146.0,0.115
146149.0,0.095
146153.0,0.055
146155.0,0.085
146156.0,0.065
146159.0,0.135
146172.0,0.28
146176.0,0.215
146184.0,0.07
146186.0,0.23
146191.0,0.095
146198.0,0.05
146199.0,0.08
146202.0,0.035
146206.0,0.15
146214.0,0.045
146221.0,0.07
146232.0,0.175
146239.0,0.18
146246.0,0.235
146247.0,0.025
146252.0,0.05
146255.0,0.06
146256.0,0.03
146262.0,0.15
146277.0,0.155
146292.0,0.145
146303.0,0.055
146305.0,0.095
146313.0,0.095
146317.0,0.1
146330.0,0.085
146344.0,0.06
146345.0,0.195
146347.0,0.245
146356.0,0.09
146369.0,0.075
146384.0,0.13
146385.0,0.035
146386.0,0.18
146388.0,0.02
146404.0,0.04
146409.0,0.28
146413.0,0.045
146421.0,0.17
146428.0,0.215
146451.0,0.24
146458.0,0.03
146466.0,0.005
146476.0,0.045
146485.0,0.035
146486.0,0.075
146487.0,0.14
146500.0,0.13
146502.0,0.06
146512.0,0.205
146514.0,0.085
146515.0,0.23
146516.0,0.115
146533.0,0.06
146535.0,0.05
146541.0,0.095
146557.0,0.14
146562.0,0.19
146565.0,0.045
146570.0,0.045
146571.0,0.04
146574.0,0.19
146587.0,0.11
146591.0,0.045
146597.0,0.115
146600.0,0.105
146614.0,0.325
146621.0,0.12
146623.0,0.17
146631.0,0.14
146644.0,0.115
146649.0,0.055
146651.0,0.01
146652.0,0.065
146663.0,0.04
146680.0,0.08
146683.0,0.11
146714.0,0.13
146724.0,0.135
146730.0,0.065
146732.0,0.25
146738.0,0.09
146752.0,0.08
146755.0,0.07
146756.0,0.12
146759.0,0.07
146760.0,0.195
146761.0,0.105
146765.0,0.075
146806.0,0.15
146809.0,0.315
146810.0,0.12
146811.0,0.12
146815.0,0.165
146820.0,0.205
146821.0,0.05
146824.0,0.2
146829.0,0.09
146842.0,0.14
146864.0,0.07
146891.0,0.125
146918.0,0.1
146955.0,0.06
146957.0,0.115
146972.0,0.21
146973.0,0.105
146979.0,0.105
146982.0,0.05
146984.0,0.12
146997.0,0.17
147001.0,0.065
147008.0,0.15
147014.0,0.045
147022.0,0.08
147038.0,0.02
147048.0,0.16
147060.0,0.09
147061.0,0.065
147077.0,0.125
147082.0,0.075
147083.0,0.11
147085.0,0.185
147086.0,0.08
147099.0,0.165
147127.0,0.08
147128.0,0.105
147133.0,0.075
147138.0,0.015
147139.0,0.015
147150.0,0.065
147155.0,0.15
147171.0,0.12
147172.0,0.175
147182.0,0.09
147195.0,0.04
147199.0,0.035
147216.0,0.145
147224.0,0.06
147225.0,0.135
147230.0,0.05
147240.0,0.1
147250.0,0.055
147253.0,0.02
147254.0,0.505
147264.0,0.055
147294.0,0.07
147308.0,0.075
147309.0,0.08
147315.0,0.21
147319.0,0.07
147329.0,0.04
147340.0,0.085
147345.0,0.315
147353.0,0.025
147354.0,0.19
147364.0,0.125
147366.0,0.065
147373.0,0.075
147382.0,0.085
147383.0,0.145
147390.0,0.075
147408.0,0.15
147411.0,0.065
147415.0,0.18
147416.0,0.31
147425.0,0.03
147427.0,0.07
147438.0,0.18
147439.0,0.065
147457.0,0.055
147459.0,0.05
147463.0,0.075
147469.0,0.12
147476.0,0.24
147483.0,0.035
147497.0,0.085
147502.0,0.365
147515.0,0.135
147523.0,0.09
147527.0,0.08
147541.0,0.23
147551.0,0.06
147552.0,0.195
147561.0,0.06
147571.0,0.1
147587.0,0.03
147657.0,0.165
147659.0,0.085
147670.0,0.015
147695.0,0.13
147696.0,0.12
147702.0,0.305
147710.0,0.31
147711.0,0.04
147712.0,0.13
147713.0,0.2
147720.0,0.085
147722.0,0.105
147742.0,0.045
147750.0,0.12
147761.0,0.14
147764.0,0.155
147770.0,0.04
147771.0,0.23
147774.0,0.24
147786.0,0.075
147787.0,0.13
147791.0,0.07
147792.0,0.14
147793.0,0.19
147794.0,0.055
147801.0,0.08
147824.0,0.025
147826.0,0.05
147840.0,0.1
147847.0,0.015
147862.0,0.05
147865.0,0.1
147882.0,0.18
147893.0,0.235
147925.0,0.12
147932.0,0.28
147942.0,0.07
147953.0,0.055
147955.0,0.43
147964.0,0.105
147966.0,0.16
147981.0,0.035
147982.0,0.225
147990.0,0.115
147998.0,0.16
148002.0,0.18
148013.0,0.205
148025.0,0.195
148026.0,0.22
148031.0,0.245
148035.0,0.175
148042.0,0.125
148047.0,0.025
148050.0,0.09
148063.0,0.14
148065.0,0.16
148069.0,0.3
148070.0,0.1
148075.0,0.195
148076.0,0.125
148087.0,0.04
148091.0,0.185
148102.0,0.075
148107.0,0.03
148108.0,0.155
148113.0,0.075
148131.0,0.245
148141.0,0.08
148149.0,0.19
148150.0,0.225
148163.0,0.16
148175.0,0.105
148185.0,0.21
148187.0,0.165
148198.0,0.225
148204.0,0.135
148205.0,0.05
148212.0,0.23
148216.0,0.285
148217.0,0.205
148223.0,0.01
148224.0,0.225
148235.0,0.12
148255.0,0.175
148276.0,0.095
148285.0,0.035
148289.0,0.055
148292.0,0.145
148294.0,0.155
148314.0,0.165
148319.0,0.125
148320.0,0.125
148322.0,0.12
148323.0,0.13
148325.0,0.14
148333.0,0.16
148339.0,0.045
148359.0,0.105
148361.0,0.125
148364.0,0.13
148380.0,0.025
148382.0,0.125
148386.0,0.245
148393.0,0.145
148394.0,0.1
148404.0,0.195
148419.0,0.13
148423.0,0.145
148437.0,0.335
148440.0,0.1
148448.0,0.045
148449.0,0.06
148450.0,0.09
148451.0,0.06
148458.0,0.225
148471.0,0.085
148475.0,0.095
148476.0,0.05
148497.0,0.09
148511.0,0.11
148512.0,0.13
148534.0,0.105
148545.0,0.12
148557.0,0.15
148564.0,0.06
148570.0,0.08
148586.0,0.125
148596.0,0.34
148600.0,0.16
148607.0,0.095
148609.0,0.115
148622.0,0.025
148623.0,0.085
148625.0,0.29
148626.0,0.04
148628.0,0.04
148632.0,0.1
148639.0,0.11
148643.0,0.115
148644.0,0.2
148680.0,0.015
148702.0,0.21
148716.0,0.125
148717.0,0.05
148726.0,0.245
148738.0,0.235
148746.0,0.09
148749.0,0.095
148750.0,0.18
148769.0,0.06
148791.0,0.14
148803.0,0.02
148804.0,0.09
148823.0,0.05
148831.0,0.135
148849.0,0.06
148850.0,0.035
148855.0,0.12
148893.0,0.035
148896.0,0.07
148899.0,0.075
148903.0,0.095
148910.0,0.11
148911.0,0.2
148912.0,0.265
148913.0,0.155
148933.0,0.145
148935.0,0.1
148937.0,0.075
148946.0,0.26
148955.0,0.07
148980.0,0.14
148996.0,0.2
149015.0,0.195
149025.0,0.075
149028.0,0.19
149029.0,0.12
149035.0,0.045
149050.0,0.035
149051.0,0.07
149052.0,0.165
149056.0,0.035
149062.0,0.095
149067.0,0.18
149076.0,0.25
149090.0,0.3
149106.0,0.15
149107.0,0.045
149118.0,0.225
149119.0,0.095
149130.0,0.185
149154.0,0.095
149157.0,0.23
149158.0,0.055
149160.0,0.03
149163.0,0.11
149164.0,0.125
149165.0,0.035
149166.0,0.085
149214.0,0.215
149231.0,0.17
149236.0,0.035
149237.0,0.075
149246.0,0.07
149247.0,0.035
149253.0,0.05
149254.0,0.035
149265.0,0.195
149266.0,0.05
149277.0,0.305
149283.0,0.195
149289.0,0.175
149310.0,0.12
149314.0,0.04
149318.0,0.125
149319.0,0.04
149320.0,0.07
149321.0,0.29
149333.0,0.1
149337.0,0.28
149338.0,0.06
149341.0,0.07
149342.0,0.035
149349.0,0.025
149351.0,0.24
149354.0,0.04
149360.0,0.045
149362.0,0.07
149366.0,0.015
149372.0,0.255
149376.0,0.055
149388.0,0.16
149393.0,0.165
149401.0,0.045
149405.0,0.205
149412.0,0.275
149415.0,0.225
149416.0,0.055
149430.0,0.185
149435.0,0.085
149436.0,0.085
149444.0,0.23
149456.0,0.075
149471.0,0.015
149480.0,0.02
149481.0,0.07
149490.0,0.17
149491.0,0.115
149503.0,0.12
149512.0,0.115
149524.0,0.045
149525.0,0.05
149532.0,0.09
149533.0,0.195
149536.0,0.56
149540.0,0.11
149548.0,0.1
149563.0,0.075
149568.0,0.13
149569.0,0.16
149570.0,0.1
149582.0,0.035
149584.0,0.05
149587.0,0.085
149592.0,0.17
149596.0,0.155
149599.0,0.115
149612.0,0.105
149643.0,0.1
149648.0,0.24
149665.0,0.115
149666.0,0.16
149671.0,0.045
149675.0,0.085
149676.0,0.21
149677.0,0.035
149680.0,0.24
149711.0,0.06
149723.0,0.165
149726.0,0.21
149727.0,0.03
149730.0,0.035
149733.0,0.135
149734.0,0.2
149736.0,0.21
149750.0,0.055
149752.0,0.225
149767.0,0.165
149791.0,0.165
149793.0,0.04
149810.0,0.045
149850.0,0.065
149857.0,0.1
149858.0,0.01
149860.0,0.225
149882.0,0.02
149889.0,0.045
149890.0,0.34
149918.0,0.05
149919.0,0.225
149927.0,0.045
149928.0,0.14
149940.0,0.245
149944.0,0.05
149947.0,0.205
149951.0,0.13
149956.0,0.12
149958.0,0.205
149969.0,0.04
149988.0,0.065
149996.0,0.11
150007.0,0.055
150018.0,0.075
150025.0,0.095
150054.0,0.13
150064.0,0.135
150070.0,0.125
150074.0,0.14
150078.0,0.065
150084.0,0.075
150106.0,0.095
150111.0,0.245
150115.0,0.085
150117.0,0.16
150120.0,0.09
150127.0,0.2
150128.0,0.13
150130.0,0.19
150132.0,0.24
150135.0,0.015
150145.0,0.095
150148.0,0.075
150153.0,0.075
150154.0,0.055
150173.0,0.03
150174.0,0.125
150176.0,0.08
150177.0,0.07
150178.0,0.22
150179.0,0.23
150187.0,0.04
150207.0,0.12
150223.0,0.105
150224.0,0.07
150229.0,0.035
150233.0,0.025
150245.0,0.025
150252.0,0.03
150257.0,0.15
150258.0,0.13
150267.0,0.095
150268.0,0.225
150272.0,0.255
150282.0,0.105
150289.0,0.155
150299.0,0.025
150307.0,0.18
150310.0,0.04
150311.0,0.105
150312.0,0.125
150313.0,0.235
150324.0,0.21
150335.0,0.075
150343.0,0.105
150354.0,0.03
150363.0,0.12
150365.0,0.07
150377.0,0.065
150381.0,0.33
150382.0,0.065
150414.0,0.125
150418.0,0.14
150431.0,0.065
150449.0,0.05
150450.0,0.24
150473.0,0.055
150475.0,0.12
150476.0,0.17
150478.0,0.115
150488.0,0.19
150499.0,0.24
150501.0,0.16
150503.0,0.105
150518.0,0.035
150529.0,0.105
150531.0,0.07
150532.0,0.13
150535.0,0.145
150543.0,0.225
150545.0,0.29
150548.0,0.065
150552.0,0.08
150558.0,0.12
150574.0,0.105
150576.0,0.3
150577.0,0.09
150594.0,0.155
150601.0,0.06
150604.0,0.085
150618.0,0.06
150626.0,0.15
150627.0,0.205
150635.0,0.275
150648.0,0.05
150649.0,0.225
150650.0,0.145
150651.0,0.125
150652.0,0.1
150657.0,0.255
150659.0,0.08
150666.0,0.095
150667.0,0.055
150680.0,0.035
150698.0,0.34
150700.0,0.35
150713.0,0.085
150715.0,0.085
150718.0,0.07
150724.0,0.245
150731.0,0.11
150734.0,0.12
150738.0,0.025
150744.0,0.07
150745.0,0.155
150746.0,0.2
150749.0,0.025
150750.0,0.1
150753.0,0.075
150759.0,0.07
150762.0,0.08
150764.0,0.05
150782.0,0.1
150784.0,0.07
150785.0,0.12
150786.0,0.07
150789.0,0.18
150802.0,0.07
150809.0,0.035
150810.0,0.1
150817.0,0.065
150820.0,0.065
150822.0,0.075
150845.0,0.05
150846.0,0.155
150854.0,0.115
150858.0,0.265
150866.0,0.13
150869.0,0.055
150874.0,0.16
150887.0,0.045
150889.0,0.1
150892.0,0.13
150896.0,0.045
150901.0,0.33
150914.0,0.27
150918.0,0.13
150919.0,0.09
150929.0,0.125
150935.0,0.07
150941.0,0.055
150949.0,0.075
150950.0,0.2
150951.0,0.035
150952.0,0.075
150980.0,0.495
150981.0,0.025
150986.0,0.205
150987.0,0.18
151004.0,0.065
151005.0,0.11
151010.0,0.065
151012.0,0.065
151016.0,0.055
151021.0,0.25
151022.0,0.055
151023.0,0.3
151024.0,0.375
151035.0,0.18
151036.0,0.125
151039.0,0.065
151041.0,0.145
151043.0,0.12
151052.0,0.215
151058.0,0.225
151065.0,0.14
151066.0,0.06
151067.0,0.25
151069.0,0.055
151070.0,0.045
151080.0,0.11
151090.0,0.1
151092.0,0.295
151100.0,0.095
151108.0,0.105
151113.0,0.18
151119.0,0.085
151131.0,0.04
151145.0,0.06
151147.0,0.105
151148.0,0.065
151149.0,0.165
151153.0,0.105
151158.0,0.11
151167.0,0.05
151169.0,0.125
151185.0,0.06
151186.0,0.23
151187.0,0.07
151203.0,0.13
151206.0,0.015
151213.0,0.265
151237.0,0.245
151254.0,0.055
151255.0,0.105
151264.0,0.17
151266.0,0.025
151267.0,0.07
151270.0,0.01
151286.0,0.035
151288.0,0.13
151289.0,0.13
151290.0,0.245
151303.0,0.06
151304.0,0.21
151308.0,0.04
151315.0,0.055
151324.0,0.12
151329.0,0.03
151335.0,0.03
151343.0,0.025
151347.0,0.395
151348.0,0.155
151357.0,0.15
151366.0,0.095
151372.0,0.05
151374.0,0.055
151394.0,0.025
151395.0,0.325
151403.0,0.075
151410.0,0.035
151412.0,0.11
151419.0,0.08
151443.0,0.035
151464.0,0.02
151466.0,0.17
151467.0,0.01
151476.0,0.105
151480.0,0.22
151481.0,0.33
151486.0,0.08
151487.0,0.11
151490.0,0.17
151498.0,0.025
151500.0,0.045
151504.0,0.08
151516.0,0.055
151519.0,0.085
151528.0,0.225
151529.0,0.09
151539.0,0.2
151540.0,0.07
151556.0,0.36
151558.0,0.045
151559.0,0.1
151581.0,0.05
151586.0,0.185
151589.0,0.245
151603.0,0.31
151604.0,0.06
151610.0,0.07
151637.0,0.095
151652.0,0.165
151654.0,0.045
151667.0,0.155
151668.0,0.235
151669.0,0.015
151678.0,0.03
151697.0,0.095
151706.0,0.045
151729.0,0.055
151730.0,0.26
151737.0,0.1
151744.0,0.115
151756.0,0.115
151785.0,0.08
151800.0,0.05
151801.0,0.04
151821.0,0.19
151822.0,0.13
151834.0,0.07
151845.0,0.105
151846.0,0.12
151847.0,0.12
151848.0,0.145
151859.0,0.09
151872.0,0.3
151875.0,0.16
151883.0,0.02
151888.0,0.09
151895.0,0.06
151896.0,0.01
151900.0,0.135
151913.0,0.04
151920.0,0.16
151928.0,0.1
151933.0,0.16
151934.0,0.165
151948.0,0.31
151951.0,0.055
151963.0,0.05
151964.0,0.005
151965.0,0.06
151966.0,0.055
151974.0,0.02
151975.0,0.23
151978.0,0.11
151982.0,0.165
151993.0,0.105
152002.0,0.005
152005.0,0.16
152017.0,0.085
152020.0,0.14
152039.0,0.11
152047.0,0.275
152064.0,0.095
152071.0,0.045
152076.0,0.08
152088.0,0.025
152091.0,0.055
152093.0,0.08
152100.0,0.19
152107.0,0.075
152115.0,0.08
152119.0,0.02
152123.0,0.095
152129.0,0.07
152140.0,0.23
152141.0,0.035
152142.0,0.09
152148.0,0.04
152170.0,0.08
152171.0,0.115
152176.0,0.045
152186.0,0.09
152192.0,0.35
152204.0,0.08
152215.0,0.04
152220.0,0.29
152230.0,0.09
152256.0,0.165
152265.0,0.14
152266.0,0.285
152268.0,0.05
152272.0,0.1
152286.0,0.015
152299.0,0.09
152305.0,0.105
152324.0,0.125
152329.0,0.13
152355.0,0.07
152356.0,0.055
152365.0,0.205
152369.0,0.22
152373.0,0.055
152374.0,0.315
152383.0,0.16
152395.0,0.17
152403.0,0.22
152404.0,0.165
152406.0,0.09
152425.0,0.13
152437.0,0.1
152438.0,0.115
152442.0,0.185
152460.0,0.19
152461.0,0.035
152462.0,0.005
152472.0,0.185
152473.0,0.07
152477.0,0.16
152506.0,0.135
152522.0,0.08
152530.0,0.1
152535.0,0.08
152543.0,0.065
152548.0,0.12
152556.0,0.07
152562.0,0.135
152563.0,0.15
152565.0,0.095
152591.0,0.09
152593.0,0.07
152612.0,0.135
152619.0,0.075
152627.0,0.1
152628.0,0.08
152632.0,0.16
152638.0,0.05
152646.0,0.155
152662.0,0.25
152679.0,0.115
152680.0,0.03
152699.0,0.215
152703.0,0.07
152717.0,0.31
152720.0,0.115
152721.0,0.09
152735.0,0.04
152736.0,0.015
152739.0,0.17
152755.0,0.05
152769.0,0.04
152785.0,0.13
152788.0,0.125
152791.0,0.065
152808.0,0.28
152815.0,0.055
152816.0,0.235
152817.0,0.035
152818.0,0.05
152819.0,0.275
152820.0,0.025
152823.0,0.18
152831.0,0.085
152832.0,0.3
152833.0,0.075
152835.0,0.06
152838.0,0.07
152846.0,0.065
152862.0,0.16
152864.0,0.05
152865.0,0.13
152871.0,0.045
152874.0,0.04
152875.0,0.0
152876.0,0.34
152877.0,0.295
152881.0,0.215
152892.0,0.035
152908.0,0.205
152909.0,0.045
152915.0,0.045
152916.0,0.245
152923.0,0.075
152932.0,0.045
152934.0,0.075
152936.0,0.06
152948.0,0.035
152951.0,0.12
152956.0,0.12
152963.0,0.105
152964.0,0.36
152978.0,0.155
152980.0,0.135
152986.0,0.12
153001.0,0.12
153002.0,0.1
153007.0,0.095
153009.0,0.055
153017.0,0.05
153018.0,0.305
153022.0,0.385
153027.0,0.29
153032.0,0.085
153033.0,0.06
153034.0,0.035
153037.0,0.18
153051.0,0.46
153052.0,0.18
153057.0,0.07
153067.0,0.18
153084.0,0.225
153088.0,0.145
153089.0,0.08
153093.0,0.105
153094.0,0.22
153095.0,0.215
153105.0,0.145
153108.0,0.17
153110.0,0.06
153119.0,0.18
153135.0,0.025
153139.0,0.03
153146.0,0.075
153154.0,0.215
153185.0,0.125
153195.0,0.28
153196.0,0.015
153198.0,0.05
153202.0,0.015
153203.0,0.05
153209.0,0.07
153223.0,0.115
153224.0,0.085
153227.0,0.095
153230.0,0.13
153233.0,0.185
153234.0,0.025
153235.0,0.235
153243.0,0.215
153263.0,0.14
153269.0,0.065
153272.0,0.03
153276.0,0.205
153279.0,0.125
153291.0,0.11
153311.0,0.09
153328.0,0.26
153330.0,0.17
153341.0,0.095
153345.0,0.165
153393.0,0.06
153394.0,0.205
153395.0,0.19
153420.0,0.15
153428.0,0.135
153432.0,0.22
153449.0,0.105
153458.0,0.31
153459.0,0.03
153472.0,0.085
153475.0,0.035
153479.0,0.275
153480.0,0.145
153490.0,0.1
153491.0,0.065
153501.0,0.07
153502.0,0.045
153507.0,0.125
153513.0,0.22
153514.0,0.18
153519.0,0.31
153520.0,0.04
153556.0,0.135
153577.0,0.145
153582.0,0.3
153594.0,0.17
153595.0,0.11
153598.0,0.13
153601.0,0.07
153625.0,0.08
153641.0,0.05
153654.0,0.09
153676.0,0.15
153681.0,0.02
153704.0,0.105
153706.0,0.145
153710.0,0.23
153720.0,0.14
153734.0,0.2
153738.0,0.085
153743.0,0.11
153748.0,0.175
153756.0,0.27
153757.0,0.1
153759.0,0.09
153764.0,0.405
153782.0,0.055
153796.0,0.355
153802.0,0.175
153809.0,0.3
153810.0,0.05
153817.0,0.245
153821.0,0.115
153823.0,0.095
153830.0,0.095
153834.0,0.085
153839.0,0.025
153842.0,0.135
153847.0,0.21
153855.0,0.075
153873.0,0.03
153875.0,0.14
153882.0,0.15
153884.0,0.055
153885.0,0.28
153886.0,0.045
153890.0,0.09
153892.0,0.04
153897.0,0.185
153898.0,0.13
153901.0,0.19
153924.0,0.145
153928.0,0.055
153929.0,0.2
153949.0,0.03
153979.0,0.085
153980.0,0.05
153981.0,0.13
154010.0,0.235
154015.0,0.095
154039.0,0.11
154043.0,0.02
154044.0,0.135
154046.0,0.095
154047.0,0.1
154058.0,0.055
154060.0,0.045
154065.0,0.395
154083.0,0.185
154100.0,0.125
154108.0,0.18
154120.0,0.125
154121.0,0.08
154122.0,0.12
154128.0,0.115
154137.0,0.08
154143.0,0.125
154151.0,0.11
154158.0,0.045
154176.0,0.07
154184.0,0.21
154191.0,0.075
154215.0,0.215
154216.0,0.105
154220.0,0.06
154222.0,0.125
154227.0,0.135
154241.0,0.025
154243.0,0.11
154244.0,0.175
154254.0,0.07
154264.0,0.1
154265.0,0.255
154268.0,0.41
154269.0,0.03
154299.0,0.025
154307.0,0.07
154315.0,0.255
154325.0,0.165
154327.0,0.16
154332.0,0.17
154346.0,0.04
154347.0,0.03
154353.0,0.255
154369.0,0.08
154376.0,0.075
154377.0,0.235
154379.0,0.085
154389.0,0.055
154402.0,0.1
154403.0,0.085
154416.0,0.02
154428.0,0.13
154430.0,0.055
154442.0,0.19
154447.0,0.1
154468.0,0.03
154470.0,0.02
154473.0,0.105
154480.0,0.065
154486.0,0.15
154500.0,0.055
154507.0,0.33
154529.0,0.02
154549.0,0.05
154557.0,0.025
154571.0,0.165
154578.0,0.085
154580.0,0.04
154591.0,0.115
154611.0,0.29
154623.0,0.02
154650.0,0.2
154655.0,0.35
154659.0,0.175
154680.0,0.365
154681.0,0.095
154690.0,0.085
154711.0,0.145
154712.0,0.14
154722.0,0.09
154731.0,0.06
154747.0,0.19
154749.0,0.11
154750.0,0.155
154760.0,0.135
154763.0,0.09
154786.0,0.21
154788.0,0.135
154792.0,0.155
154807.0,0.23
154812.0,0.04
154818.0,0.195
154819.0,0.17
154824.0,0.135
154839.0,0.15
154840.0,0.01
154843.0,0.03
154847.0,0.165
154849.0,0.125
154850.0,0.06
154851.0,0.13
154853.0,0.105
154858.0,0.07
154868.0,0.3
154871.0,0.05
154877.0,0.015
154916.0,0.035
154920.0,0.065
154922.0,0.225
154924.0,0.035
154933.0,0.215
154942.0,0.195
154955.0,0.035
154957.0,0.17
154966.0,0.05
154971.0,0.055
154972.0,0.1
154973.0,0.075
154974.0,0.035
154979.0,0.13
154982.0,0.1
154990.0,0.24
154991.0,0.035
154994.0,0.15
154995.0,0.105
155009.0,0.055
155014.0,0.045
155017.0,0.075
155018.0,0.075
155019.0,0.065
155020.0,0.04
155027.0,0.095
155034.0,0.125
155047.0,0.09
155049.0,0.255
155052.0,0.145
155053.0,0.08
155059.0,0.25
155060.0,0.29
155069.0,0.045
155077.0,0.2
155078.0,0.08
155086.0,0.06
155088.0,0.135
155094.0,0.095
155099.0,0.035
155100.0,0.13
155116.0,0.09
155117.0,0.175
155119.0,0.1
155120.0,0.045
155133.0,0.07
155135.0,0.21
155141.0,0.225
155144.0,0.02
155145.0,0.095
155174.0,0.135
155194.0,0.105
155196.0,0.04
155204.0,0.105
155232.0,0.16
155240.0,0.14
155246.0,0.05
155254.0,0.045
155267.0,0.055
155273.0,0.08
155274.0,0.07
155283.0,0.225
155296.0,0.405
155312.0,0.03
155318.0,0.08
155322.0,0.14
155323.0,0.175
155329.0,0.1
155342.0,0.045
155346.0,0.2
155366.0,0.155
155369.0,0.165
155372.0,0.32
155378.0,0.06
155382.0,0.135
155390.0,0.095
155401.0,0.17
155428.0,0.1
155443.0,0.07
155445.0,0.055
155450.0,0.085
155452.0,0.135
155453.0,0.005
155480.0,0.19
155482.0,0.045
155484.0,0.18
155485.0,0.115
155496.0,0.425
155497.0,0.2
155531.0,0.025
155541.0,0.055
155547.0,0.235
155550.0,0.21
155551.0,0.16
155565.0,0.13
155567.0,0.16
155569.0,0.155
155573.0,0.08
155575.0,0.225
155581.0,0.035
155591.0,0.115
155593.0,0.16
155594.0,0.07
155610.0,0.335
155623.0,0.12
155624.0,0.125
155629.0,0.04
155638.0,0.1
155650.0,0.055
155652.0,0.09
155687.0,0.26
155697.0,0.115
155715.0,0.195
155718.0,0.1
155719.0,0.07
155723.0,0.37
155730.0,0.105
155731.0,0.145
155737.0,0.19
155738.0,0.09
155740.0,0.1
155742.0,0.09
155755.0,0.09
155766.0,0.12
155768.0,0.025
155771.0,0.135
155803.0,0.05
155808.0,0.04
155809.0,0.07
155812.0,0.03
155820.0,0.22
155832.0,0.265
155841.0,0.105
155847.0,0.205
155848.0,0.085
155855.0,0.115
155886.0,0.115
155893.0,0.095
155905.0,0.05
155910.0,0.15
155912.0,0.075
155919.0,0.29
155921.0,0.115
155937.0,0.12
155939.0,0.14
155950.0,0.195
155987.0,0.15
155988.0,0.09
156005.0,0.08
156006.0,0.03
156010.0,0.185
156018.0,0.09
156021.0,0.355
156026.0,0.125
156030.0,0.14
156033.0,0.045
156038.0,0.185
156041.0,0.135
156049.0,0.07
156050.0,0.045
156068.0,0.085
156069.0,0.245
156087.0,0.07
156088.0,0.07
156095.0,0.115
156104.0,0.135
156107.0,0.095
156108.0,0.1
156111.0,0.215
156119.0,0.03
156123.0,0.05
156140.0,0.365
156149.0,0.095
156161.0,0.055
156180.0,0.305
156186.0,0.23
156189.0,0.17
156194.0,0.03
156200.0,0.055
156213.0,0.405
156214.0,0.085
156228.0,0.03
156234.0,0.115
156236.0,0.195
156243.0,0.05
156256.0,0.15
156268.0,0.075
156269.0,0.07
156270.0,0.08
156274.0,0.095
156290.0,0.13
156291.0,0.06
156292.0,0.05
156298.0,0.04
156301.0,0.2
156302.0,0.215
156309.0,0.19
156355.0,0.06
156365.0,0.125
156367.0,0.4
156372.0,0.015
156376.0,0.145
156377.0,0.09
156389.0,0.095
156400.0,0.075
156404.0,0.235
156405.0,0.11
156426.0,0.15
156427.0,0.11
156429.0,0.14
156430.0,0.155
156431.0,0.085
156432.0,0.155
156449.0,0.055
156463.0,0.09
156464.0,0.11
156478.0,0.04
156492.0,0.25
156508.0,0.185
156509.0,0.065
156517.0,0.255
156526.0,0.05
156527.0,0.02
156538.0,0.125
156542.0,0.145
156543.0,0.13
156555.0,0.135
156556.0,0.165
156561.0,0.145
156563.0,0.03
156564.0,0.085
156567.0,0.04
156570.0,0.145
156581.0,0.13
156594.0,0.08
156597.0,0.125
156600.0,0.105
156601.0,0.045
156627.0,0.11
156629.0,0.135
156642.0,0.1
156644.0,0.095
156663.0,0.03
156674.0,0.115
156688.0,0.04
156696.0,0.06
156707.0,0.065
156723.0,0.13
156728.0,0.135
156731.0,0.09
156732.0,0.1
156733.0,0.11
156768.0,0.27
156773.0,0.15
156782.0,0.165
156815.0,0.06
156837.0,0.04
156854.0,0.105
156861.0,0.15
156862.0,0.005
156878.0,0.235
156903.0,0.115
156910.0,0.045
156925.0,0.155
156933.0,0.07
156952.0,0.165
156953.0,0.145
156963.0,0.365
156965.0,0.405
156989.0,0.08
156994.0,0.085
156996.0,0.11
157005.0,0.155
157011.0,0.07
157046.0,0.22
157058.0,0.1
157061.0,0.175
157065.0,0.075
157066.0,0.15
157067.0,0.23
157090.0,0.13
157091.0,0.18
157096.0,0.015
157101.0,0.395
157104.0,0.04
157109.0,0.05
157116.0,0.145
157120.0,0.115
157121.0,0.165
157124.0,0.19
157125.0,0.045
157132.0,0.1
157153.0,0.17
157157.0,0.185
157159.0,0.145
157168.0,0.08
157189.0,0.05
157195.0,0.145
157203.0,0.07
157210.0,0.15
157212.0,0.04
157220.0,0.115
157239.0,0.215
157241.0,0.05
157246.0,0.06
157247.0,0.175
157252.0,0.03
157253.0,0.38
157265.0,0.11
157291.0,0.075
157292.0,0.05
157301.0,0.095
157306.0,0.28
157312.0,0.35
157314.0,0.175
157332.0,0.04
157333.0,0.12
157337.0,0.16
157345.0,0.185
157347.0,0.175
157363.0,0.195
157376.0,0.02
157382.0,0.115
157397.0,0.04
157409.0,0.035
157411.0,0.02
157422.0,0.04
157428.0,0.16
157434.0,0.17
157442.0,0.06
157446.0,0.055
157456.0,0.155
157465.0,0.13
157469.0,0.115
157482.0,0.19
157497.0,0.055
157507.0,0.02
157510.0,0.105
157515.0,0.1
157529.0,0.19
157530.0,0.185
157541.0,0.22
157546.0,0.305
157553.0,0.135
157554.0,0.11
157562.0,0.34
157565.0,0.265
157566.0,0.125
157571.0,0.085
157572.0,0.035
157574.0,0.025
157575.0,0.045
157581.0,0.255
157590.0,0.19
157604.0,0.05
157611.0,0.125
157617.0,0.22
157620.0,0.105
157623.0,0.16
157651.0,0.165
157653.0,0.11
157664.0,0.17
157690.0,0.2
157704.0,0.09
157712.0,0.27
157722.0,0.17
157727.0,0.065
157764.0,0.07
157765.0,0.19
157775.0,0.07
157777.0,0.115
157789.0,0.21
157802.0,0.185
157803.0,0.095
157804.0,0.115
157805.0,0.195
157822.0,0.13
157823.0,0.025
157827.0,0.18
157836.0,0.13
157839.0,0.05
157847.0,0.075
157859.0,0.08
157864.0,0.065
157866.0,0.285
157877.0,0.18
157886.0,0.12
157892.0,0.115
157903.0,0.03
157913.0,0.23
157919.0,0.06
157920.0,0.285
157923.0,0.1
157926.0,0.085
157927.0,0.255
157948.0,0.085
157949.0,0.105
157952.0,0.085
157955.0,0.375
157958.0,0.225
157960.0,0.09
157966.0,0.18
157970.0,0.045
157979.0,0.09
157980.0,0.235
157985.0,0.03
157997.0,0.175
157998.0,0.21
158002.0,0.065
158004.0,0.12
158005.0,0.21
158007.0,0.065
158008.0,0.07
158015.0,0.105
158033.0,0.18
158036.0,0.12
158041.0,0.135
158044.0,0.095
158049.0,0.155
158061.0,0.065
158078.0,0.06
158099.0,0.03
158100.0,0.07
158102.0,0.105
158107.0,0.1
158114.0,0.085
158127.0,0.36
158128.0,0.185
158142.0,0.1
158145.0,0.3
158146.0,0.185
158167.0,0.02
158176.0,0.21
158184.0,0.02
158197.0,0.015
158201.0,0.215
158202.0,0.17
158205.0,0.165
158208.0,0.21
158211.0,0.16
158215.0,0.11
158218.0,0.11
158221.0,0.26
158223.0,0.145
158230.0,0.04
158234.0,0.08
158235.0,0.095
158245.0,0.145
158254.0,0.165
158267.0,0.145
158277.0,0.045
158283.0,0.05
158289.0,0.18
158290.0,0.14
158298.0,0.055
158307.0,0.045
158332.0,0.1
158336.0,0.07
158342.0,0.085
158344.0,0.055
158347.0,0.325
158352.0,0.02
158354.0,0.18
158355.0,0.06
158357.0,0.045
158365.0,0.045
158366.0,0.025
158367.0,0.105
158368.0,0.23
158384.0,0.155
158388.0,0.05
158395.0,0.22
158413.0,0.075
158425.0,0.135
158426.0,0.06
158432.0,0.015
158444.0,0.225
158453.0,0.08
158454.0,0.15
158459.0,0.04
158462.0,0.095
158468.0,0.105
158469.0,0.11
158470.0,0.06
158483.0,0.15
158485.0,0.07
158490.0,0.23
158494.0,0.14
158500.0,0.035
158503.0,0.05
158504.0,0.03
158519.0,0.14
158523.0,0.12
158527.0,0.03
158533.0,0.06
158535.0,0.08
158539.0,0.08
158544.0,0.12
158547.0,0.11
158551.0,0.33
158552.0,0.01
158560.0,0.06
158616.0,0.415
158638.0,0.055
158642.0,0.08
158651.0,0.045
158653.0,0.085
158677.0,0.025
158683.0,0.03
158687.0,0.09
158693.0,0.055
158700.0,0.065
158703.0,0.145
158705.0,0.135
158706.0,0.075
158708.0,0.035
158712.0,0.065
158714.0,0.175
158715.0,0.075
158752.0,0.1
158753.0,0.05
158763.0,0.085
158764.0,0.09
158767.0,0.22
158770.0,0.045
158781.0,0.07
158789.0,0.07
158790.0,0.04
158791.0,0.27
158795.0,0.15
158796.0,0.095
158800.0,0.07
158806.0,0.09
158807.0,0.25
158815.0,0.135
158824.0,0.065
158828.0,0.32
158831.0,0.34
158840.0,0.09
158841.0,0.045
158847.0,0.245
158856.0,0.15
158858.0,0.205
158884.0,0.05
158885.0,0.065
158891.0,0.205
158898.0,0.08
158911.0,0.09
158913.0,0.01
158918.0,0.105
158926.0,0.14
158929.0,0.095
158939.0,0.135
158940.0,0.145
158952.0,0.055
158963.0,0.04
158973.0,0.03
158977.0,0.235
158988.0,0.16
159013.0,0.205
159016.0,0.125
159018.0,0.015
159024.0,0.21
159034.0,0.12
159035.0,0.21
159039.0,0.22
159049.0,0.15
159056.0,0.145
159068.0,0.145
159078.0,0.295
159099.0,0.165
159103.0,0.18
159106.0,0.415
159113.0,0.04
159117.0,0.115
159124.0,0.325
159132.0,0.12
159139.0,0.09
159142.0,0.16
159145.0,0.06
159147.0,0.11
159174.0,0.09
159201.0,0.14
159203.0,0.025
159212.0,0.23
159214.0,0.115
159221.0,0.1
159240.0,0.08
159241.0,0.045
159242.0,0.17
159244.0,0.18
159250.0,0.14
159275.0,0.08
159284.0,0.1
159293.0,0.12
159295.0,0.04
159301.0,0.1
159310.0,0.075
159314.0,0.11
159318.0,0.035
159333.0,0.05
159334.0,0.135
159335.0,0.135
159337.0,0.29
159338.0,0.19
159340.0,0.28
159361.0,0.105
159384.0,0.215
159402.0,0.16
159421.0,0.08
159424.0,0.085
159425.0,0.065
159426.0,0.115
159439.0,0.22
159445.0,0.055
159449.0,0.02
159460.0,0.265
159475.0,0.13
159481.0,0.095
159483.0,0.045
159494.0,0.075
159504.0,0.06
159512.0,0.335
159522.0,0.235
159524.0,0.17
159526.0,0.075
159528.0,0.12
159547.0,0.225
159555.0,0.02
159562.0,0.065
159563.0,0.0
159565.0,0.22
159569.0,0.135
159578.0,0.07
159579.0,0.15
159581.0,0.085
159594.0,0.105
159598.0,0.075
159604.0,0.105
159605.0,0.04
159620.0,0.155
159631.0,0.165
159633.0,0.055
159659.0,0.16
159661.0,0.335
159667.0,0.06
159669.0,0.07
159682.0,0.19
159683.0,0.14
159693.0,0.085
159698.0,0.05
159702.0,0.175
159703.0,0.11
159707.0,0.09
159716.0,0.125
159732.0,0.07
159734.0,0.045
159740.0,0.145
159748.0,0.055
159751.0,0.11
159756.0,0.1
159758.0,0.27
159767.0,0.215
159769.0,0.36
159775.0,0.165
159802.0,0.125
159804.0,0.135
159817.0,0.085
159818.0,0.03
159824.0,0.06
159837.0,0.02
159840.0,0.115
159842.0,0.21
159851.0,0.065
159865.0,0.39
159866.0,0.155
159872.0,0.09
159874.0,0.04
159879.0,0.045
159883.0,0.05
159884.0,0.03
159898.0,0.25
159903.0,0.13
159906.0,0.155
159914.0,0.19
159915.0,0.14
159917.0,0.045
159929.0,0.125
159949.0,0.24
159951.0,0.15
159953.0,0.115
159957.0,0.18
159968.0,0.11
159972.0,0.15
159973.0,0.13
159993.0,0.14
160008.0,0.15
160011.0,0.1
160013.0,0.1
160015.0,0.025
160017.0,0.03
160023.0,0.265
160028.0,0.185
160035.0,0.09
160074.0,0.18
160076.0,0.15
160077.0,0.07
160080.0,0.065
160084.0,0.175
160089.0,0.3
160094.0,0.095
160101.0,0.035
160103.0,0.095
160111.0,0.045
160114.0,0.055
160116.0,0.07
160119.0,0.1
160123.0,0.03
160141.0,0.075
160147.0,0.08
160151.0,0.135
160172.0,0.285
160173.0,0.06
160177.0,0.155
160178.0,0.17
160180.0,0.155
160181.0,0.1
160188.0,0.07
160189.0,0.005
160193.0,0.04
160205.0,0.11
160214.0,0.13
160215.0,0.09
160217.0,0.135
160262.0,0.07
160263.0,0.03
160273.0,0.115
160282.0,0.135
160295.0,0.315
160297.0,0.07
160303.0,0.06
160305.0,0.145
160309.0,0.06
160324.0,0.03
160338.0,0.21
160366.0,0.19
160375.0,0.09
160381.0,0.045
160398.0,0.015
160400.0,0.1
160406.0,0.08
160410.0,0.03
160411.0,0.05
160418.0,0.09
160440.0,0.04
160441.0,0.145
160450.0,0.215
160465.0,0.09
160470.0,0.05
160471.0,0.095
160472.0,0.24
160479.0,0.215
160490.0,0.065
160500.0,0.15
160503.0,0.035
160504.0,0.115
160515.0,0.11
160541.0,0.21
160545.0,0.145
160562.0,0.065
160589.0,0.05
160594.0,0.095
160595.0,0.085
160598.0,0.125
160601.0,0.065
160605.0,0.105
160606.0,0.065
160607.0,0.02
160608.0,0.16
160610.0,0.14
160614.0,0.105
160615.0,0.07
160626.0,0.06
160634.0,0.035
160656.0,0.075
160660.0,0.055
160666.0,0.195
160672.0,0.095
160673.0,0.055
160674.0,0.03
160681.0,0.05
160683.0,0.185
160694.0,0.08
160710.0,0.14
160715.0,0.24
160719.0,0.225
160732.0,0.205
160734.0,0.045
160737.0,0.44
160742.0,0.155
160747.0,0.025
160749.0,0.17
160753.0,0.34
160756.0,0.135
160757.0,0.12
160763.0,0.03
160782.0,0.105
160789.0,0.065
160804.0,0.03
160805.0,0.225
160813.0,0.045
160815.0,0.02
160819.0,0.07
160820.0,0.125
160822.0,0.1
160823.0,0.105
160837.0,0.1
160841.0,0.07
160847.0,0.19
160861.0,0.085
160886.0,0.065
160891.0,0.13
160897.0,0.045
160914.0,0.135
160915.0,0.38
160929.0,0.155
160930.0,0.045
160931.0,0.08
160935.0,0.215
160939.0,0.07
160953.0,0.17
160954.0,0.06
160962.0,0.14
160966.0,0.035
160982.0,0.05
160983.0,0.04
160991.0,0.035
160998.0,0.06
161009.0,0.17
161014.0,0.13
161017.0,0.3
161021.0,0.05
161023.0,0.11
161027.0,0.02
161028.0,0.22
161030.0,0.35
161031.0,0.06
161033.0,0.1
161050.0,0.05
161053.0,0.17
161054.0,0.07
161055.0,0.06
161059.0,0.09
161061.0,0.14
161065.0,0.1
161069.0,0.085
161072.0,0.105
161073.0,0.05
161080.0,0.125
161083.0,0.11
161104.0,0.08
161111.0,0.195
161139.0,0.185
161149.0,0.045
161158.0,0.22
161171.0,0.085
161175.0,0.155
161201.0,0.305
161202.0,0.32
161205.0,0.05
161228.0,0.04
161233.0,0.105
161234.0,0.105
161237.0,0.17
161238.0,0.04
161250.0,0.265
161251.0,0.13
161253.0,0.09
161254.0,0.15
161283.0,0.155
161291.0,0.085
161297.0,0.15
161300.0,0.03
161314.0,0.28
161315.0,0.025
161336.0,0.165
161341.0,0.105
161343.0,0.145
161351.0,0.235
161352.0,0.06
161353.0,0.305
161361.0,0.115
161366.0,0.12
161368.0,0.205
161378.0,0.09
161379.0,0.17
161380.0,0.145
161398.0,0.155
161408.0,0.04
161432.0,0.055
161439.0,0.365
161461.0,0.045
161467.0,0.14
161468.0,0.075
161471.0,0.13
161477.0,0.09
161503.0,0.095
161514.0,0.045
161524.0,0.15
161527.0,0.095
161528.0,0.05
161531.0,0.2
161536.0,0.04
161537.0,0.035
161548.0,0.1
161558.0,0.08
161572.0,0.03
161586.0,0.02
161605.0,0.105
161606.0,0.095
161607.0,0.205
161618.0,0.24
161640.0,0.105
161658.0,0.065
161660.0,0.035
161661.0,0.12
161662.0,0.23
161677.0,0.125
161681.0,0.045
161682.0,0.09
161683.0,0.14
161685.0,0.02
161686.0,0.05
161687.0,0.075
161691.0,0.09
161701.0,0.165
161707.0,0.11
161709.0,0.045
161710.0,0.12
161711.0,0.025
161714.0,0.16
161742.0,0.135
161751.0,0.075
161764.0,0.07
161771.0,0.14
161781.0,0.185
161782.0,0.125
161800.0,0.06
161810.0,0.19
161812.0,0.115
161813.0,0.04
161816.0,0.005
161838.0,0.1
161841.0,0.13
161845.0,0.14
161871.0,0.11
161877.0,0.215
161882.0,0.07
161885.0,0.095
161886.0,0.1
161895.0,0.125
161897.0,0.315
161914.0,0.12
161921.0,0.16
161922.0,0.14
161927.0,0.29
161946.0,0.065
161952.0,0.095
161954.0,0.225
161955.0,0.09
161961.0,0.175
161977.0,0.23
161980.0,0.075
161989.0,0.215
161993.0,0.215
162002.0,0.115
162011.0,0.1
162012.0,0.045
162015.0,0.05
162016.0,0.155
162019.0,0.085
162021.0,0.185
162022.0,0.195
162023.0,0.085
162025.0,0.07
162028.0,0.08
162029.0,0.11
162030.0,0.06
162031.0,0.33
162033.0,0.17
162037.0,0.015
162044.0,0.315
162071.0,0.235
162093.0,0.115
162094.0,0.155
162100.0,0.025
162102.0,0.185
162105.0,0.1
162109.0,0.285
162116.0,0.135
162117.0,0.1
162118.0,0.36
162120.0,0.09
162125.0,0.04
162128.0,0.31
162131.0,0.225
162133.0,0.19
162135.0,0.145
162156.0,0.04
162157.0,0.095
162165.0,0.135
162166.0,0.03
162170.0,0.115
162201.0,0.045
162202.0,0.15
162206.0,0.06
162211.0,0.095
162227.0,0.015
162232.0,0.09
162235.0,0.12
162237.0,0.245
162248.0,0.08
162261.0,0.195
162262.0,0.025
162280.0,0.065
162282.0,0.07
162284.0,0.115
162287.0,0.275
162305.0,0.055
162308.0,0.075
162309.0,0.16
162312.0,0.1
162313.0,0.055
162316.0,0.095
162324.0,0.125
162325.0,0.07
162333.0,0.11
162334.0,0.055
162337.0,0.08
162340.0,0.09
162344.0,0.155
162347.0,0.055
162350.0,0.12
162351.0,0.2
162365.0,0.14
162368.0,0.045
162379.0,0.1
162383.0,0.085
162392.0,0.12
162393.0,0.13
162397.0,0.12
162398.0,0.16
162406.0,0.12
162410.0,0.12
162418.0,0.04
162420.0,0.07
162424.0,0.185
162425.0,0.055
162438.0,0.22
162442.0,0.06
162462.0,0.03
162476.0,0.05
162477.0,0.075
162480.0,0.105
162491.0,0.125
162493.0,0.1
162503.0,0.105
162504.0,0.065
162513.0,0.07
162516.0,0.205
162517.0,0.05
162522.0,0.305
162523.0,0.125
162542.0,0.1
162584.0,0.15
162586.0,0.085
162589.0,0.08
162594.0,0.09
162616.0,0.125
162630.0,0.1
162637.0,0.21
162652.0,0.1
162659.0,0.215
162668.0,0.035
162674.0,0.035
162680.0,0.11
162685.0,0.32
162689.0,0.195
162711.0,0.115
162714.0,0.115
162732.0,0.025
162741.0,0.07
162758.0,0.135
162759.0,0.075
162775.0,0.19
162776.0,0.05
162777.0,0.045
162782.0,0.105
162786.0,0.045
162794.0,0.1
162799.0,0.025
162801.0,0.23
162802.0,0.12
162807.0,0.14
162820.0,0.085
162827.0,0.07
162833.0,0.08
162837.0,0.055
162844.0,0.14
162860.0,0.065
162862.0,0.045
162864.0,0.215
162868.0,0.14
162880.0,0.045
162895.0,0.255
162898.0,0.245
162918.0,0.145
162924.0,0.14
162931.0,0.11
162936.0,0.045
162978.0,0.21
162979.0,0.065
162988.0,0.055
162989.0,0.145
163013.0,0.23
163014.0,0.115
163021.0,0.09
163024.0,0.045
163027.0,0.035
163030.0,0.01
163031.0,0.03
163032.0,0.095
163039.0,0.09
163042.0,0.015
163048.0,0.04
163049.0,0.02
163068.0,0.13
163071.0,0.055
163074.0,0.34
163079.0,0.07
163080.0,0.05
163085.0,0.1
163093.0,0.14
163094.0,0.37
163109.0,0.115
163116.0,0.14
163117.0,0.155
163118.0,0.075
163119.0,0.325
163121.0,0.02
163131.0,0.07
163132.0,0.09
163133.0,0.285
163182.0,0.09
163187.0,0.065
163188.0,0.21
163195.0,0.075
163197.0,0.06
163200.0,0.015
163206.0,0.33
163207.0,0.045
163214.0,0.185
163222.0,0.06
163224.0,0.025
163226.0,0.34
163235.0,0.165
163240.0,0.095
163258.0,0.115
163263.0,0.04
163264.0,0.245
163265.0,0.21
163266.0,0.085
163268.0,0.3
163272.0,0.065
163273.0,0.22
163278.0,0.25
163288.0,0.02
163299.0,0.215
163302.0,0.17
163307.0,0.06
163321.0,0.19
163349.0,0.18
163352.0,0.15
163353.0,0.395
163357.0,0.19
163362.0,0.07
163375.0,0.14
163385.0,0.06
163386.0,0.13
163390.0,0.05
163408.0,0.235
163423.0,0.065
163426.0,0.21
163437.0,0.18
163452.0,0.04
163472.0,0.195
163473.0,0.08
163479.0,0.04
163480.0,0.15
163487.0,0.18
163492.0,0.3
163493.0,0.105
163523.0,0.16
163524.0,0.26
163527.0,0.205
163528.0,0.1
163531.0,0.06
163538.0,0.185
163556.0,0.08
163563.0,0.24
163566.0,0.19
163570.0,0.09
163571.0,0.07
163574.0,0.025
163578.0,0.095
163580.0,0.17
163597.0,0.215
163601.0,0.095
163604.0,0.18
163609.0,0.065
163618.0,0.15
163634.0,0.135
163647.0,0.165
163660.0,0.265
163661.0,0.065
163666.0,0.07
163667.0,0.145
163669.0,0.14
163676.0,0.095
163681.0,0.035
163682.0,0.115
163684.0,0.15
163714.0,0.275
163724.0,0.045
163728.0,0.26
163729.0,0.06
163738.0,0.055
163742.0,0.125
163743.0,0.2
163748.0,0.225
163759.0,0.05
163782.0,0.045
163793.0,0.165
163800.0,0.04
163801.0,0.11
163802.0,0.165
163814.0,0.15
163820.0,0.08
163821.0,0.15
163848.0,0.045
163852.0,0.1
163854.0,0.055
163855.0,0.245
163882.0,0.07
163895.0,0.055
163900.0,0.15
163907.0,0.255
163915.0,0.05
163926.0,0.1
163929.0,0.045
163934.0,0.13
163940.0,0.185
163943.0,0.1
163944.0,0.035
163949.0,0.085
163951.0,0.08
163952.0,0.08
163965.0,0.11
163970.0,0.0
163980.0,0.06
163981.0,0.05
163988.0,0.23
163989.0,0.295
163991.0,0.07
164015.0,0.085
164028.0,0.115
164030.0,0.09
164031.0,0.17
164037.0,0.015
164049.0,0.07
164052.0,0.19
164059.0,0.045
164083.0,0.205
164095.0,0.09
164106.0,0.265
164116.0,0.115
164117.0,0.37
164119.0,0.125
164133.0,0.165
164134.0,0.235
164142.0,0.09
164143.0,0.025
164147.0,0.095
164148.0,0.19
164150.0,0.235
164152.0,0.095
164156.0,0.07
164157.0,0.205
164158.0,0.055
164166.0,0.16
164191.0,0.015
164194.0,0.15
164198.0,0.035
164201.0,0.025
164202.0,0.07
164207.0,0.325
164228.0,0.07
164240.0,0.135
164241.0,0.06
164244.0,0.04
164256.0,0.08
164262.0,0.195
164269.0,0.035
164276.0,0.05
164281.0,0.3
164290.0,0.175
164300.0,0.295
164305.0,0.165
164307.0,0.08
164308.0,0.085
164309.0,0.005
164314.0,0.09
164319.0,0.055
164331.0,0.045
164332.0,0.08
164343.0,0.22
164349.0,0.105
164363.0,0.07
164373.0,0.18
164410.0,0.26
164417.0,0.07
164436.0,0.05
164438.0,0.045
164441.0,0.075
164445.0,0.16
164451.0,0.085
164452.0,0.035
164502.0,0.225
164513.0,0.155
164526.0,0.25
164527.0,0.195
164528.0,0.2
164530.0,0.07
164537.0,0.09
164542.0,0.105
164546.0,0.085
164555.0,0.445
164556.0,0.035
164568.0,0.25
164571.0,0.24
164572.0,0.415
164574.0,0.175
164580.0,0.06
164597.0,0.065
164601.0,0.03
164619.0,0.195
164633.0,0.11
164642.0,0.05
164652.0,0.15
164676.0,0.12
164682.0,0.115
164685.0,0.235
164691.0,0.135
164696.0,0.095
164708.0,0.265
164711.0,0.04
164712.0,0.295
164717.0,0.22
164721.0,0.13
164740.0,0.045
164746.0,0.04
164755.0,0.11
164761.0,0.035
164764.0,0.05
164766.0,0.36
164776.0,0.205
164777.0,0.055
164783.0,0.065
164786.0,0.08
164799.0,0.265
164808.0,0.145
164812.0,0.085
164815.0,0.22
164816.0,0.055
164817.0,0.115
164818.0,0.205
164819.0,0.415
164821.0,0.17
164822.0,0.055
164825.0,0.02
164834.0,0.195
164841.0,0.045
164842.0,0.165
164853.0,0.045
164855.0,0.245
164856.0,0.05
164878.0,0.115
164883.0,0.105
164887.0,0.12
164888.0,0.065
164889.0,0.15
164891.0,0.45
164892.0,0.06
164922.0,0.035
164924.0,0.085
164933.0,0.22
164938.0,0.055
164939.0,0.31
164949.0,0.09
164950.0,0.06
164957.0,0.155
164961.0,0.17
164963.0,0.06
164972.0,0.085
164980.0,0.045
164981.0,0.11
165020.0,0.06
165027.0,0.07
165046.0,0.07
165048.0,0.175
165049.0,0.09
165058.0,0.06
165065.0,0.055
165081.0,0.07
165082.0,0.175
165090.0,0.03
165107.0,0.08
165131.0,0.055
165133.0,0.13
165137.0,0.05
165140.0,0.195
165142.0,0.13
165143.0,0.12
165152.0,0.14
165154.0,0.26
165158.0,0.07
165166.0,0.04
165168.0,0.12
165171.0,0.04
165175.0,0.115
165182.0,0.06
165188.0,0.21
165190.0,0.04
165199.0,0.075
165202.0,0.165
165203.0,0.12
165204.0,0.225
165208.0,0.095
165221.0,0.07
165243.0,0.035
165283.0,0.13
165300.0,0.045
165302.0,0.155
165304.0,0.055
165313.0,0.125
165336.0,0.295
165339.0,0.11
165363.0,0.26
165376.0,0.08
165380.0,0.11
165385.0,0.015
165386.0,0.095
165410.0,0.065
165422.0,0.06
165426.0,0.075
165428.0,0.12
165445.0,0.145
165452.0,0.155
165454.0,0.04
165455.0,0.055
165462.0,0.065
165465.0,0.15
165466.0,0.095
165467.0,0.17
165476.0,0.035
165477.0,0.13
165478.0,0.275
165497.0,0.095
165500.0,0.24
165511.0,0.105
165513.0,0.235
165515.0,0.31
165521.0,0.06
165522.0,0.2
165523.0,0.2
165530.0,0.075
165537.0,0.07
165538.0,0.025
165539.0,0.095
165545.0,0.05
165550.0,0.065
165551.0,0.135
165552.0,0.13
165557.0,0.07
165558.0,0.1
165560.0,0.035
165574.0,0.33
165576.0,0.14
165587.0,0.17
165601.0,0.04
165605.0,0.055
165606.0,0.04
165607.0,0.095
165624.0,0.405
165632.0,0.17
165633.0,0.245
165634.0,0.12
165646.0,0.05
165649.0,0.07
165651.0,0.185
165661.0,0.055
165666.0,0.215
165669.0,0.1
165674.0,0.145
165685.0,0.275
165687.0,0.12
165692.0,0.16
165721.0,0.195
165726.0,0.27
165748.0,0.12
165749.0,0.205
165752.0,0.05
165755.0,0.11
165758.0,0.065
165761.0,0.065
165762.0,0.19
165780.0,0.155
165781.0,0.065
165789.0,0.155
165802.0,0.025
165806.0,0.105
165817.0,0.15
165822.0,0.34
165837.0,0.06
165840.0,0.18
165846.0,0.045
165853.0,0.03
165864.0,0.205
165865.0,0.19
165868.0,0.13
165869.0,0.07
165871.0,0.135
165880.0,0.145
165887.0,0.31
165904.0,0.18
165907.0,0.02
165910.0,0.16
165915.0,0.155
165917.0,0.075
165918.0,0.27
165919.0,0.125
165923.0,0.155
165931.0,0.11
165932.0,0.06
165934.0,0.3
165939.0,0.095
165944.0,0.155
165951.0,0.25
165955.0,0.04
165959.0,0.205
165966.0,0.18
165970.0,0.07
165975.0,0.03
165977.0,0.03
165990.0,0.38
165997.0,0.095
166003.0,0.145
166008.0,0.03
166020.0,0.125
166025.0,0.055
166033.0,0.125
166038.0,0.12
166042.0,0.04
166049.0,0.015
166071.0,0.05
166091.0,0.29
166093.0,0.25
166095.0,0.055
166104.0,0.005
166107.0,0.045
166108.0,0.045
166110.0,0.04
166112.0,0.14
166135.0,0.095
166136.0,0.04
166138.0,0.25
166153.0,0.175
166155.0,0.18
166158.0,0.07
166164.0,0.175
166186.0,0.14
166191.0,0.115
166196.0,0.025
166197.0,0.19
166202.0,0.09
166215.0,0.04
166230.0,0.045
166243.0,0.135
166244.0,0.04
166255.0,0.02
166258.0,0.195
166263.0,0.245
166271.0,0.055
166283.0,0.09
166286.0,0.08
166291.0,0.095
166294.0,0.35
166303.0,0.2
166306.0,0.315
166309.0,0.1
166316.0,0.105
166317.0,0.025
166321.0,0.255
166331.0,0.085
166349.0,0.105
166374.0,0.04
166387.0,0.03
166393.0,0.075
166400.0,0.07
166420.0,0.01
166446.0,0.055
166449.0,0.24
166452.0,0.085
166495.0,0.08
166501.0,0.065
166514.0,0.175
166515.0,0.07
166521.0,0.06
166525.0,0.02
166529.0,0.045
166536.0,0.155
166542.0,0.045
166543.0,0.21
166545.0,0.02
166550.0,0.105
166560.0,0.06
166567.0,0.06
166570.0,0.05
166573.0,0.06
166582.0,0.295
166583.0,0.205
166590.0,0.025
166594.0,0.19
166618.0,0.36
166623.0,0.2
166626.0,0.16
166641.0,0.225
166654.0,0.045
166682.0,0.29
166685.0,0.075
166688.0,0.12
166692.0,0.04
166701.0,0.05
166702.0,0.2
166705.0,0.07
166713.0,0.07
166733.0,0.03
166734.0,0.08
166738.0,0.105
166739.0,0.025
166740.0,0.075
166755.0,0.265
166761.0,0.205
166764.0,0.11
166773.0,0.065
166774.0,0.075
166814.0,0.14
166819.0,0.2
166834.0,0.225
166841.0,0.22
166848.0,0.24
166857.0,0.17
166858.0,0.04
166873.0,0.09
166889.0,0.045
166890.0,0.045
166891.0,0.12
166902.0,0.12
166908.0,0.07
166916.0,0.1
166920.0,0.07
166922.0,0.1
166926.0,0.06
166928.0,0.175
166930.0,0.26
166931.0,0.05
166932.0,0.035
166937.0,0.025
166941.0,0.08
166944.0,0.015
166960.0,0.155
166972.0,0.06
166973.0,0.345
166978.0,0.02
166984.0,0.17
166994.0,0.075
166995.0,0.035
166996.0,0.05
167001.0,0.03
167006.0,0.05
167007.0,0.07
167037.0,0.225
167041.0,0.14
167051.0,0.265
167052.0,0.115
167054.0,0.09
167057.0,0.115
167058.0,0.15
167059.0,0.07
167060.0,0.075
167066.0,0.045
167077.0,0.16
167078.0,0.06
167080.0,0.12
167089.0,0.14
167090.0,0.085
167091.0,0.095
167096.0,0.1
167105.0,0.135
167121.0,0.155
167128.0,0.085
167131.0,0.295
167139.0,0.24
167140.0,0.33
167149.0,0.08
167152.0,0.4
167153.0,0.12
167163.0,0.155
167167.0,0.115
167171.0,0.06
167178.0,0.045
167179.0,0.175
167182.0,0.17
167187.0,0.055
167192.0,0.125
167208.0,0.145
167212.0,0.16
167217.0,0.08
167230.0,0.155
167236.0,0.035
167238.0,0.175
167239.0,0.135
167257.0,0.285
167260.0,0.205
167264.0,0.12
167271.0,0.08
167273.0,0.165
167276.0,0.155
167283.0,0.1
167295.0,0.045
167296.0,0.205
167299.0,0.21
167310.0,0.06
167313.0,0.165
167323.0,0.085
167328.0,0.17
167329.0,0.09
167333.0,0.05
167349.0,0.135
167351.0,0.08
167359.0,0.115
167363.0,0.07
167371.0,0.025
167384.0,0.155
167387.0,0.055
167389.0,0.095
167393.0,0.11
167401.0,0.12
167427.0,0.08
167428.0,0.08
167433.0,0.125
167434.0,0.075
167437.0,0.09
167438.0,0.07
167454.0,0.04
167475.0,0.035
167480.0,0.055
167491.0,0.085
167494.0,0.175
167495.0,0.095
167503.0,0.035
167521.0,0.15
167529.0,0.08
167530.0,0.05
167550.0,0.08
167554.0,0.155
167557.0,0.215
167562.0,0.09
167566.0,0.115
167572.0,0.345
167573.0,0.16
167578.0,0.18
167592.0,0.175
167597.0,0.1
167621.0,0.215
167622.0,0.06
167631.0,0.47
167637.0,0.26
167638.0,0.075
167645.0,0.05
167648.0,0.315
167697.0,0.205
167698.0,0.035
167701.0,0.06
167708.0,0.06
167714.0,0.06
167717.0,0.125
167727.0,0.045
167737.0,0.05
167746.0,0.225
167751.0,0.24
167753.0,0.085
167755.0,0.24
167771.0,0.12
167805.0,0.12
167811.0,0.08
167815.0,0.115
167829.0,0.02
167830.0,0.09
167834.0,0.085
167841.0,0.3
167846.0,0.045
167851.0,0.43
167871.0,0.03
167890.0,0.06
167898.0,0.045
167901.0,0.015
167902.0,0.09
167907.0,0.175
167911.0,0.065
167912.0,0.02
167916.0,0.16
167917.0,0.05
167928.0,0.21
167940.0,0.115
167947.0,0.12
167948.0,0.105
167953.0,0.06
167957.0,0.2
167958.0,0.115
167968.0,0.04
167970.0,0.1
167977.0,0.055
167980.0,0.075
167993.0,0.035
167994.0,0.165
167998.0,0.02
168000.0,0.12
168006.0,0.17
168011.0,0.155
168012.0,0.105
168013.0,0.08
168022.0,0.075
168026.0,0.31
168032.0,0.045
168046.0,0.245
168054.0,0.09
168071.0,0.205
168078.0,0.27
168092.0,0.13
168093.0,0.105
168097.0,0.06
168105.0,0.195
168107.0,0.17
168108.0,0.15
168115.0,0.28
168127.0,0.095
168133.0,0.33
168135.0,0.095
168162.0,0.04
168163.0,0.055
168165.0,0.24
168169.0,0.11
168171.0,0.215
168174.0,0.095
168175.0,0.365
168186.0,0.035
168202.0,0.15
168204.0,0.06
168208.0,0.085
168229.0,0.19
168239.0,0.07
168245.0,0.175
168276.0,0.065
168309.0,0.17
168313.0,0.18
168322.0,0.075
168323.0,0.025
168326.0,0.22
168331.0,0.145
168349.0,0.235
168384.0,0.03
168398.0,0.03
168403.0,0.045
168405.0,0.215
168416.0,0.02
168418.0,0.18
168420.0,0.165
168422.0,0.015
168436.0,0.22
168438.0,0.075
168443.0,0.135
168444.0,0.09
168446.0,0.02
168454.0,0.12
168459.0,0.155
168462.0,0.185
168472.0,0.12
168485.0,0.02
168496.0,0.2
168503.0,0.04
168515.0,0.14
168516.0,0.075
168520.0,0.24
168521.0,0.085
168531.0,0.035
168542.0,0.095
168548.0,0.145
168551.0,0.05
168575.0,0.035
168580.0,0.08
168588.0,0.55
168593.0,0.045
168614.0,0.155
168615.0,0.09
168622.0,0.065
168623.0,0.17
168634.0,0.055
168645.0,0.2
168651.0,0.16
168683.0,0.11
168691.0,0.285
168708.0,0.175
168716.0,0.125
168718.0,0.115
168720.0,0.26
168722.0,0.265
168731.0,0.18
168736.0,0.055
168738.0,0.25
168747.0,0.065
168751.0,0.155
168752.0,0.17
168753.0,0.02
168774.0,0.23
168782.0,0.05
168788.0,0.035
168790.0,0.1
168791.0,0.28
168793.0,0.155
168796.0,0.11
168802.0,0.155
168803.0,0.11
168810.0,0.235
168817.0,0.08
168820.0,0.1
168823.0,0.055
168827.0,0.135
168828.0,0.38
168831.0,0.15
168842.0,0.25
168845.0,0.155
168855.0,0.115
168856.0,0.22
168861.0,0.14
168876.0,0.045
168897.0,0.115
168899.0,0.085
168913.0,0.26
168915.0,0.06
168916.0,0.115
168929.0,0.18
168930.0,0.13
168933.0,0.215
168954.0,0.24
168957.0,0.305
168959.0,0.02
168960.0,0.13
168961.0,0.155
168968.0,0.085
168969.0,0.13
168994.0,0.14
168995.0,0.075
169003.0,0.17
169004.0,0.4
169008.0,0.1
169009.0,0.1
169014.0,0.095
169030.0,0.1
169048.0,0.16
169061.0,0.27
169070.0,0.195
169092.0,0.015
169117.0,0.18
169118.0,0.215
169121.0,0.115
169123.0,0.195
169124.0,0.16
169137.0,0.18
169138.0,0.035
169143.0,0.055
169165.0,0.235
169166.0,0.06
169167.0,0.17
169168.0,0.145
169175.0,0.025
169184.0,0.045
169195.0,0.06
169196.0,0.01
169197.0,0.225
169202.0,0.285
169204.0,0.125
169212.0,0.08
169214.0,0.245
169218.0,0.325
169239.0,0.07
169248.0,0.06
169252.0,0.035
169254.0,0.265
169257.0,0.15
169264.0,0.35
169267.0,0.095
169269.0,0.275
169278.0,0.075
169297.0,0.07
169299.0,0.205
169301.0,0.1
169306.0,0.06
169323.0,0.19
169328.0,0.175
169330.0,0.135
169331.0,0.03
169346.0,0.16
169348.0,0.175
169350.0,0.105
169353.0,0.14
169355.0,0.275
169364.0,0.335
169365.0,0.09
169367.0,0.03
169370.0,0.05
169378.0,0.09
169385.0,0.02
169387.0,0.125
169389.0,0.125
169395.0,0.11
169412.0,0.145
169426.0,0.27
169427.0,0.15
169432.0,0.075
169436.0,0.29
169453.0,0.07
169455.0,0.27
169457.0,0.035
169458.0,0.065
169461.0,0.26
169467.0,0.095
169470.0,0.055
169477.0,0.04
169481.0,0.19
169483.0,0.135
169490.0,0.385
169491.0,0.085
169495.0,0.045
169504.0,0.145
169514.0,0.085
169517.0,0.195
169523.0,0.04
169528.0,0.265
169534.0,0.165
169535.0,0.06
169537.0,0.045
169541.0,0.2
169546.0,0.06
169549.0,0.02
169554.0,0.29
169561.0,0.055
169571.0,0.02
169580.0,0.155
169597.0,0.06
169598.0,0.025
169625.0,0.205
169626.0,0.225
169627.0,0.09
169628.0,0.145
169629.0,0.05
169658.0,0.15
169659.0,0.08
169668.0,0.085
169669.0,0.17
169673.0,0.045
169674.0,0.035
169676.0,0.255
169677.0,0.195
169678.0,0.115
169680.0,0.065
169695.0,0.13
169698.0,0.195
169710.0,0.17
169719.0,0.04
169720.0,0.085
169722.0,0.135
169735.0,0.13
169745.0,0.085
169749.0,0.18
169754.0,0.045
169760.0,0.065
169772.0,0.065
169773.0,0.03
169780.0,0.075
169788.0,0.055
169793.0,0.175
169809.0,0.23
169810.0,0.135
169824.0,0.055
169831.0,0.155
169833.0,0.055
169836.0,0.085
169859.0,0.01
169864.0,0.36
169872.0,0.03
169895.0,0.32
169911.0,0.065
169914.0,0.13
169960.0,0.18
169961.0,0.22
169964.0,0.14
169974.0,0.04
169988.0,0.095
169989.0,0.025
169995.0,0.045
170007.0,0.065
170026.0,0.115
170030.0,0.405
170033.0,0.11
170041.0,0.245
170043.0,0.035
170048.0,0.075
170050.0,0.095
170051.0,0.13
170056.0,0.13
170072.0,0.365
170076.0,0.085
170080.0,0.405
170101.0,0.075
170102.0,0.07
170107.0,0.225
170115.0,0.075
170119.0,0.03
170128.0,0.16
170129.0,0.065
170134.0,0.33
170136.0,0.155
170139.0,0.13
170140.0,0.17
170143.0,0.225
170148.0,0.42
170159.0,0.085
170163.0,0.115
170164.0,0.205
170173.0,0.075
170178.0,0.18
170179.0,0.135
170199.0,0.15
170203.0,0.065
170207.0,0.19
170211.0,0.075
170217.0,0.05
170224.0,0.045
170225.0,0.11
170255.0,0.14
170258.0,0.05
170259.0,0.04
170262.0,0.055
170278.0,0.13
170284.0,0.095
170285.0,0.195
170292.0,0.055
170293.0,0.105
170301.0,0.145
170302.0,0.235
170305.0,0.185
170309.0,0.09
170310.0,0.085
170326.0,0.13
170327.0,0.045
170328.0,0.17
170329.0,0.09
170330.0,0.18
170331.0,0.11
170337.0,0.06
170340.0,0.065
170341.0,0.05
170343.0,0.165
170361.0,0.155
170366.0,0.105
170376.0,0.2
170382.0,0.34
170396.0,0.07
170400.0,0.16
170403.0,0.055
170409.0,0.165
170410.0,0.04
170421.0,0.19
170425.0,0.06
170427.0,0.055
170428.0,0.12
170435.0,0.035
170438.0,0.035
170442.0,0.155
170446.0,0.135
170461.0,0.01
170473.0,0.195
170477.0,0.12
170516.0,0.1
170517.0,0.07
170522.0,0.13
170523.0,0.09
170534.0,0.12
170535.0,0.12
170538.0,0.125
170549.0,0.14
170556.0,0.08
170563.0,0.085
170570.0,0.12
170580.0,0.17
170582.0,0.045
170584.0,0.205
170585.0,0.07
170587.0,0.075
170590.0,0.175
170598.0,0.08
170599.0,0.085
170601.0,0.065
170612.0,0.18
170617.0,0.11
170620.0,0.14
170629.0,0.06
170647.0,0.255
170651.0,0.07
170654.0,0.125
170657.0,0.155
170662.0,0.09
170707.0,0.14
170719.0,0.125
170722.0,0.03
170723.0,0.175
170731.0,0.23
170735.0,0.12
170750.0,0.06
170769.0,0.135
170770.0,0.115
170776.0,0.155
170783.0,0.045
170789.0,0.215
170800.0,0.26
170809.0,0.14
170810.0,0.12
170811.0,0.145
170827.0,0.03
170842.0,0.01
170854.0,0.065
170857.0,0.11
170865.0,0.265
170867.0,0.045
170869.0,0.17
170870.0,0.04
170878.0,0.12
170881.0,0.285
170910.0,0.24
170913.0,0.285
170919.0,0.125
170932.0,0.055
170939.0,0.28
170947.0,0.05
170950.0,0.155
170953.0,0.245
170954.0,0.11
170970.0,0.095
170972.0,0.035
170973.0,0.2
170980.0,0.05
170981.0,0.125
170983.0,0.18
170998.0,0.185
171001.0,0.08
171004.0,0.075
171020.0,0.11
171023.0,0.12
171026.0,0.08
171060.0,0.185
171061.0,0.11
171065.0,0.125
171077.0,0.13
171081.0,0.065
171103.0,0.38
171110.0,0.145
171114.0,0.05
171118.0,0.03
171119.0,0.09
171120.0,0.165
171137.0,0.14
171147.0,0.12
171153.0,0.375
171156.0,0.39
171158.0,0.15
171163.0,0.125
171169.0,0.11
171170.0,0.11
171172.0,0.04
171173.0,0.14
171176.0,0.09
171181.0,0.16
171182.0,0.21
171191.0,0.05
171193.0,0.14
171195.0,0.215
171198.0,0.05
171205.0,0.11
171212.0,0.175
171237.0,0.12
171241.0,0.095
171262.0,0.105
171263.0,0.065
171266.0,0.05
171274.0,0.11
171290.0,0.03
171291.0,0.12
171297.0,0.065
171307.0,0.115
171311.0,0.275
171320.0,0.045
171322.0,0.05
171328.0,0.04
171337.0,0.06
171346.0,0.065
171348.0,0.205
171354.0,0.1
171358.0,0.04
171359.0,0.07
171360.0,0.18
171369.0,0.09
171379.0,0.1
171384.0,0.045
171388.0,0.085
171390.0,0.06
171394.0,0.01
171395.0,0.23
171399.0,0.225
171403.0,0.09
171422.0,0.04
171423.0,0.07
171469.0,0.115
171480.0,0.13
171487.0,0.06
171497.0,0.115
171502.0,0.215
171503.0,0.05
171506.0,0.125
171521.0,0.095
171530.0,0.125
171540.0,0.125
171541.0,0.085
171544.0,0.115
171551.0,0.09
171582.0,0.165
171587.0,0.08
171597.0,0.24
171603.0,0.11
171610.0,0.055
171614.0,0.06
171619.0,0.08
171621.0,0.08
171625.0,0.11
171626.0,0.05
171638.0,0.02
171642.0,0.15
171658.0,0.065
171674.0,0.2
171677.0,0.085
171684.0,0.06
171685.0,0.24
171686.0,0.09
171695.0,0.06
171702.0,0.11
171703.0,0.07
171704.0,0.16
171705.0,0.03
171706.0,0.07
171709.0,0.035
171712.0,0.115
171716.0,0.02
171730.0,0.12
171748.0,0.075
171757.0,0.09
171767.0,0.05
171768.0,0.19
171771.0,0.1
171775.0,0.055
171778.0,0.18
171780.0,0.235
171781.0,0.035
171785.0,0.06
171786.0,0.31
171789.0,0.085
171802.0,0.015
171803.0,0.095
171812.0,0.175
171862.0,0.07
171864.0,0.285
171891.0,0.23
171892.0,0.105
171913.0,0.03
171914.0,0.22
171922.0,0.185
171927.0,0.05
171933.0,0.17
171934.0,0.075
171943.0,0.16
171945.0,0.165
171960.0,0.04
171964.0,0.055
171975.0,0.155
171994.0,0.275
171996.0,0.345
171997.0,0.045
172000.0,0.1
172029.0,0.065
172038.0,0.055
172039.0,0.125
172043.0,0.125
172046.0,0.07
172048.0,0.095
172049.0,0.075
172053.0,0.115
172054.0,0.15
172058.0,0.12
172060.0,0.04
172061.0,0.035
172067.0,0.04
172072.0,0.05
172073.0,0.16
172098.0,0.065
172100.0,0.15
172101.0,0.205
172113.0,0.305
172144.0,0.075
172147.0,0.08
172149.0,0.06
172168.0,0.17
172169.0,0.05
172175.0,0.085
172197.0,0.065
172200.0,0.4
172205.0,0.26
172207.0,0.09
172210.0,0.035
172261.0,0.22
172279.0,0.1
172294.0,0.08
172300.0,0.035
172301.0,0.195
172310.0,0.06
172351.0,0.035
172353.0,0.12
172358.0,0.005
172374.0,0.205
172380.0,0.135
172384.0,0.035
172400.0,0.13
172403.0,0.165
172408.0,0.2
172411.0,0.02
172420.0,0.075
172426.0,0.395
172433.0,0.07
172434.0,0.15
172442.0,0.06
172443.0,0.235
172452.0,0.24
172454.0,0.145
172456.0,0.165
172460.0,0.155
172470.0,0.095
172479.0,0.08
172481.0,0.08
172483.0,0.015
172484.0,0.325
172485.0,0.085
172486.0,0.075
172493.0,0.09
172494.0,0.07
172497.0,0.145
172504.0,0.03
172518.0,0.275
172523.0,0.115
172527.0,0.13
172533.0,0.035
172536.0,0.115
172540.0,0.07
172541.0,0.105
172543.0,0.125
172545.0,0.16
172547.0,0.095
172551.0,0.06
172556.0,0.135
172562.0,0.055
172570.0,0.075
172574.0,0.1
172575.0,0.135
172599.0,0.035
172611.0,0.2
172612.0,0.05
172616.0,0.05
172623.0,0.07
172627.0,0.085
172635.0,0.18
172643.0,0.075
172644.0,0.065
172652.0,0.09
172656.0,0.09
172661.0,0.13
172664.0,0.08
172672.0,0.11
172678.0,0.115
172680.0,0.05
172683.0,0.075
172684.0,0.19
172690.0,0.04
172695.0,0.065
172696.0,0.03
172701.0,0.055
172713.0,0.17
172714.0,0.095
172731.0,0.025
172738.0,0.055
172761.0,0.04
172767.0,0.165
172770.0,0.35
172771.0,0.005
172799.0,0.03
172800.0,0.07
172804.0,0.34
172805.0,0.065
172820.0,0.09
172829.0,0.19
172831.0,0.195
172833.0,0.08
172843.0,0.02
172853.0,0.09
172855.0,0.075
172856.0,0.16
172857.0,0.04
172863.0,0.04
172877.0,0.045
172881.0,0.135
172895.0,0.095
172896.0,0.03
172910.0,0.04
172922.0,0.05
172939.0,0.28
172942.0,0.21
172945.0,0.12
172948.0,0.07
172949.0,0.235
172953.0,0.035
172967.0,0.235
172993.0,0.085
172995.0,0.035
172996.0,0.2
172997.0,0.11
172998.0,0.11
172999.0,0.16
173004.0,0.04
173006.0,0.3
173007.0,0.115
173013.0,0.2
173016.0,0.13
173020.0,0.23
173030.0,0.275
173048.0,0.025
173056.0,0.045
173066.0,0.045
173079.0,0.145
173107.0,0.13
173109.0,0.03
173127.0,0.06
173128.0,0.08
173130.0,0.105
173137.0,0.12
173157.0,0.02
173160.0,0.06
173168.0,0.045
173193.0,0.045
173197.0,0.36
173215.0,0.07
173216.0,0.345
173227.0,0.065
173236.0,0.15
173237.0,0.07
173247.0,0.1
173250.0,0.305
173259.0,0.19
173277.0,0.165
173285.0,0.06
173286.0,0.055
173299.0,0.2
173310.0,0.205
173312.0,0.2
173313.0,0.075
173320.0,0.045
173330.0,0.23
173333.0,0.07
173351.0,0.07
173370.0,0.245
173372.0,0.115
173381.0,0.205
173386.0,0.03
173387.0,0.16
173388.0,0.19
173393.0,0.055
173394.0,0.21
173403.0,0.03
173467.0,0.075
173469.0,0.24
173475.0,0.14
173476.0,0.085
173477.0,0.035
173484.0,0.14
173485.0,0.07
173488.0,0.185
173491.0,0.16
173520.0,0.025
173522.0,0.195
173535.0,0.08
173539.0,0.15
173549.0,0.045
173552.0,0.105
173565.0,0.19
173586.0,0.085
173587.0,0.04
173588.0,0.08
173595.0,0.045
173606.0,0.16
173620.0,0.135
173623.0,0.04
173629.0,0.1
173647.0,0.06
173649.0,0.105
173650.0,0.12
173652.0,0.05
173654.0,0.245
173665.0,0.065
173667.0,0.28
173685.0,0.12
173710.0,0.255
173711.0,0.08
173713.0,0.08
173718.0,0.225
173743.0,0.12
173744.0,0.18
173762.0,0.305
173768.0,0.11
173769.0,0.19
173770.0,0.085
173773.0,0.115
173779.0,0.065
173780.0,0.065
173781.0,0.365
173783.0,0.135
173795.0,0.2
173800.0,0.375
173812.0,0.04
173823.0,0.08
173834.0,0.125
173874.0,0.105
173891.0,0.11
173904.0,0.26
173909.0,0.1
173925.0,0.07
173941.0,0.15
173942.0,0.025
173944.0,0.08
173955.0,0.09
173959.0,0.16
174000.0,0.23
174004.0,0.1
174006.0,0.045
174008.0,0.19
174012.0,0.095
174017.0,0.06
174020.0,0.075
174044.0,0.065
174051.0,0.05
174052.0,0.125
174059.0,0.105
174060.0,0.035
174061.0,0.06
174063.0,0.285
174068.0,0.07
174069.0,0.06
174072.0,0.06
174074.0,0.085
174091.0,0.095
174092.0,0.085
174098.0,0.17
174105.0,0.17
174107.0,0.04
174110.0,0.02
174121.0,0.075
174126.0,0.075
174153.0,0.02
174156.0,0.185
174160.0,0.06
174173.0,0.085
174183.0,0.02
174185.0,0.035
174188.0,0.27
174198.0,0.06
174206.0,0.13
174207.0,0.075
174211.0,0.1
174239.0,0.18
174260.0,0.215
174261.0,0.065
174262.0,0.345
174264.0,0.075
174271.0,0.215
174275.0,0.24
174277.0,0.175
174286.0,0.025
174301.0,0.07
174312.0,0.18
174314.0,0.035
174322.0,0.14
174323.0,0.155
174325.0,0.155
174326.0,0.09
174327.0,0.21
174334.0,0.265
174360.0,0.025
174362.0,0.425
174367.0,0.025
174371.0,0.055
174372.0,0.115
174384.0,0.035
174390.0,0.145
174391.0,0.065
174396.0,0.02
174412.0,0.08
174423.0,0.16
174428.0,0.17
174429.0,0.18
174438.0,0.075
174481.0,0.07
174483.0,0.15
174484.0,0.045
174485.0,0.22
174488.0,0.055
174497.0,0.05
174509.0,0.11
174513.0,0.165
174514.0,0.175
174520.0,0.095
174526.0,0.09
174532.0,0.035
174536.0,0.175
174537.0,0.145
174538.0,0.205
174539.0,0.365
174540.0,0.07
174549.0,0.025
174551.0,0.15
174563.0,0.23
174574.0,0.195
174575.0,0.155
174586.0,0.05
174590.0,0.155
174606.0,0.145
174607.0,0.09
174609.0,0.065
174610.0,0.2
174630.0,0.17
174631.0,0.05
174661.0,0.09
174665.0,0.085
174666.0,0.19
174677.0,0.115
174690.0,0.115
174700.0,0.035
174702.0,0.13
174703.0,0.055
174713.0,0.02
174721.0,0.21
174726.0,0.09
174729.0,0.165
174741.0,0.06
174742.0,0.29
174754.0,0.09
174757.0,0.05
174782.0,0.335
174795.0,0.145
174805.0,0.055
174806.0,0.135
174809.0,0.07
174810.0,0.125
174829.0,0.03
174830.0,0.24
174832.0,0.065
174836.0,0.26
174839.0,0.025
174843.0,0.135
174854.0,0.22
174861.0,0.14
174863.0,0.09
174867.0,0.21
174871.0,0.22
174887.0,0.08
174890.0,0.14
174897.0,0.05
174901.0,0.17
174903.0,0.025
174912.0,0.075
174913.0,0.145
174920.0,0.145
174922.0,0.35
174924.0,0.12
174925.0,0.095
174928.0,0.065
174938.0,0.175
174939.0,0.03
174943.0,0.075
174950.0,0.085
174954.0,0.015
174955.0,0.095
174957.0,0.085
174965.0,0.095
174966.0,0.11
174967.0,0.19
174977.0,0.105
174983.0,0.02
174986.0,0.085
174987.0,0.095
175012.0,0.18
175015.0,0.045
175025.0,0.21
175027.0,0.21
175029.0,0.13
175056.0,0.375
175075.0,0.18
175081.0,0.225
175097.0,0.165
175128.0,0.05
175129.0,0.04
175138.0,0.13
175169.0,0.23
175183.0,0.15
175211.0,0.055
175212.0,0.095
175215.0,0.13
175223.0,0.16
175225.0,0.04
175233.0,0.08
175250.0,0.05
175253.0,0.07
175257.0,0.07
175260.0,0.055
175261.0,0.095
175264.0,0.085
175284.0,0.175
175288.0,0.03
175295.0,0.09
175309.0,0.145
175310.0,0.155
175313.0,0.265
175334.0,0.12
175337.0,0.065
175346.0,0.05
175347.0,0.1
175349.0,0.055
175350.0,0.105
175351.0,0.115
175367.0,0.24
175369.0,0.08
175371.0,0.195
175372.0,0.125
175392.0,0.31
175400.0,0.015
175402.0,0.05
175403.0,0.175
175407.0,0.205
175408.0,0.015
175414.0,0.085
175431.0,0.055
175435.0,0.095
175442.0,0.03
175454.0,0.16
175456.0,0.05
175457.0,0.085
175464.0,0.175
175465.0,0.085
175477.0,0.035
175488.0,0.08
175495.0,0.105
175499.0,0.275
175500.0,0.16
175515.0,0.18
175519.0,0.055
175520.0,0.1
175531.0,0.085
175534.0,0.085
175543.0,0.095
175566.0,0.075
175568.0,0.075
175573.0,0.055
175574.0,0.16
175576.0,0.075
175591.0,0.04
175593.0,0.15
175605.0,0.34
175609.0,0.17
175617.0,0.04
175624.0,0.28
175629.0,0.055
175633.0,0.03
175645.0,0.215
175649.0,0.035
175650.0,0.025
175653.0,0.125
175659.0,0.085
175660.0,0.075
175661.0,0.13
175664.0,0.045
175665.0,0.075
175677.0,0.085
175682.0,0.155
175684.0,0.32
175687.0,0.065
175690.0,0.125
175706.0,0.045
175722.0,0.135
175724.0,0.13
175730.0,0.265
175731.0,0.04
175737.0,0.135
175743.0,0.245
175745.0,0.14
175758.0,0.18
175768.0,0.09
175769.0,0.125
175773.0,0.015
175775.0,0.095
175794.0,0.025
175798.0,0.14
175809.0,0.25
175818.0,0.085
175830.0,0.105
175835.0,0.07
175840.0,0.165
175864.0,0.06
175875.0,0.145
175890.0,0.055
175892.0,0.065
175914.0,0.2
175930.0,0.46
175935.0,0.09
175955.0,0.02
175958.0,0.1
175959.0,0.105
175960.0,0.11
175964.0,0.095
175968.0,0.015
175986.0,0.16
175987.0,0.15
175997.0,0.05
175998.0,0.19
176003.0,0.125
176004.0,0.215
176021.0,0.055
176034.0,0.12
176035.0,0.245
176043.0,0.24
176045.0,0.115
176051.0,0.1
176052.0,0.055
176059.0,0.105
176067.0,0.07
176073.0,0.24
176076.0,0.03
176077.0,0.025
176085.0,0.065
176088.0,0.245
176095.0,0.05
176118.0,0.195
176129.0,0.195
176177.0,0.13
176183.0,0.05
176206.0,0.19
176218.0,0.055
176240.0,0.065
176253.0,0.04
176260.0,0.215
176275.0,0.17
176285.0,0.1
176288.0,0.225
176289.0,0.165
176290.0,0.085
176297.0,0.11
176300.0,0.295
176301.0,0.12
176319.0,0.035
176322.0,0.09
176337.0,0.02
176346.0,0.105
176347.0,0.17
176352.0,0.255
176358.0,0.025
176359.0,0.275
176365.0,0.055
176371.0,0.105
176403.0,0.09
176419.0,0.07
176428.0,0.05
176429.0,0.245
176430.0,0.11
176432.0,0.1
176437.0,0.14
176440.0,0.06
176441.0,0.23
176450.0,0.085
176454.0,0.135
176459.0,0.115
176460.0,0.09
176467.0,0.1
176472.0,0.385
176482.0,0.165
176483.0,0.43
176486.0,0.075
176487.0,0.085
176494.0,0.07
176497.0,0.035
176500.0,0.14
176509.0,0.155
176511.0,0.095
176512.0,0.03
176522.0,0.085
176525.0,0.105
176526.0,0.21
176537.0,0.055
176538.0,0.09
176572.0,0.095
176573.0,0.145
176574.0,0.085
176579.0,0.08
176580.0,0.1
176592.0,0.235
176601.0,0.08
176603.0,0.125
176605.0,0.18
176606.0,0.055
176615.0,0.085
176620.0,0.175
176634.0,0.13
176635.0,0.025
176638.0,0.05
176639.0,0.15
176641.0,0.155
176661.0,0.035
176668.0,0.26
176669.0,0.29
176683.0,0.145
176688.0,0.035
176700.0,0.26
176702.0,0.045
176705.0,0.095
176709.0,0.08
176710.0,0.155
176720.0,0.1
176726.0,0.035
176731.0,0.13
176732.0,0.075
176733.0,0.05
176734.0,0.13
176736.0,0.185
176741.0,0.035
176756.0,0.01
176785.0,0.09
176790.0,0.08
176793.0,0.055
176820.0,0.205
176827.0,0.19
176828.0,0.04
176839.0,0.15
176848.0,0.075
176850.0,0.16
176853.0,0.035
176866.0,0.04
176867.0,0.08
176875.0,0.1
176883.0,0.19
176888.0,0.32
176890.0,0.225
176898.0,0.25
176917.0,0.14
176925.0,0.195
176929.0,0.05
176934.0,0.16
176938.0,0.21
176953.0,0.13
176957.0,0.115
176970.0,0.065
176997.0,0.075
177029.0,0.095
177030.0,0.105
177031.0,0.055
177032.0,0.165
177047.0,0.125
177048.0,0.1
177051.0,0.14
177055.0,0.095
177060.0,0.11
177064.0,0.22
177065.0,0.03
177069.0,0.135
177076.0,0.035
177085.0,0.02
177087.0,0.095
177105.0,0.06
177126.0,0.095
177133.0,0.095
177141.0,0.05
177146.0,0.19
177156.0,0.15
177179.0,0.035
177187.0,0.375
177192.0,0.335
177203.0,0.095
177228.0,0.28
177229.0,0.17
177249.0,0.125
177250.0,0.205
177253.0,0.14
177260.0,0.11
177262.0,0.055
177270.0,0.14
177275.0,0.11
177284.0,0.075
177285.0,0.39
177314.0,0.19
177319.0,0.155
177325.0,0.06
177327.0,0.19
177339.0,0.2
177344.0,0.175
177378.0,0.155
177384.0,0.08
177385.0,0.115
177386.0,0.05
177387.0,0.09
177405.0,0.12
177423.0,0.125
177424.0,0.045
177425.0,0.03
177430.0,0.18
177435.0,0.11
177447.0,0.125
177448.0,0.09
177449.0,0.07
177451.0,0.155
177460.0,0.22
177479.0,0.065
177489.0,0.09
177504.0,0.02
177505.0,0.105
177511.0,0.16
177524.0,0.22
177526.0,0.075
177535.0,0.025
177558.0,0.165
177562.0,0.22
177569.0,0.06
177579.0,0.04
177580.0,0.135
177583.0,0.005
177584.0,0.22
177585.0,0.075
177605.0,0.255
177606.0,0.06
177618.0,0.15
177639.0,0.42
177649.0,0.06
177656.0,0.06
177657.0,0.025
177661.0,0.14
177665.0,0.095
177669.0,0.055
177680.0,0.15
177688.0,0.29
177689.0,0.08
177694.0,0.06
177696.0,0.275
177700.0,0.115
177705.0,0.055
177710.0,0.095
177720.0,0.03
177728.0,0.185
177729.0,0.105
177731.0,0.145
177733.0,0.14
177749.0,0.14
177751.0,0.175
177767.0,0.145
177776.0,0.1
177780.0,0.225
177783.0,0.015
177785.0,0.32
177791.0,0.02
177797.0,0.08
177798.0,0.075
177799.0,0.045
177802.0,0.045
177803.0,0.05
177805.0,0.065
177820.0,0.03
177824.0,0.055
177825.0,0.095
177829.0,0.03
177839.0,0.07
177861.0,0.17
177865.0,0.095
177867.0,0.025
177875.0,0.195
177876.0,0.16
177878.0,0.09
177883.0,0.115
177886.0,0.02
177891.0,0.205
177892.0,0.1
177902.0,0.125
177904.0,0.24
177931.0,0.29
177939.0,0.055
177944.0,0.18
177946.0,0.13
177959.0,0.215
177977.0,0.085
177992.0,0.195
177993.0,0.26
178005.0,0.1
178008.0,0.14
178009.0,0.06
178012.0,0.255
178015.0,0.05
178018.0,0.15
178037.0,0.255
178050.0,0.02
178058.0,0.19
178060.0,0.05
178064.0,0.35
178074.0,0.1
178077.0,0.17
178094.0,0.085
178095.0,0.215
178096.0,0.105
178107.0,0.055
178117.0,0.09
178146.0,0.125
178154.0,0.11
178160.0,0.195
178164.0,0.05
178172.0,0.08
178174.0,0.335
178182.0,0.165
178184.0,0.295
178196.0,0.09
178223.0,0.33
178225.0,0.17
178226.0,0.14
178240.0,0.105
178242.0,0.12
178250.0,0.14
178268.0,0.085
178282.0,0.105
178285.0,0.2
178288.0,0.055
178290.0,0.015
178295.0,0.05
178312.0,0.04
178317.0,0.03
178342.0,0.175
178343.0,0.04
178344.0,0.14
178346.0,0.085
178353.0,0.295
178356.0,0.395
178358.0,0.045
178359.0,0.105
178362.0,0.285
178380.0,0.055
178387.0,0.07
178391.0,0.205
178395.0,0.185
178408.0,0.175
178415.0,0.015
178421.0,0.045
178424.0,0.26
178428.0,0.145
178432.0,0.06
178433.0,0.08
178436.0,0.17
178442.0,0.08
178453.0,0.04
178459.0,0.095
178467.0,0.115
178472.0,0.145
178491.0,0.075
178499.0,0.085
178504.0,0.215
178506.0,0.205
178509.0,0.085
178517.0,0.1
178525.0,0.105
178530.0,0.195
178531.0,0.19
178537.0,0.07
178553.0,0.185
178557.0,0.045
178565.0,0.105
178566.0,0.055
178579.0,0.025
178586.0,0.205
178589.0,0.07
178592.0,0.195
178610.0,0.025
178620.0,0.135
178621.0,0.045
178622.0,0.18
178643.0,0.03
178665.0,0.07
178671.0,0.06
178675.0,0.02
178692.0,0.08
178722.0,0.075
178723.0,0.075
178726.0,0.145
178731.0,0.325
178737.0,0.09
178739.0,0.2
178745.0,0.06
178766.0,0.035
178771.0,0.205
178775.0,0.065
178785.0,0.1
178789.0,0.15
178790.0,0.12
178792.0,0.135
178804.0,0.035
178817.0,0.13
178821.0,0.17
178825.0,0.085
178830.0,0.13
178831.0,0.275
178832.0,0.19
178847.0,0.085
178853.0,0.19
178856.0,0.085
178867.0,0.1
178868.0,0.13
178881.0,0.145
178887.0,0.08
178888.0,0.125
178908.0,0.135
178909.0,0.085
178942.0,0.29
178943.0,0.335
178946.0,0.12
178947.0,0.295
178950.0,0.17
178958.0,0.12
178976.0,0.04
178986.0,0.08
178989.0,0.025
178995.0,0.29
178996.0,0.055
179006.0,0.22
179025.0,0.07
179034.0,0.06
179038.0,0.255
179043.0,0.11
179050.0,0.05
179051.0,0.125
179076.0,0.185
179077.0,0.015
179091.0,0.085
179092.0,0.195
179111.0,0.325
179128.0,0.065
179132.0,0.19
179137.0,0.075
179138.0,0.105
179146.0,0.19
179148.0,0.205
179149.0,0.1
179150.0,0.11
179155.0,0.04
179164.0,0.04
179177.0,0.045
179178.0,0.125
179182.0,0.285
179184.0,0.015
179186.0,0.13
179191.0,0.3
179194.0,0.255
179201.0,0.085
179210.0,0.05
179211.0,0.235
179212.0,0.15
179216.0,0.155
179229.0,0.035
179235.0,0.035
179236.0,0.235
179241.0,0.11
179244.0,0.07
179249.0,0.055
179256.0,0.36
179260.0,0.085
179262.0,0.125
179264.0,0.115
179268.0,0.1
179272.0,0.125
179280.0,0.105
179287.0,0.09
179288.0,0.09
179290.0,0.03
179295.0,0.03
179298.0,0.125
179306.0,0.07
179307.0,0.045
179310.0,0.325
179314.0,0.035
179317.0,0.11
179319.0,0.165
179327.0,0.105
179336.0,0.115
179342.0,0.085
179344.0,0.41
179347.0,0.035
179357.0,0.03
179368.0,0.14
179413.0,0.065
179425.0,0.06
179435.0,0.085
179447.0,0.075
179449.0,0.065
179458.0,0.035
179460.0,0.08
179475.0,0.235
179486.0,0.19
179493.0,0.05
179499.0,0.04
179501.0,0.12
179508.0,0.085
179511.0,0.065
179513.0,0.12
179519.0,0.17
179537.0,0.045
179550.0,0.045
179559.0,0.105
179560.0,0.035
179578.0,0.21
179583.0,0.04
179590.0,0.035
179597.0,0.11
179599.0,0.065
179602.0,0.215
179609.0,0.125
179621.0,0.12
179624.0,0.155
179625.0,0.065
179630.0,0.055
179640.0,0.105
179641.0,0.02
179644.0,0.07
179649.0,0.09
179650.0,0.13
179652.0,0.11
179653.0,0.11
179660.0,0.245
179662.0,0.075
179673.0,0.085
179678.0,0.1
179679.0,0.115
179686.0,0.055
179721.0,0.025
179733.0,0.125
179736.0,0.15
179737.0,0.07
179748.0,0.135
179750.0,0.155
179751.0,0.03
179752.0,0.25
179753.0,0.09
179765.0,0.05
179768.0,0.135
179798.0,0.045
179827.0,0.155
179837.0,0.045
179838.0,0.07
179851.0,0.2
179868.0,0.275
179875.0,0.045
179876.0,0.055
179882.0,0.135
179883.0,0.035
179894.0,0.045
179905.0,0.17
179907.0,0.13
179919.0,0.025
179926.0,0.11
179936.0,0.06
179941.0,0.125
179945.0,0.24
179951.0,0.03
179960.0,0.05
179967.0,0.115
179980.0,0.41
179985.0,0.365
179997.0,0.06
180001.0,0.3
180007.0,0.065
180011.0,0.15
180017.0,0.06
180027.0,0.115
180033.0,0.075
180036.0,0.22
180037.0,0.08
180041.0,0.215
180042.0,0.34
180050.0,0.255
180059.0,0.06
180066.0,0.135
180067.0,0.13
180085.0,0.11
180092.0,0.065
180099.0,0.06
180101.0,0.185
180115.0,0.115
180122.0,0.195
180126.0,0.14
180127.0,0.08
180140.0,0.16
180141.0,0.13
180158.0,0.095
180163.0,0.14
180178.0,0.03
180189.0,0.1
180198.0,0.075
180201.0,0.18
180202.0,0.29
180209.0,0.34
180239.0,0.14
180244.0,0.045
180270.0,0.03
180271.0,0.11
180286.0,0.1
180287.0,0.075
180291.0,0.09
180293.0,0.09
180296.0,0.14
180297.0,0.145
180305.0,0.08
180318.0,0.1
180319.0,0.17
180322.0,0.035
180323.0,0.045
180331.0,0.125
180365.0,0.025
180368.0,0.14
180369.0,0.08
180382.0,0.095
180387.0,0.075
180388.0,0.515
180389.0,0.085
180398.0,0.085
180399.0,0.03
180402.0,0.155
180406.0,0.175
180407.0,0.085
180408.0,0.125
180413.0,0.085
180416.0,0.07
180420.0,0.05
180429.0,0.24
180430.0,0.395
180431.0,0.02
180438.0,0.05
180441.0,0.03
180448.0,0.155
180453.0,0.005
180478.0,0.285
180480.0,0.225
180510.0,0.055
180524.0,0.195
180534.0,0.055
180537.0,0.38
180545.0,0.045
180550.0,0.21
180559.0,0.055
180583.0,0.115
180587.0,0.025
180594.0,0.09
180597.0,0.285
180598.0,0.205
180599.0,0.215
180601.0,0.185
180624.0,0.2
180625.0,0.395
180634.0,0.075
180647.0,0.02
180652.0,0.065
180656.0,0.325
180664.0,0.075
180666.0,0.16
180674.0,0.07
180679.0,0.1
180685.0,0.115
180692.0,0.225
180698.0,0.05
180699.0,0.085
180700.0,0.045
180702.0,0.085
180710.0,0.09
180736.0,0.05
180739.0,0.13
180741.0,0.235
180743.0,0.34
180747.0,0.045
180754.0,0.325
180755.0,0.1
180756.0,0.095
180768.0,0.085
180773.0,0.06
180775.0,0.095
180784.0,0.235
180787.0,0.08
180795.0,0.07
180796.0,0.215
180799.0,0.085
180811.0,0.16
180813.0,0.07
180827.0,0.11
180828.0,0.07
180833.0,0.29
180834.0,0.135
180847.0,0.095
180852.0,0.265
180853.0,0.14
180854.0,0.105
180855.0,0.185
180856.0,0.095
180858.0,0.05
180859.0,0.315
180867.0,0.055
180868.0,0.08
180872.0,0.12
180873.0,0.185
180874.0,0.29
180875.0,0.085
180878.0,0.055
180888.0,0.135
180889.0,0.05
180891.0,0.025
180902.0,0.055
180907.0,0.285
180913.0,0.07
180916.0,0.08
180954.0,0.075
180962.0,0.075
180963.0,0.06
180967.0,0.215
180971.0,0.215
180975.0,0.1
180985.0,0.23
180991.0,0.06
181009.0,0.065
181012.0,0.03
181015.0,0.34
181034.0,0.175
181064.0,0.205
181071.0,0.135
181083.0,0.16
181084.0,0.015
181085.0,0.075
181088.0,0.12
181098.0,0.255
181110.0,0.315
181111.0,0.09
181112.0,0.03
181114.0,0.15
181117.0,0.25
181157.0,0.125
181160.0,0.21
181161.0,0.115
181165.0,0.085
181179.0,0.38
181186.0,0.1
181196.0,0.11
181197.0,0.37
181204.0,0.09
181213.0,0.12
181214.0,0.33
181221.0,0.225
181224.0,0.145
181226.0,0.1
181236.0,0.235
181256.0,0.405
181257.0,0.03
181279.0,0.09
181282.0,0.07
181285.0,0.12
181288.0,0.015
181289.0,0.26
181290.0,0.03
181298.0,0.075
181299.0,0.125
181307.0,0.105
181312.0,0.21
181318.0,0.18
181322.0,0.195
181338.0,0.115
181340.0,0.055
181342.0,0.04
181344.0,0.095
181350.0,0.09
181373.0,0.125
181374.0,0.225
181375.0,0.025
181379.0,0.19
181381.0,0.025
181385.0,0.2
181388.0,0.055
181392.0,0.11
181393.0,0.105
181425.0,0.045
181465.0,0.065
181481.0,0.165
181484.0,0.11
181494.0,0.08
181501.0,0.1
181507.0,0.08
181521.0,0.2
181524.0,0.11
181538.0,0.21
181540.0,0.035
181547.0,0.21
181551.0,0.04
181555.0,0.16
181561.0,0.095
181564.0,0.1
181567.0,0.13
181599.0,0.025
181602.0,0.25
181612.0,0.095
181613.0,0.15
181615.0,0.1
181621.0,0.045
181622.0,0.21
181629.0,0.12
181630.0,0.09
181633.0,0.095
181635.0,0.17
181641.0,0.065
181643.0,0.215
181644.0,0.205
181649.0,0.085
181659.0,0.11
181660.0,0.075
181665.0,0.175
181666.0,0.095
181672.0,0.095
181682.0,0.25
181693.0,0.165
181697.0,0.27
181703.0,0.05
181704.0,0.11
181720.0,0.115
181722.0,0.115
181732.0,0.165
181733.0,0.085
181736.0,0.03
181737.0,0.09
181747.0,0.04
181758.0,0.36
181764.0,0.05
181770.0,0.16
181774.0,0.19
181783.0,0.25
181788.0,0.055
181789.0,0.14
181804.0,0.105
181809.0,0.09
181821.0,0.18
181836.0,0.01
181863.0,0.08
181867.0,0.135
181868.0,0.14
181871.0,0.05
181904.0,0.395
181931.0,0.1
181932.0,0.09
181941.0,0.065
181944.0,0.155
181958.0,0.07
181971.0,0.03
181986.0,0.045
182002.0,0.135
182007.0,0.055
182012.0,0.08
182022.0,0.1
182031.0,0.1
182050.0,0.155
182053.0,0.105
182071.0,0.1
182072.0,0.12
182073.0,0.04
182102.0,0.1
182106.0,0.115
182116.0,0.02
182117.0,0.19
182118.0,0.03
182124.0,0.16
182125.0,0.14
182145.0,0.06
182150.0,0.15
182154.0,0.075
182167.0,0.055
182179.0,0.24
182181.0,0.095
182183.0,0.075
182218.0,0.025
182225.0,0.07
182226.0,0.16
182266.0,0.21
182272.0,0.135
182275.0,0.15
182295.0,0.21
182305.0,0.02
182312.0,0.135
182313.0,0.065
182327.0,0.075
182337.0,0.035
182340.0,0.05
182341.0,0.11
182342.0,0.11
182345.0,0.165
182353.0,0.02
182355.0,0.015
182371.0,0.11
182376.0,0.075
182381.0,0.105
182382.0,0.025
182384.0,0.045
182387.0,0.11
182412.0,0.085
182419.0,0.26
182432.0,0.155
182438.0,0.1
182448.0,0.29
182450.0,0.125
182465.0,0.02
182468.0,0.035
182474.0,0.065
182483.0,0.05
182484.0,0.225
182485.0,0.045
182486.0,0.09
182489.0,0.125
182500.0,0.095
182501.0,0.11
182504.0,0.42
182514.0,0.04
182524.0,0.12
182525.0,0.21
182533.0,0.035
182536.0,0.125
182539.0,0.105
182550.0,0.04
182553.0,0.235
182568.0,0.08
182571.0,0.025
182573.0,0.05
182580.0,0.13
182615.0,0.125
182618.0,0.065
182624.0,0.05
182644.0,0.06
182686.0,0.31
182687.0,0.06
182695.0,0.4
182718.0,0.15
182726.0,0.07
182735.0,0.075
182742.0,0.09
182747.0,0.09
182748.0,0.085
182752.0,0.135
182761.0,0.185
182800.0,0.04
182802.0,0.14
182807.0,0.12
182816.0,0.095
182818.0,0.095
182826.0,0.07
182836.0,0.01
182840.0,0.34
182841.0,0.195
182846.0,0.065
182862.0,0.11
182864.0,0.105
182871.0,0.245
182878.0,0.21
182880.0,0.11
182885.0,0.045
182893.0,0.065
182894.0,0.185
182895.0,0.105
182901.0,0.13
182907.0,0.22
182921.0,0.1
182952.0,0.065
182964.0,0.33
182966.0,0.225
182980.0,0.095
182985.0,0.235
182989.0,0.265
182994.0,0.12
183035.0,0.355
183037.0,0.27
183042.0,0.045
183049.0,0.125
183050.0,0.02
183051.0,0.07
183062.0,0.06
183063.0,0.045
183064.0,0.12
183076.0,0.175
183078.0,0.31
183086.0,0.06
183089.0,0.145
183091.0,0.145
183097.0,0.09
183104.0,0.025
183118.0,0.26
183119.0,0.165
183134.0,0.165
183142.0,0.355
183157.0,0.11
183162.0,0.08
183180.0,0.105
183193.0,0.12
183213.0,0.075
183216.0,0.405
183223.0,0.04
183226.0,0.145
183264.0,0.045
183273.0,0.12
183278.0,0.065
183282.0,0.085
183283.0,0.215
183286.0,0.115
183288.0,0.16
183299.0,0.145
183310.0,0.03
183315.0,0.145
183332.0,0.03
183336.0,0.12
183341.0,0.12
183342.0,0.1
183345.0,0.035
183347.0,0.195
183360.0,0.135
183362.0,0.06
183370.0,0.105
183379.0,0.07
183386.0,0.16
183410.0,0.135
183417.0,0.11
183419.0,0.055
183421.0,0.155
183425.0,0.195
183427.0,0.205
183433.0,0.155
183434.0,0.205
183438.0,0.025
183439.0,0.08
183440.0,0.2
183450.0,0.08
183451.0,0.19
183453.0,0.03
183454.0,0.035
183455.0,0.09
183457.0,0.04
183463.0,0.37
183475.0,0.01
183478.0,0.175
183480.0,0.09
183490.0,0.045
183494.0,0.355
183503.0,0.145
183512.0,0.29
183517.0,0.16
183530.0,0.125
183532.0,0.045
183533.0,0.055
183536.0,0.055
183545.0,0.03
183549.0,0.05
183550.0,0.055
183551.0,0.2
183555.0,0.155
183560.0,0.175
183585.0,0.06
183591.0,0.07
183592.0,0.035
183603.0,0.24
183610.0,0.095
183628.0,0.2
183644.0,0.08
183646.0,0.2
183649.0,0.1
183656.0,0.215
183658.0,0.305
183688.0,0.08
183690.0,0.055
183691.0,0.24
183697.0,0.215
183709.0,0.06
183711.0,0.245
183714.0,0.35
183725.0,0.08
183736.0,0.065
183742.0,0.035
183772.0,0.08
183776.0,0.175
183787.0,0.065
183792.0,0.175
183793.0,0.185
183799.0,0.28
183816.0,0.135
183818.0,0.255
183832.0,0.08
183836.0,0.04
183839.0,0.085
183840.0,0.105
183855.0,0.04
183857.0,0.165
183863.0,0.06
183866.0,0.065
183876.0,0.085
183878.0,0.14
183897.0,0.03
183902.0,0.125
183915.0,0.02
183925.0,0.21
183936.0,0.105
183939.0,0.17
183951.0,0.05
183956.0,0.075
183957.0,0.03
183974.0,0.02
183982.0,0.135
183994.0,0.065
184008.0,0.12
184013.0,0.175
184016.0,0.045
184019.0,0.08
184024.0,0.07
184025.0,0.145
184038.0,0.08
184045.0,0.065
184056.0,0.105
184060.0,0.14
184071.0,0.055
184073.0,0.095
184074.0,0.065
184077.0,0.06
184105.0,0.19
184106.0,0.11
184133.0,0.14
184154.0,0.215
184163.0,0.05
184165.0,0.205
184193.0,0.135
184194.0,0.125
184195.0,0.035
184202.0,0.18
184226.0,0.355
184230.0,0.055
184231.0,0.195
184234.0,0.195
184238.0,0.015
184248.0,0.025
184257.0,0.09
184268.0,0.055
184282.0,0.025
184291.0,0.14
184294.0,0.06
184295.0,0.38
184304.0,0.055
184309.0,0.06
184318.0,0.19
184325.0,0.085
184329.0,0.045
184330.0,0.06
184333.0,0.215
184337.0,0.015
184338.0,0.245
184340.0,0.05
184341.0,0.105
184347.0,0.19
184354.0,0.08
184355.0,0.1
184372.0,0.085
184384.0,0.2
184385.0,0.055
184386.0,0.085
184389.0,0.22
184401.0,0.045
184405.0,0.155
184431.0,0.265
184450.0,0.035
184453.0,0.39
184470.0,0.105
184471.0,0.16
184486.0,0.135
184488.0,0.045
184489.0,0.08
184497.0,0.025
184508.0,0.07
184509.0,0.055
184516.0,0.05
184525.0,0.145
184526.0,0.145
184531.0,0.075
184557.0,0.095
184576.0,0.07
184589.0,0.05
184605.0,0.02
184613.0,0.17
184630.0,0.075
184635.0,0.105
184636.0,0.02
184643.0,0.085
184645.0,0.14
184653.0,0.115
184655.0,0.14
184656.0,0.175
184660.0,0.125
184716.0,0.15
184736.0,0.07
184758.0,0.17
184767.0,0.125
184770.0,0.105
184773.0,0.035
184776.0,0.17
184792.0,0.145
184812.0,0.08
184820.0,0.145
184829.0,0.115
184831.0,0.17
184832.0,0.12
184834.0,0.1
184847.0,0.155
184848.0,0.045
184858.0,0.04
184866.0,0.04
184869.0,0.1
184870.0,0.12
184873.0,0.04
184874.0,0.05
184876.0,0.125
184879.0,0.21
184880.0,0.06
184885.0,0.075
184896.0,0.06
184916.0,0.215
184918.0,0.13
184919.0,0.135
184921.0,0.145
184936.0,0.07
184944.0,0.23
184956.0,0.16
184963.0,0.17
184964.0,0.04
184965.0,0.25
184972.0,0.165
184977.0,0.095
184982.0,0.09
184988.0,0.3
184992.0,0.225
184994.0,0.07
184998.0,0.335
185017.0,0.02
185024.0,0.11
185032.0,0.19
185037.0,0.08
185040.0,0.025
185043.0,0.18
185048.0,0.16
185059.0,0.075
185076.0,0.215
185083.0,0.0
185090.0,0.145
185099.0,0.1
185101.0,0.04
185106.0,0.15
185121.0,0.21
185125.0,0.21
185126.0,0.19
185127.0,0.225
185153.0,0.215
185167.0,0.05
185171.0,0.135
185178.0,0.075
185180.0,0.155
185181.0,0.02
185183.0,0.125
185186.0,0.255
185187.0,0.17
185188.0,0.1
185189.0,0.09
185194.0,0.33
185207.0,0.155
185209.0,0.135
185210.0,0.225
185212.0,0.03
185220.0,0.12
185221.0,0.09
185230.0,0.165
185231.0,0.155
185245.0,0.05
185249.0,0.285
185262.0,0.045
185285.0,0.255
185286.0,0.115
185288.0,0.05
185296.0,0.035
185298.0,0.29
185299.0,0.06
185308.0,0.035
185311.0,0.045
185313.0,0.08
185314.0,0.285
185332.0,0.23
185337.0,0.035
185338.0,0.04
185339.0,0.125
185341.0,0.15
185342.0,0.065
185344.0,0.105
185349.0,0.21
185362.0,0.12
185363.0,0.095
185394.0,0.05
185410.0,0.13
185418.0,0.145
185423.0,0.12
185428.0,0.13
185442.0,0.065
185447.0,0.11
185450.0,0.065
185454.0,0.06
185475.0,0.18
185481.0,0.115
185483.0,0.06
185485.0,0.29
185496.0,0.095
185504.0,0.025
185505.0,0.005
185512.0,0.04
185515.0,0.025
185534.0,0.08
185536.0,0.14
185538.0,0.075
185552.0,0.06
185569.0,0.19
185576.0,0.02
185578.0,0.165
185581.0,0.265
185584.0,0.08
185585.0,0.065
185586.0,0.25
185592.0,0.225
185604.0,0.015
185606.0,0.045
185607.0,0.18
185618.0,0.075
185622.0,0.13
185628.0,0.22
185629.0,0.055
185634.0,0.07
185637.0,0.205
185638.0,0.04
185640.0,0.25
185641.0,0.03
185645.0,0.055
185646.0,0.4
185647.0,0.03
185662.0,0.155
185669.0,0.17
185675.0,0.025
185687.0,0.095
185688.0,0.115
185689.0,0.1
185690.0,0.125
185697.0,0.205
185710.0,0.215
185733.0,0.055
185740.0,0.085
185806.0,0.125
185812.0,0.255
185824.0,0.155
185825.0,0.045
185826.0,0.14
185827.0,0.365
185828.0,0.07
185837.0,0.09
185859.0,0.12
185861.0,0.04
185872.0,0.06
185874.0,0.065
185891.0,0.23
185893.0,0.145
185897.0,0.075
185900.0,0.04
185910.0,0.1
185919.0,0.03
185932.0,0.03
185937.0,0.105
185939.0,0.115
185965.0,0.075
185968.0,0.135
185971.0,0.005
185978.0,0.22
185980.0,0.07
185981.0,0.105
185982.0,0.08
185991.0,0.07
185997.0,0.03
185998.0,0.085
186014.0,0.1
186021.0,0.05
186025.0,0.22
186034.0,0.13
186054.0,0.105
186061.0,0.125
186065.0,0.085
186066.0,0.21
186070.0,0.17
186080.0,0.07
186085.0,0.08
186094.0,0.25
186110.0,0.205
186113.0,0.07
186116.0,0.07
186127.0,0.04
186129.0,0.12
186135.0,0.115
186139.0,0.25
186151.0,0.095
186153.0,0.2
186156.0,0.03
186158.0,0.105
186159.0,0.01
186166.0,0.21
186168.0,0.055
186169.0,0.13
186170.0,0.055
186179.0,0.08
186188.0,0.11
186210.0,0.005
186227.0,0.055
186229.0,0.13
186230.0,0.085
186249.0,0.065
186254.0,0.085
186264.0,0.05
186265.0,0.18
186273.0,0.045
186276.0,0.055
186289.0,0.07
186296.0,0.205
186308.0,0.04
186309.0,0.035
186310.0,0.07
186316.0,0.075
186321.0,0.025
186333.0,0.095
186346.0,0.07
186391.0,0.125
186398.0,0.195
186407.0,0.08
186411.0,0.125
186415.0,0.12
186426.0,0.195
186444.0,0.035
186448.0,0.325
186453.0,0.255
186456.0,0.065
186460.0,0.025
186461.0,0.085
186473.0,0.14
186489.0,0.265
186490.0,0.275
186491.0,0.005
186492.0,0.045
186493.0,0.08
186503.0,0.09
186505.0,0.14
186506.0,0.02
186508.0,0.06
186524.0,0.275
186526.0,0.115
186536.0,0.06
186539.0,0.065
186543.0,0.06
186558.0,0.23
186568.0,0.21
186573.0,0.14
186587.0,0.095
186599.0,0.065
186609.0,0.22
186610.0,0.035
186612.0,0.07
186632.0,0.155
186634.0,0.08
186649.0,0.095
186652.0,0.195
186660.0,0.225
186668.0,0.195
186674.0,0.255
186675.0,0.125
186679.0,0.08
186682.0,0.07
186683.0,0.055
186695.0,0.32
186696.0,0.045
186704.0,0.11
186709.0,0.22
186714.0,0.17
186723.0,0.015
186726.0,0.445
186728.0,0.175
186729.0,0.135
186731.0,0.2
186737.0,0.125
186742.0,0.05
186743.0,0.02
186745.0,0.265
186747.0,0.02
186750.0,0.1
186769.0,0.065
186771.0,0.355
186787.0,0.085
186796.0,0.325
186802.0,0.19
186811.0,0.07
186812.0,0.195
186815.0,0.085
186840.0,0.09
186842.0,0.35
186853.0,0.195
186859.0,0.145
186878.0,0.095
186885.0,0.085
186890.0,0.05
186906.0,0.38
186916.0,0.06
186927.0,0.04
186928.0,0.175
186931.0,0.155
186934.0,0.09
186938.0,0.375
186943.0,0.3
186944.0,0.175
186945.0,0.14
186947.0,0.15
186952.0,0.115
186953.0,0.08
186960.0,0.155
186962.0,0.11
186991.0,0.03
187001.0,0.36
187017.0,0.07
187019.0,0.23
187024.0,0.05
187035.0,0.02
187037.0,0.095
187056.0,0.025
187057.0,0.11
187058.0,0.24
187065.0,0.14
187066.0,0.24
187069.0,0.035
187070.0,0.08
187074.0,0.055
187085.0,0.07
187087.0,0.04
187100.0,0.09
187117.0,0.15
187158.0,0.155
187159.0,0.105
187162.0,0.095
187164.0,0.07
187167.0,0.27
187168.0,0.04
187171.0,0.055
187184.0,0.305
187194.0,0.215
187208.0,0.175
187211.0,0.165
187220.0,0.1
187224.0,0.095
187242.0,0.19
187259.0,0.065
187260.0,0.05
187267.0,0.17
187280.0,0.305
187287.0,0.005
187291.0,0.08
187296.0,0.06
187301.0,0.09
187315.0,0.265
187319.0,0.065
187326.0,0.225
187328.0,0.19
187329.0,0.105
187330.0,0.08
187335.0,0.1
187339.0,0.035
187340.0,0.205
187353.0,0.09
187356.0,0.09
187367.0,0.195
187383.0,0.075
187388.0,0.14
187401.0,0.075
187415.0,0.1
187422.0,0.105
187439.0,0.235
187440.0,0.265
187442.0,0.35
187447.0,0.12
187448.0,0.07
187451.0,0.055
187468.0,0.045
187475.0,0.18
187477.0,0.17
187480.0,0.09
187498.0,0.26
187499.0,0.04
187516.0,0.055
187524.0,0.035
187534.0,0.09
187552.0,0.06
187577.0,0.135
187584.0,0.065
187585.0,0.075
187603.0,0.065
187608.0,0.01
187625.0,0.02
187637.0,0.125
187639.0,0.16
187641.0,0.09
187652.0,0.155
187684.0,0.11
187689.0,0.15
187698.0,0.18
187708.0,0.08
187716.0,0.13
187717.0,0.11
187719.0,0.025
187720.0,0.375
187743.0,0.13
187749.0,0.13
187762.0,0.13
187763.0,0.12
187772.0,0.125
187786.0,0.07
187787.0,0.105
187809.0,0.205
187826.0,0.205
187828.0,0.11
187829.0,0.115
187833.0,0.09
187847.0,0.085
187852.0,0.16
187862.0,0.05
187867.0,0.11
187868.0,0.11
187870.0,0.135
187871.0,0.06
187879.0,0.315
187894.0,0.065
187895.0,0.055
187899.0,0.045
187903.0,0.135
187915.0,0.05
187919.0,0.215
187941.0,0.08
187942.0,0.15
187944.0,0.135
187947.0,0.22
187949.0,0.315
187950.0,0.02
187952.0,0.225
187964.0,0.225
187967.0,0.035
187977.0,0.07
187983.0,0.175
187987.0,0.095
187988.0,0.1
187990.0,0.11
187991.0,0.26
187998.0,0.165
188014.0,0.06
188017.0,0.065
188021.0,0.185
188032.0,0.05
188039.0,0.08
188040.0,0.09
188044.0,0.13
188045.0,0.045
188054.0,0.11
188069.0,0.035
188070.0,0.22
188081.0,0.115
188092.0,0.26
188106.0,0.17
188108.0,0.075
188117.0,0.04
188120.0,0.06
188130.0,0.04
188133.0,0.15
188136.0,0.135
188151.0,0.045
188153.0,0.18
188158.0,0.105
188171.0,0.03
188175.0,0.21
188192.0,0.12
188194.0,0.09
188198.0,0.095
188199.0,0.1
188228.0,0.395
188232.0,0.085
188233.0,0.095
188234.0,0.065
188245.0,0.055
188248.0,0.085
188254.0,0.035
188261.0,0.065
188262.0,0.09
188267.0,0.05
188276.0,0.04
188281.0,0.27
188282.0,0.29
188295.0,0.075
188309.0,0.07
188313.0,0.19
188324.0,0.085
188327.0,0.145
188328.0,0.075
188329.0,0.16
188336.0,0.185
188337.0,0.175
188350.0,0.045
188389.0,0.19
188399.0,0.035
188413.0,0.12
188415.0,0.075
188421.0,0.045
188438.0,0.135
188449.0,0.3
188466.0,0.06
188470.0,0.01
188486.0,0.08
188492.0,0.04
188507.0,0.125
188511.0,0.025
188521.0,0.14
188540.0,0.19
188542.0,0.14
188551.0,0.29
188557.0,0.08
188558.0,0.075
188561.0,0.275
188563.0,0.175
188565.0,0.105
188577.0,0.08
188586.0,0.115
188591.0,0.04
188594.0,0.13
188614.0,0.075
188622.0,0.055
188626.0,0.08
188632.0,0.35
188635.0,0.095
188639.0,0.08
188645.0,0.195
188646.0,0.49
188647.0,0.17
188653.0,0.09
188659.0,0.06
188677.0,0.365
188694.0,0.075
188695.0,0.025
188696.0,0.04
188707.0,0.035
188714.0,0.08
188715.0,0.1
188722.0,0.11
188724.0,0.085
188729.0,0.065
188734.0,0.06
188739.0,0.33
188746.0,0.1
188747.0,0.065
188768.0,0.115
188770.0,0.09
188772.0,0.045
188787.0,0.05
188792.0,0.16
188793.0,0.025
188808.0,0.045
188828.0,0.14
188848.0,0.075
188851.0,0.15
188856.0,0.17
188862.0,0.135
188875.0,0.305
188876.0,0.335
188878.0,0.1
188880.0,0.015
188890.0,0.065
188900.0,0.115
188914.0,0.09
188928.0,0.18
188936.0,0.07
188946.0,0.075
188947.0,0.055
188948.0,0.085
188949.0,0.03
188950.0,0.09
188980.0,0.025
188982.0,0.235
188988.0,0.22
188990.0,0.21
188992.0,0.095
188993.0,0.215
188994.0,0.085
188997.0,0.04
188998.0,0.32
189009.0,0.045
189018.0,0.07
189022.0,0.1
189034.0,0.06
189045.0,0.035
189059.0,0.09
189062.0,0.13
189075.0,0.23
189086.0,0.045
189087.0,0.075
189107.0,0.215
189113.0,0.115
189144.0,0.035
189148.0,0.055
189199.0,0.145
189201.0,0.075
189202.0,0.02
189207.0,0.165
189213.0,0.185
189214.0,0.22
189224.0,0.035
189230.0,0.05
189251.0,0.1
189252.0,0.065
189255.0,0.075
189256.0,0.025
189257.0,0.11
189260.0,0.065
189261.0,0.21
189262.0,0.105
189263.0,0.04
189272.0,0.08
189282.0,0.08
189284.0,0.175
189294.0,0.075
189304.0,0.195
189314.0,0.16
189317.0,0.24
189333.0,0.045
189337.0,0.105
189347.0,0.045
189355.0,0.09
189357.0,0.17
189366.0,0.33
189374.0,0.07
189379.0,0.105
189388.0,0.13
189397.0,0.055
189418.0,0.17
189453.0,0.035
189458.0,0.025
189460.0,0.17
189481.0,0.05
189482.0,0.13
189483.0,0.17
189490.0,0.155
189491.0,0.01
189492.0,0.11
189511.0,0.165
189512.0,0.045
189518.0,0.15
189519.0,0.425
189531.0,0.12
189541.0,0.375
189550.0,0.115
189551.0,0.21
189559.0,0.26
189564.0,0.06
189573.0,0.25
189585.0,0.09
189587.0,0.235
189605.0,0.09
189612.0,0.055
189633.0,0.065
189640.0,0.055
189641.0,0.215
189643.0,0.04
189650.0,0.12
189652.0,0.11
189656.0,0.075
189661.0,0.155
189663.0,0.17
189684.0,0.165
189688.0,0.06
189711.0,0.175
189729.0,0.14
189747.0,0.125
189761.0,0.135
189773.0,0.11
189774.0,0.055
189779.0,0.17
189780.0,0.07
189796.0,0.105
189799.0,0.14
189800.0,0.035
189807.0,0.105
189808.0,0.06
189826.0,0.155
189836.0,0.055
189843.0,0.06
189845.0,0.12
189852.0,0.345
189853.0,0.14
189855.0,0.08
189866.0,0.065
189886.0,0.09
189888.0,0.04
189902.0,0.085
189907.0,0.285
189910.0,0.04
189922.0,0.05
189924.0,0.085
189933.0,0.095
189935.0,0.135
189939.0,0.06
189951.0,0.45
189965.0,0.075
189966.0,0.22
189977.0,0.13
189989.0,0.135
189990.0,0.275
190002.0,0.155
190006.0,0.31
190008.0,0.115
190009.0,0.175
190021.0,0.16
190058.0,0.125
190061.0,0.05
190069.0,0.065
190072.0,0.23
190078.0,0.165
190109.0,0.085
190112.0,0.25
190117.0,0.41
190132.0,0.01
190133.0,0.06
190153.0,0.145
190164.0,0.045
190167.0,0.035
190169.0,0.345
190179.0,0.23
190184.0,0.065
190188.0,0.07
190199.0,0.135
190200.0,0.295
190201.0,0.045
190227.0,0.095
190229.0,0.05
190245.0,0.045
190272.0,0.205
190274.0,0.12
190281.0,0.16
190282.0,0.17
190290.0,0.23
190299.0,0.345
190301.0,0.055
190304.0,0.105
190306.0,0.11
190311.0,0.115
190341.0,0.125
190354.0,0.03
190364.0,0.025
190368.0,0.115
190375.0,0.195
190383.0,0.06
190384.0,0.06
190387.0,0.04
190388.0,0.335
190392.0,0.165
190394.0,0.19
190405.0,0.29
190406.0,0.14
190412.0,0.08
190413.0,0.195
190431.0,0.03
190452.0,0.09
190454.0,0.125
190461.0,0.105
190475.0,0.115
190489.0,0.15
190507.0,0.105
190513.0,0.04
190515.0,0.385
190516.0,0.04
190522.0,0.05
190523.0,0.3
190526.0,0.18
190533.0,0.03
190537.0,0.125
190542.0,0.06
190545.0,0.09
190548.0,0.025
190555.0,0.155
190561.0,0.03
190562.0,0.045
190566.0,0.03
190581.0,0.085
190590.0,0.035
190591.0,0.25
190593.0,0.05
190612.0,0.09
190617.0,0.1
190618.0,0.07
190619.0,0.16
190643.0,0.205
190647.0,0.165
190663.0,0.025
190664.0,0.06
190678.0,0.055
190691.0,0.045
190697.0,0.04
190698.0,0.07
190701.0,0.265
190702.0,0.195
190713.0,0.065
190739.0,0.11
190744.0,0.18
190756.0,0.14
190767.0,0.135
190777.0,0.13
190808.0,0.28
190825.0,0.105
190830.0,0.165
190844.0,0.125
190855.0,0.145
190860.0,0.14
190861.0,0.09
190865.0,0.04
190884.0,0.085
190886.0,0.155
190887.0,0.195
190893.0,0.185
190899.0,0.12
190900.0,0.065
190901.0,0.095
190903.0,0.025
190909.0,0.08
190911.0,0.15
190916.0,0.21
190922.0,0.095
190926.0,0.05
190927.0,0.105
190929.0,0.215
190931.0,0.18
190948.0,0.09
190954.0,0.01
190957.0,0.035
190965.0,0.065
190978.0,0.155
190986.0,0.13
190990.0,0.05
190993.0,0.125
190998.0,0.075
190999.0,0.085
191028.0,0.13
191033.0,0.005
191042.0,0.315
191076.0,0.01
191114.0,0.185
191137.0,0.3
191138.0,0.13
191140.0,0.18
191141.0,0.05
191143.0,0.055
191145.0,0.115
191161.0,0.205
191167.0,0.195
191192.0,0.185
191199.0,0.115
191200.0,0.04
191205.0,0.09
191206.0,0.065
191214.0,0.04
191217.0,0.05
191222.0,0.095
191224.0,0.045
191232.0,0.155
191238.0,0.09
191243.0,0.175
191247.0,0.085
191250.0,0.07
191266.0,0.065
191278.0,0.065
191279.0,0.06
191282.0,0.155
191287.0,0.105
191290.0,0.095
191291.0,0.115
191296.0,0.27
191301.0,0.14
191304.0,0.015
191305.0,0.115
191306.0,0.235
191324.0,0.22
191359.0,0.045
191360.0,0.055
191362.0,0.03
191371.0,0.175
191379.0,0.18
191394.0,0.03
191413.0,0.2
191430.0,0.03
191435.0,0.195
191449.0,0.105
191452.0,0.05
191464.0,0.14
191465.0,0.04
191466.0,0.21
191469.0,0.06
191490.0,0.225
191494.0,0.225
191498.0,0.265
191506.0,0.23
191508.0,0.08
191509.0,0.025
191515.0,0.205
191524.0,0.055
191548.0,0.11
191562.0,0.085
191568.0,0.085
191596.0,0.19
191609.0,0.105
191619.0,0.045
191624.0,0.21
191628.0,0.03
191630.0,0.08
191648.0,0.225
191649.0,0.195
191654.0,0.07
191655.0,0.01
191659.0,0.14
191674.0,0.245
191675.0,0.105
191680.0,0.095
191681.0,0.075
191684.0,0.125
191686.0,0.04
191721.0,0.13
191722.0,0.075
191726.0,0.185
191727.0,0.075
191732.0,0.125
191735.0,0.015
191738.0,0.26
191745.0,0.195
191746.0,0.08
191751.0,0.13
191761.0,0.195
191772.0,0.06
191785.0,0.11
191794.0,0.04
191799.0,0.06
191806.0,0.225
191807.0,0.065
191809.0,0.225
191824.0,0.1
191826.0,0.1
191834.0,0.225
191837.0,0.165
191841.0,0.13
191845.0,0.025
191847.0,0.16
191850.0,0.15
191869.0,0.09
191873.0,0.105
191876.0,0.135
191878.0,0.125
191880.0,0.07
191881.0,0.11
191883.0,0.03
191898.0,0.145
191907.0,0.085
191910.0,0.13
191918.0,0.145
191920.0,0.15
191923.0,0.055
191942.0,0.07
191943.0,0.085
191951.0,0.185
191952.0,0.055
191958.0,0.07
191963.0,0.33
191971.0,0.17
191992.0,0.065
192000.0,0.175
192001.0,0.185
192008.0,0.115
192018.0,0.015
192029.0,0.03
192030.0,0.045
192031.0,0.1
192043.0,0.155
192045.0,0.095
192052.0,0.34
192056.0,0.015
192071.0,0.085
192082.0,0.12
192088.0,0.06
192103.0,0.075
192105.0,0.16
192119.0,0.02
192144.0,0.235
192151.0,0.05
192158.0,0.025
192163.0,0.09
192172.0,0.185
192176.0,0.045
192177.0,0.075
192212.0,0.135
192221.0,0.32
192223.0,0.215
192224.0,0.13
192238.0,0.05
192239.0,0.125
192252.0,0.195
192259.0,0.09
192268.0,0.05
192274.0,0.115
192276.0,0.155
192277.0,0.09
192289.0,0.045
192296.0,0.19
192308.0,0.27
192309.0,0.04
192315.0,0.085
192322.0,0.155
192324.0,0.155
192343.0,0.1
192345.0,0.04
192367.0,0.235
192375.0,0.035
192382.0,0.275
192389.0,0.08
192390.0,0.14
192391.0,0.135
192423.0,0.035
192427.0,0.13
192431.0,0.085
192433.0,0.04
192451.0,0.07
192453.0,0.13
192455.0,0.055
192468.0,0.065
192469.0,0.06
192474.0,0.03
192481.0,0.055
192482.0,0.055
192483.0,0.06
192486.0,0.165
192490.0,0.17
192491.0,0.105
192494.0,0.14
192507.0,0.03
192508.0,0.115
192509.0,0.19
192525.0,0.115
192526.0,0.135
192528.0,0.035
192535.0,0.155
192545.0,0.29
192548.0,0.165
192572.0,0.35
192594.0,0.08
192607.0,0.035
192625.0,0.13
192626.0,0.095
192631.0,0.08
192632.0,0.17
192636.0,0.09
192637.0,0.08
192655.0,0.06
192657.0,0.015
192674.0,0.19
192675.0,0.07
192680.0,0.225
192682.0,0.21
192686.0,0.085
192698.0,0.2
192703.0,0.045
192705.0,0.025
192717.0,0.14
192720.0,0.085
192721.0,0.165
192722.0,0.12
192728.0,0.015
192734.0,0.015
192739.0,0.175
192740.0,0.175
192752.0,0.055
192761.0,0.04
192770.0,0.015
192780.0,0.135
192782.0,0.075
192783.0,0.245
192789.0,0.155
192796.0,0.015
192800.0,0.095
192802.0,0.13
192811.0,0.125
192812.0,0.105
192815.0,0.08
192838.0,0.235
192861.0,0.04
192868.0,0.09
192872.0,0.145
192876.0,0.305
192877.0,0.085
192897.0,0.145
192898.0,0.115
192903.0,0.09
192904.0,0.16
192905.0,0.04
192911.0,0.445
192920.0,0.095
192921.0,0.1
192922.0,0.165
192942.0,0.095
192946.0,0.195
192963.0,0.11
192978.0,0.135
192979.0,0.305
192981.0,0.265
192991.0,0.135
192995.0,0.11
192998.0,0.275
193019.0,0.095
193027.0,0.045
193028.0,0.055
193032.0,0.04
193036.0,0.085
193044.0,0.075
193046.0,0.105
193049.0,0.035
193050.0,0.125
193054.0,0.085
193057.0,0.125
193060.0,0.345
193075.0,0.065
193088.0,0.05
193091.0,0.16
193112.0,0.035
193122.0,0.04
193123.0,0.29
193128.0,0.08
193133.0,0.04
193143.0,0.06
193150.0,0.26
193151.0,0.04
193160.0,0.305
193180.0,0.21
193198.0,0.08
193204.0,0.225
193207.0,0.075
193210.0,0.395
193225.0,0.045
193232.0,0.195
193248.0,0.125
193249.0,0.195
193262.0,0.045
193270.0,0.105
193273.0,0.09
193275.0,0.07
193286.0,0.085
193289.0,0.29
193290.0,0.08
193311.0,0.165
193321.0,0.025
193322.0,0.055
193340.0,0.115
193349.0,0.015
193368.0,0.15
193369.0,0.035
193375.0,0.05
193385.0,0.225
193389.0,0.065
193394.0,0.13
193396.0,0.075
193398.0,0.07
193402.0,0.11
193409.0,0.045
193421.0,0.045
193426.0,0.03
193430.0,0.075
193436.0,0.175
193437.0,0.09
193440.0,0.005
193441.0,0.21
193449.0,0.08
193462.0,0.015
193464.0,0.05
193468.0,0.04
193474.0,0.035
193475.0,0.04
193479.0,0.225
193484.0,0.085
193488.0,0.145
193496.0,0.025
193507.0,0.105
193510.0,0.115
193512.0,0.03
193514.0,0.045
193515.0,0.15
193516.0,0.155
193520.0,0.04
193522.0,0.29
193541.0,0.035
193545.0,0.03
193549.0,0.135
193554.0,0.16
193558.0,0.175
193568.0,0.105
193569.0,0.31
193579.0,0.09
193587.0,0.07
193589.0,0.135
193613.0,0.08
193642.0,0.285
193643.0,0.11
193647.0,0.04
193648.0,0.095
193663.0,0.15
193664.0,0.245
193665.0,0.04
193672.0,0.135
193675.0,0.205
193686.0,0.265
193692.0,0.11
193706.0,0.12
193725.0,0.035
193726.0,0.095
193727.0,0.065
193733.0,0.06
193738.0,0.175
193739.0,0.075
193745.0,0.105
193759.0,0.08
193767.0,0.09
193774.0,0.15
193776.0,0.075
193777.0,0.405
193787.0,0.37
193789.0,0.17
193793.0,0.13
193805.0,0.01
193808.0,0.045
193816.0,0.07
193817.0,0.145
193821.0,0.165
193831.0,0.17
193832.0,0.035
193874.0,0.34
193879.0,0.12
193882.0,0.075
193910.0,0.035
193915.0,0.075
193916.0,0.135
193921.0,0.33
193924.0,0.15
193926.0,0.035
193927.0,0.095
193949.0,0.075
193954.0,0.21
193966.0,0.185
193970.0,0.16
193971.0,0.13
193975.0,0.095
193980.0,0.12
193982.0,0.19
193983.0,0.14
193987.0,0.085
193997.0,0.03
194000.0,0.115
194013.0,0.17
194014.0,0.36
194026.0,0.075
194039.0,0.085
194042.0,0.085
194054.0,0.155
194057.0,0.185
194058.0,0.085
194068.0,0.09
194071.0,0.2
194073.0,0.115
194075.0,0.14
194093.0,0.06
194098.0,0.295
194105.0,0.085
194106.0,0.245
194110.0,0.065
194128.0,0.095
194137.0,0.1
194149.0,0.095
194150.0,0.075
194155.0,0.275
194157.0,0.165
194158.0,0.1
194164.0,0.11
194165.0,0.085
194166.0,0.03
194170.0,0.115
194171.0,0.065
194177.0,0.04
194187.0,0.11
194188.0,0.07
194213.0,0.095
194229.0,0.335
194230.0,0.155
194241.0,0.015
194243.0,0.085
194244.0,0.185
194276.0,0.035
194279.0,0.055
194280.0,0.1
194281.0,0.19
194291.0,0.08
194293.0,0.39
194306.0,0.05
194307.0,0.035
194308.0,0.03
194310.0,0.265
194314.0,0.035
194326.0,0.205
194330.0,0.31
194338.0,0.055
194366.0,0.165
194370.0,0.035
194371.0,0.065
194379.0,0.03
194382.0,0.165
194383.0,0.235
194395.0,0.44
194402.0,0.065
194406.0,0.03
194408.0,0.33
194413.0,0.15
194414.0,0.15
194419.0,0.055
194423.0,0.11
194424.0,0.205
194429.0,0.15
194436.0,0.09
194468.0,0.02
194469.0,0.06
194478.0,0.12
194480.0,0.275
194484.0,0.075
194505.0,0.15
194514.0,0.05
194516.0,0.06
194523.0,0.155
194526.0,0.03
194533.0,0.05
194534.0,0.04
194536.0,0.105
194548.0,0.115
194552.0,0.18
194558.0,0.13
194561.0,0.13
194563.0,0.08
194569.0,0.215
194581.0,0.26
194586.0,0.03
194590.0,0.045
194598.0,0.125
194600.0,0.095
194603.0,0.1
194604.0,0.065
194605.0,0.165
194607.0,0.185
194610.0,0.185
194620.0,0.105
194627.0,0.205
194650.0,0.185
194652.0,0.02
194659.0,0.035
194660.0,0.2
194662.0,0.08
194665.0,0.05
194675.0,0.19
194677.0,0.135
194679.0,0.045
194691.0,0.3
194696.0,0.04
194713.0,0.315
194716.0,0.065
194717.0,0.075
194725.0,0.075
194732.0,0.04
194737.0,0.165
194738.0,0.145
194769.0,0.115
194791.0,0.055
194802.0,0.2
194806.0,0.17
194810.0,0.07
194812.0,0.1
194813.0,0.145
194816.0,0.04
194827.0,0.055
194844.0,0.08
194856.0,0.1
194860.0,0.065
194866.0,0.1
194867.0,0.1
194877.0,0.125
194879.0,0.2
194880.0,0.025
194881.0,0.03
194887.0,0.03
194900.0,0.045
194906.0,0.125
194907.0,0.19
194908.0,0.305
194914.0,0.07
194934.0,0.2
194955.0,0.19
194956.0,0.065
194965.0,0.15
194966.0,0.15
194980.0,0.095
194985.0,0.135
194986.0,0.1
194995.0,0.095
194999.0,0.045
195000.0,0.085
195010.0,0.23
195013.0,0.12
195044.0,0.1
195048.0,0.185
195050.0,0.365
195051.0,0.225
195055.0,0.125
195070.0,0.09
195074.0,0.36
195075.0,0.12
195077.0,0.13
195081.0,0.035
195088.0,0.06
195089.0,0.03
195091.0,0.055
195096.0,0.3
195100.0,0.24
195103.0,0.09
195116.0,0.085
195117.0,0.13
195129.0,0.175
195151.0,0.015
195158.0,0.19
195164.0,0.13
195176.0,0.28
195186.0,0.125
195187.0,0.26
195198.0,0.075
195201.0,0.06
195207.0,0.085
195214.0,0.235
195215.0,0.115
195234.0,0.045
195235.0,0.03
195239.0,0.06
195240.0,0.135
195253.0,0.125
195255.0,0.03
195280.0,0.005
195291.0,0.0
195293.0,0.07
195300.0,0.03
195306.0,0.09
195307.0,0.215
195322.0,0.155
195326.0,0.23
195330.0,0.03
195341.0,0.165
195343.0,0.085
195367.0,0.065
195369.0,0.11
195371.0,0.06
195372.0,0.085
195389.0,0.24
195415.0,0.06
195435.0,0.22
195439.0,0.16
195440.0,0.085
195444.0,0.045
195447.0,0.09
195450.0,0.035
195451.0,0.1
195456.0,0.125
195457.0,0.19
195461.0,0.155
195462.0,0.175
195463.0,0.05
195466.0,0.205
195468.0,0.03
195469.0,0.075
195489.0,0.07
195495.0,0.13
195496.0,0.07
195504.0,0.12
195505.0,0.19
195506.0,0.135
195511.0,0.14
195518.0,0.03
195519.0,0.235
195529.0,0.045
195531.0,0.055
195546.0,0.06
195547.0,0.07
195552.0,0.085
195577.0,0.105
195579.0,0.08
195588.0,0.06
195597.0,0.065
195607.0,0.04
195617.0,0.105
195626.0,0.145
195632.0,0.325
195634.0,0.195
195635.0,0.1
195645.0,0.065
195648.0,0.07
195674.0,0.295
195691.0,0.07
195695.0,0.345
195703.0,0.255
195710.0,0.17
195711.0,0.09
195727.0,0.185
195729.0,0.055
195734.0,0.195
195739.0,0.1
195740.0,0.06
195746.0,0.265
195750.0,0.425
195769.0,0.175
195772.0,0.135
195785.0,0.025
195789.0,0.205
195793.0,0.095
195801.0,0.095
195803.0,0.1
195810.0,0.225
195818.0,0.135
195819.0,0.255
195823.0,0.165
195828.0,0.34
195836.0,0.085
195843.0,0.13
195858.0,0.105
195876.0,0.175
195890.0,0.16
195891.0,0.09
195900.0,0.05
195905.0,0.13
195910.0,0.14
195911.0,0.17
195912.0,0.025
195917.0,0.14
195918.0,0.215
195923.0,0.405
195937.0,0.16
195940.0,0.275
195945.0,0.025
195946.0,0.05
195948.0,0.09
195955.0,0.02
195957.0,0.16
195958.0,0.025
195959.0,0.28
195970.0,0.06
195974.0,0.03
195979.0,0.19
195990.0,0.11
196004.0,0.1
196007.0,0.32
196012.0,0.125
196019.0,0.095
196029.0,0.36
196034.0,0.175
196042.0,0.105
196066.0,0.29
196067.0,0.15
196071.0,0.055
196074.0,0.315
196075.0,0.045
196079.0,0.075
196080.0,0.43
196082.0,0.045
196083.0,0.055
196085.0,0.3
196115.0,0.055
196118.0,0.105
196128.0,0.085
196149.0,0.1
196150.0,0.09
196162.0,0.115
196194.0,0.315
196198.0,0.09
196204.0,0.03
196206.0,0.065
196210.0,0.27
196220.0,0.085
196221.0,0.045
196230.0,0.01
196236.0,0.135
196242.0,0.205
196256.0,0.24
196261.0,0.235
196274.0,0.08
196281.0,0.035
196303.0,0.015
196305.0,0.16
196322.0,0.035
196343.0,0.055
196346.0,0.145
196354.0,0.05
196357.0,0.065
196359.0,0.0
196360.0,0.225
196361.0,0.105
196364.0,0.245
196371.0,0.06
196375.0,0.055
196377.0,0.08
196378.0,0.035
196381.0,0.065
196384.0,0.075
196385.0,0.215
196388.0,0.205
196394.0,0.375
196400.0,0.335
196401.0,0.17
196404.0,0.28
196411.0,0.155
196436.0,0.1
196443.0,0.065
196444.0,0.26
196446.0,0.23
196475.0,0.105
196476.0,0.425
196486.0,0.065
196489.0,0.085
196492.0,0.085
196498.0,0.195
196500.0,0.02
196505.0,0.215
196507.0,0.125
196510.0,0.045
196514.0,0.075
196530.0,0.105
196544.0,0.015
196551.0,0.135
196578.0,0.08
196585.0,0.17
196587.0,0.075
196588.0,0.16
196594.0,0.19
196598.0,0.095
196605.0,0.065
196618.0,0.13
196619.0,0.085
196623.0,0.105
196624.0,0.025
196643.0,0.06
196649.0,0.115
196650.0,0.015
196656.0,0.045
196663.0,0.315
196667.0,0.21
196669.0,0.14
196681.0,0.25
196717.0,0.08
196726.0,0.2
196728.0,0.055
196729.0,0.105
196731.0,0.09
196736.0,0.11
196738.0,0.085
196745.0,0.05
196747.0,0.075
196748.0,0.105
196753.0,0.04
196757.0,0.05
196760.0,0.105
196777.0,0.235
196788.0,0.1
196799.0,0.14
196808.0,0.015
196819.0,0.125
196825.0,0.015
196826.0,0.28
196834.0,0.05
196841.0,0.24
196847.0,0.13
196849.0,0.105
196851.0,0.11
196867.0,0.085
196884.0,0.11
196889.0,0.185
196898.0,0.05
196901.0,0.015
196917.0,0.095
196930.0,0.075
196936.0,0.12
196956.0,0.04
196959.0,0.045
196962.0,0.055
196963.0,0.085
196971.0,0.18
196972.0,0.195
196977.0,0.07
196984.0,0.05
196985.0,0.31
197010.0,0.4
197029.0,0.225
197040.0,0.08
197058.0,0.32
197060.0,0.035
197064.0,0.3
197075.0,0.075
197083.0,0.18
197102.0,0.235
197103.0,0.3
197107.0,0.205
197129.0,0.165
197135.0,0.085
197140.0,0.03
197150.0,0.11
197152.0,0.045
197153.0,0.135
197154.0,0.05
197156.0,0.24
197166.0,0.065
197167.0,0.05
197177.0,0.14
197178.0,0.055
197187.0,0.205
197191.0,0.05
197205.0,0.2
197206.0,0.17
197219.0,0.175
197224.0,0.05
197245.0,0.165
197246.0,0.21
197273.0,0.255
197275.0,0.055
197278.0,0.095
197288.0,0.13
197290.0,0.095
197294.0,0.11
197295.0,0.08
197311.0,0.04
197314.0,0.14
197320.0,0.13
197321.0,0.325
197324.0,0.21
197327.0,0.08
197332.0,0.09
197333.0,0.205
197335.0,0.13
197348.0,0.035
197362.0,0.14
197363.0,0.27
197368.0,0.035
197378.0,0.075
197381.0,0.255
197384.0,0.04
197386.0,0.085
197393.0,0.155
197396.0,0.06
197400.0,0.03
197408.0,0.03
197412.0,0.055
197413.0,0.38
197415.0,0.02
197418.0,0.325
197427.0,0.07
197443.0,0.23
197448.0,0.22
197449.0,0.055
197470.0,0.115
197478.0,0.205
197482.0,0.26
197488.0,0.075
197491.0,0.06
197495.0,0.065
197498.0,0.225
197502.0,0.185
197507.0,0.365
197509.0,0.16
197510.0,0.19
197512.0,0.06
197513.0,0.01
197524.0,0.16
197525.0,0.17
197529.0,0.24
197533.0,0.04
197534.0,0.385
197540.0,0.145
197541.0,0.025
197559.0,0.155
197566.0,0.085
197582.0,0.025
197585.0,0.12
197587.0,0.185
197595.0,0.065
197598.0,0.04
197601.0,0.065
197603.0,0.09
197607.0,0.085
197611.0,0.195
197625.0,0.18
197631.0,0.075
197633.0,0.08
197638.0,0.08
197640.0,0.15
197644.0,0.005
197645.0,0.035
197646.0,0.105
197650.0,0.085
197657.0,0.17
197664.0,0.16
197668.0,0.05
197681.0,0.11
197682.0,0.275
197693.0,0.145
197695.0,0.095
197699.0,0.115
197709.0,0.06
197711.0,0.165
197715.0,0.085
197716.0,0.325
197722.0,0.16
197728.0,0.15
197729.0,0.055
197730.0,0.145
197744.0,0.045
197768.0,0.05
197770.0,0.05
197775.0,0.28
197788.0,0.04
197795.0,0.045
197806.0,0.18
197808.0,0.14
197812.0,0.195
197813.0,0.02
197822.0,0.06
197827.0,0.04
197828.0,0.105
197836.0,0.185
197857.0,0.07
197862.0,0.37
197872.0,0.105
197892.0,0.1
197903.0,0.095
197907.0,0.08
197908.0,0.12
197916.0,0.045
197921.0,0.07
197924.0,0.055
197930.0,0.075
197934.0,0.21
197942.0,0.095
197945.0,0.295
197958.0,0.055
197959.0,0.02
197967.0,0.155
197969.0,0.25
197978.0,0.21
197999.0,0.04
198001.0,0.155
198004.0,0.04
198007.0,0.08
198019.0,0.055
198020.0,0.07
198024.0,0.095
198026.0,0.305
198038.0,0.07
198044.0,0.03
198050.0,0.255
198054.0,0.26
198055.0,0.245
198082.0,0.07
198094.0,0.105
198095.0,0.08
198099.0,0.17
198101.0,0.215
198102.0,0.065
198114.0,0.195
198125.0,0.12
198127.0,0.08
198128.0,0.085
198137.0,0.06
198141.0,0.02
198142.0,0.125
198155.0,0.195
198179.0,0.14
198181.0,0.105
198184.0,0.085
198185.0,0.09
198186.0,0.185
198187.0,0.145
198193.0,0.085
198197.0,0.16
198209.0,0.015
198221.0,0.235
198225.0,0.105
198229.0,0.24
198237.0,0.135
198239.0,0.28
198247.0,0.18
198253.0,0.155
198272.0,0.04
198279.0,0.02
198282.0,0.07
198284.0,0.055
198285.0,0.085
198287.0,0.135
198294.0,0.16
198309.0,0.14
198312.0,0.25
198315.0,0.075
198323.0,0.11
198331.0,0.035
198333.0,0.295
198359.0,0.065
198370.0,0.035
198378.0,0.075
198379.0,0.14
198381.0,0.055
198383.0,0.05
198384.0,0.21
198385.0,0.04
198420.0,0.2
198421.0,0.15
198425.0,0.165
198427.0,0.105
198429.0,0.03
198437.0,0.04
198445.0,0.055
198452.0,0.045
198454.0,0.035
198487.0,0.145
198523.0,0.18
198528.0,0.295
198530.0,0.305
198539.0,0.09
198540.0,0.11
198547.0,0.09
198566.0,0.075
198568.0,0.02
198569.0,0.105
198595.0,0.025
198600.0,0.115
198614.0,0.06
198617.0,0.065
198619.0,0.365
198627.0,0.085
198640.0,0.02
198655.0,0.13
198664.0,0.12
198665.0,0.025
198666.0,0.16
198670.0,0.11
198673.0,0.29
198680.0,0.085
198689.0,0.07
198690.0,0.26
198702.0,0.035
198703.0,0.06
198704.0,0.25
198714.0,0.395
198715.0,0.2
198717.0,0.045
198718.0,0.09
198720.0,0.19
198721.0,0.025
198730.0,0.115
198739.0,0.165
198754.0,0.08
198761.0,0.06
198772.0,0.04
198774.0,0.115
198775.0,0.125
198779.0,0.06
198783.0,0.05
198790.0,0.195
198794.0,0.115
198798.0,0.2
198799.0,0.13
198802.0,0.155
198806.0,0.04
198847.0,0.085
198854.0,0.24
198858.0,0.15
198859.0,0.26
198865.0,0.135
198872.0,0.09
198874.0,0.09
198878.0,0.14
198883.0,0.195
198884.0,0.16
198891.0,0.055
198899.0,0.105
198907.0,0.195
198916.0,0.255
198917.0,0.13
198934.0,0.055
198937.0,0.03
198938.0,0.115
198941.0,0.15
198957.0,0.065
198966.0,0.075
198984.0,0.09
198997.0,0.01
199001.0,0.185
199003.0,0.1
199009.0,0.075
199011.0,0.05
199013.0,0.13
199015.0,0.045
199024.0,0.08
199026.0,0.1
199027.0,0.31
199029.0,0.1
199030.0,0.135
199041.0,0.11
199048.0,0.15
199057.0,0.19
199058.0,0.03
199062.0,0.075
199067.0,0.04
199070.0,0.105
199075.0,0.045
199076.0,0.03
199092.0,0.135
199096.0,0.07
199104.0,0.165
199114.0,0.165
199115.0,0.04
199117.0,0.15
199126.0,0.265
199131.0,0.125
199141.0,0.05
199145.0,0.05
199150.0,0.14
199151.0,0.025
199153.0,0.06
199166.0,0.075
199167.0,0.12
199177.0,0.16
199182.0,0.045
199183.0,0.21
199185.0,0.075
199212.0,0.07
199213.0,0.16
199222.0,0.185
199229.0,0.14
199230.0,0.05
199242.0,0.14
199243.0,0.07
199246.0,0.16
199247.0,0.145
199249.0,0.045
199262.0,0.305
199263.0,0.125
199275.0,0.11
199276.0,0.27
199287.0,0.175
199298.0,0.105
199304.0,0.16
199307.0,0.14
199311.0,0.145
199316.0,0.015
199320.0,0.165
199321.0,0.25
199325.0,0.085
199326.0,0.32
199327.0,0.185
199334.0,0.02
199344.0,0.28
199345.0,0.1
199352.0,0.1
199364.0,0.245
199378.0,0.05
199379.0,0.075
199387.0,0.015
199405.0,0.145
199418.0,0.155
199424.0,0.09
199425.0,0.04
199432.0,0.03
199433.0,0.155
199442.0,0.17
199446.0,0.065
199457.0,0.06
199458.0,0.05
199477.0,0.1
199522.0,0.07
199525.0,0.205
199533.0,0.12
199536.0,0.135
199537.0,0.075
199550.0,0.16
199560.0,0.105
199564.0,0.13
199575.0,0.215
199580.0,0.025
199586.0,0.085
199597.0,0.14
199598.0,0.175
199604.0,0.06
199608.0,0.21
199609.0,0.145
199616.0,0.035
199625.0,0.165
199648.0,0.17
199650.0,0.01
199655.0,0.04
199663.0,0.08
199670.0,0.045
199673.0,0.12
199685.0,0.185
199696.0,0.155
199703.0,0.11
199704.0,0.115
199706.0,0.105
199727.0,0.135
199740.0,0.11
199746.0,0.135
199764.0,0.175
199766.0,0.185
199785.0,0.06
199786.0,0.07
199795.0,0.215
199797.0,0.145
199803.0,0.29
199804.0,0.125
199810.0,0.065
199815.0,0.175
199822.0,0.105
199824.0,0.07
199828.0,0.17
199833.0,0.12
199840.0,0.11
199844.0,0.185
199846.0,0.155
199858.0,0.16
199862.0,0.07
199865.0,0.115
199866.0,0.085
199869.0,0.16
199870.0,0.025
199871.0,0.105
199878.0,0.055
199889.0,0.09
199891.0,0.07
199898.0,0.065
199903.0,0.015
199904.0,0.035
199924.0,0.315
199950.0,0.065
199954.0,0.08
199956.0,0.035
199962.0,0.2
199965.0,0.255
199971.0,0.1
199972.0,0.07
199988.0,0.27
199995.0,0.1
199997.0,0.07
199998.0,0.07
199999.0,0.095
200011.0,0.16
200012.0,0.035
200016.0,0.055
200019.0,0.025
200030.0,0.075
200031.0,0.09
200032.0,0.04
200038.0,0.155
200043.0,0.065
200044.0,0.165
200045.0,0.25
200053.0,0.315
200057.0,0.085
200061.0,0.065
200064.0,0.115
200071.0,0.175
200084.0,0.21
200085.0,0.02
200086.0,0.075
200093.0,0.115
200095.0,0.08
200105.0,0.055
200111.0,0.055
200116.0,0.275
200125.0,0.185
200126.0,0.12
200157.0,0.12
200173.0,0.14
200181.0,0.085
200185.0,0.05
200187.0,0.05
200193.0,0.065
200200.0,0.235
200202.0,0.06
200206.0,0.105
200207.0,0.05
200216.0,0.03
200229.0,0.2
200234.0,0.015
200241.0,0.135
200244.0,0.035
200258.0,0.195
200262.0,0.115
200268.0,0.3
200277.0,0.075
200286.0,0.035
200293.0,0.19
200299.0,0.355
200306.0,0.065
200335.0,0.025
200358.0,0.085
200366.0,0.005
200367.0,0.05
200370.0,0.06
200373.0,0.21
200374.0,0.17
200383.0,0.205
200387.0,0.175
200390.0,0.155
200391.0,0.115
200421.0,0.155
200437.0,0.12
200442.0,0.04
200447.0,0.015
200460.0,0.06
200463.0,0.28
200467.0,0.105
200487.0,0.06
200488.0,0.105
200490.0,0.06
200493.0,0.175
200494.0,0.055
200501.0,0.175
200506.0,0.145
200516.0,0.05
200518.0,0.1
200520.0,0.245
200523.0,0.115
200524.0,0.155
200525.0,0.175
200534.0,0.08
200538.0,0.125
200552.0,0.085
200556.0,0.055
200557.0,0.125
200567.0,0.15
200568.0,0.08
200570.0,0.07
200572.0,0.145
200576.0,0.005
200585.0,0.2
200587.0,0.15
200588.0,0.155
200593.0,0.13
200594.0,0.065
200595.0,0.26
200603.0,0.26
200615.0,0.18
200624.0,0.155
200631.0,0.435
200632.0,0.005
200636.0,0.075
200638.0,0.06
200641.0,0.145
200650.0,0.085
200653.0,0.125
200657.0,0.155
200668.0,0.09
200669.0,0.085
200670.0,0.105
200676.0,0.05
200697.0,0.02
200710.0,0.155
200720.0,0.07
200729.0,0.05
200749.0,0.17
200753.0,0.265
200755.0,0.195
200756.0,0.17
200757.0,0.135
200768.0,0.16
200776.0,0.015
200799.0,0.23
200801.0,0.015
200810.0,0.22
200823.0,0.15
200832.0,0.22
200836.0,0.095
200838.0,0.065
200864.0,0.265
200867.0,0.065
200869.0,0.19
200873.0,0.09
200876.0,0.135
200881.0,0.105
200883.0,0.02
200890.0,0.105
200895.0,0.105
200897.0,0.055
200899.0,0.06
200900.0,0.115
200907.0,0.05
200912.0,0.075
200926.0,0.125
200930.0,0.32
200971.0,0.04
200974.0,0.04
200979.0,0.095
200998.0,0.15
201008.0,0.175
201018.0,0.22
201026.0,0.035
201043.0,0.105
201049.0,0.055
201050.0,0.13
201061.0,0.135
201062.0,0.085
201072.0,0.07
201076.0,0.135
201077.0,0.065
201081.0,0.195
201084.0,0.16
201089.0,0.07
201092.0,0.05
201109.0,0.205
201110.0,0.12
201116.0,0.045
201122.0,0.165
201135.0,0.195
201143.0,0.06
201153.0,0.035
201159.0,0.17
201165.0,0.035
201187.0,0.155
201197.0,0.08
201218.0,0.16
201219.0,0.155
201231.0,0.08
201234.0,0.025
201243.0,0.055
201246.0,0.04
201254.0,0.27
201256.0,0.09
201262.0,0.445
201263.0,0.18
201272.0,0.265
201273.0,0.02
201281.0,0.095
201290.0,0.085
201294.0,0.15
201296.0,0.035
201320.0,0.065
201332.0,0.12
201342.0,0.19
201343.0,0.1
201347.0,0.105
201350.0,0.075
201351.0,0.17
201362.0,0.345
201363.0,0.145
201368.0,0.12
201373.0,0.09
201375.0,0.07
201378.0,0.05
201386.0,0.175
201387.0,0.025
201390.0,0.43
201393.0,0.265
201409.0,0.095
201442.0,0.155
201444.0,0.22
201447.0,0.115
201451.0,0.085
201474.0,0.275
201481.0,0.13
201491.0,0.04
201498.0,0.07
201499.0,0.265
201501.0,0.32
201502.0,0.075
201516.0,0.075
201517.0,0.09
201524.0,0.105
201526.0,0.25
201528.0,0.07
201532.0,0.055
201543.0,0.32
201544.0,0.195
201546.0,0.09
201552.0,0.115
201554.0,0.125
201556.0,0.055
201557.0,0.07
201559.0,0.12
201575.0,0.075
201592.0,0.115
201593.0,0.48
201600.0,0.08
201630.0,0.135
201631.0,0.16
201635.0,0.04
201638.0,0.135
201642.0,0.115
201645.0,0.025
201660.0,0.09
201663.0,0.155
201665.0,0.025
201674.0,0.08
201675.0,0.09
201677.0,0.2
201688.0,0.185
201698.0,0.15
201706.0,0.055
201709.0,0.04
201710.0,0.135
201718.0,0.06
201720.0,0.185
201727.0,0.14
201730.0,0.04
201732.0,0.045
201733.0,0.09
201736.0,0.115
201738.0,0.04
201744.0,0.18
201747.0,0.135
201751.0,0.18
201766.0,0.2
201777.0,0.02
201778.0,0.11
201785.0,0.2
201804.0,0.105
201808.0,0.195
201813.0,0.125
201815.0,0.045
201820.0,0.06
201825.0,0.075
201830.0,0.025
201838.0,0.085
201839.0,0.265
201845.0,0.15
201849.0,0.04
201850.0,0.095
201853.0,0.075
201856.0,0.08
201873.0,0.125
201875.0,0.07
201906.0,0.105
201907.0,0.25
201908.0,0.085
201909.0,0.165
201911.0,0.13
201927.0,0.065
201928.0,0.115
201937.0,0.075
201943.0,0.09
201946.0,0.105
201948.0,0.1
201949.0,0.19
201955.0,0.05
201962.0,0.105
201977.0,0.065
201996.0,0.055
201997.0,0.315
202004.0,0.095
202005.0,0.07
202006.0,0.205
202010.0,0.06
202020.0,0.13
202029.0,0.3
202033.0,0.035
202034.0,0.15
202040.0,0.18
202045.0,0.04
202048.0,0.055
202055.0,0.085
202058.0,0.08
202062.0,0.06
202073.0,0.15
202078.0,0.115
202079.0,0.215
202080.0,0.12
202085.0,0.195
202090.0,0.105
202092.0,0.16
202114.0,0.065
202124.0,0.07
202133.0,0.1
202136.0,0.07
202150.0,0.025
202156.0,0.035
202159.0,0.045
202165.0,0.16
202167.0,0.175
202168.0,0.1
202169.0,0.16
202170.0,0.145
202204.0,0.07
202209.0,0.04
202216.0,0.335
202220.0,0.1
202228.0,0.065
202229.0,0.105
202231.0,0.13
202232.0,0.07
202234.0,0.15
202252.0,0.23
202253.0,0.095
202272.0,0.04
202273.0,0.045
202292.0,0.025
202300.0,0.11
202302.0,0.055
202311.0,0.01
202316.0,0.095
202318.0,0.23
202324.0,0.21
202343.0,0.075
202344.0,0.065
202349.0,0.02
202351.0,0.19
202355.0,0.01
202379.0,0.16
202407.0,0.045
202409.0,0.13
202410.0,0.06
202422.0,0.11
202423.0,0.175
202435.0,0.155
202437.0,0.23
202438.0,0.175
202439.0,0.16
202441.0,0.12
202444.0,0.04
202446.0,0.11
202450.0,0.085
202455.0,0.11
202457.0,0.055
202461.0,0.43
202463.0,0.23
202473.0,0.055
202478.0,0.065
202484.0,0.16
202490.0,0.02
202491.0,0.055
202492.0,0.31
202497.0,0.22
202508.0,0.11
202509.0,0.115
202510.0,0.05
202511.0,0.14
202514.0,0.02
202524.0,0.105
202527.0,0.06
202547.0,0.105
202554.0,0.055
202557.0,0.155
202568.0,0.14
202573.0,0.06
202587.0,0.13
202599.0,0.025
202610.0,0.14
202613.0,0.18
202618.0,0.17
202621.0,0.02
202645.0,0.06
202646.0,0.08
202649.0,0.12
202653.0,0.09
202655.0,0.05
202656.0,0.105
202659.0,0.19
202661.0,0.075
202681.0,0.12
202688.0,0.155
202691.0,0.115
202692.0,0.03
202697.0,0.255
202698.0,0.15
202717.0,0.085
202720.0,0.16
202724.0,0.14
202725.0,0.15
202734.0,0.265
202740.0,0.04
202743.0,0.125
202746.0,0.01
202760.0,0.1
202761.0,0.07
202765.0,0.085
202769.0,0.135
202785.0,0.07
202793.0,0.095
202796.0,0.095
202805.0,0.055
202816.0,0.125
202823.0,0.255
202825.0,0.04
202829.0,0.025
202830.0,0.24
202848.0,0.1
202861.0,0.125
202862.0,0.185
202863.0,0.12
202879.0,0.27
202889.0,0.06
202894.0,0.355
202895.0,0.06
202897.0,0.04
202899.0,0.025
202900.0,0.16
202907.0,0.095
202927.0,0.255
202945.0,0.085
202951.0,0.095
202955.0,0.05
202960.0,0.025
202967.0,0.22
202972.0,0.085
202982.0,0.205
202993.0,0.05
202996.0,0.075
202998.0,0.04
203008.0,0.09
203026.0,0.385
203038.0,0.15
203044.0,0.135
203054.0,0.08
203070.0,0.39
203075.0,0.11
203082.0,0.085
203089.0,0.05
203090.0,0.02
203098.0,0.25
203108.0,0.22
203109.0,0.055
203113.0,0.11
203123.0,0.09
203124.0,0.01
203128.0,0.06
203129.0,0.29
203131.0,0.215
203142.0,0.195
203154.0,0.125
203175.0,0.115
203176.0,0.085
203183.0,0.07
203185.0,0.045
203195.0,0.265
203201.0,0.125
203205.0,0.135
203218.0,0.075
203241.0,0.045
203244.0,0.18
203245.0,0.16
203253.0,0.34
203259.0,0.08
203264.0,0.285
203276.0,0.1
203283.0,0.05
203286.0,0.05
203288.0,0.14
203290.0,0.1
203298.0,0.16
203300.0,0.045
203312.0,0.09
203318.0,0.085
203331.0,0.11
203337.0,0.0
203339.0,0.09
203344.0,0.02
203348.0,0.185
203349.0,0.04
203350.0,0.105
203358.0,0.31
203366.0,0.11
203371.0,0.08
203377.0,0.16
203399.0,0.15
203402.0,0.16
203407.0,0.185
203410.0,0.05
203421.0,0.19
203428.0,0.07
203431.0,0.12
203433.0,0.13
203459.0,0.07
203460.0,0.24
203462.0,0.135
203470.0,0.1
203475.0,0.16
203476.0,0.05
203496.0,0.275
203518.0,0.025
203547.0,0.09
203549.0,0.065
203550.0,0.07
203552.0,0.03
203561.0,0.1
203564.0,0.185
203567.0,0.055
203575.0,0.165
203590.0,0.125
203591.0,0.055
203605.0,0.18
203606.0,0.03
203640.0,0.1
203643.0,0.355
203647.0,0.2
203648.0,0.04
203669.0,0.075
203671.0,0.075
203692.0,0.055
203695.0,0.09
203706.0,0.055
203713.0,0.15
203730.0,0.08
203736.0,0.07
203745.0,0.175
203751.0,0.13
203753.0,0.07
203755.0,0.045
203762.0,0.215
203769.0,0.11
203774.0,0.08
203796.0,0.07
203799.0,0.035
203806.0,0.065
203807.0,0.135
203810.0,0.025
203816.0,0.245
203821.0,0.39
203822.0,0.07
203850.0,0.115
203854.0,0.005
203862.0,0.17
203868.0,0.07
203869.0,0.06
203870.0,0.03
203876.0,0.11
203878.0,0.105
203889.0,0.2
203897.0,0.01
203905.0,0.22
203914.0,0.11
203915.0,0.105
203950.0,0.065
203956.0,0.08
203957.0,0.11
203973.0,0.085
203975.0,0.06
203980.0,0.085
203997.0,0.27
204001.0,0.16
204008.0,0.155
204017.0,0.185
204020.0,0.135
204021.0,0.085
204026.0,0.085
204027.0,0.035
204043.0,0.02
204047.0,0.07
204055.0,0.055
204059.0,0.085
204060.0,0.17
204061.0,0.02
204073.0,0.155
204076.0,0.16
204086.0,0.1
204088.0,0.12
204102.0,0.335
204116.0,0.065
204117.0,0.065
204121.0,0.14
204129.0,0.07
204139.0,0.23
204148.0,0.015
204149.0,0.105
204175.0,0.05
204181.0,0.155
204183.0,0.105
204187.0,0.12
204193.0,0.195
204194.0,0.175
204195.0,0.025
204196.0,0.17
204202.0,0.135
204206.0,0.015
204207.0,0.19
204214.0,0.05
204222.0,0.235
204226.0,0.065
204227.0,0.16
204228.0,0.055
204231.0,0.11
204232.0,0.185
204235.0,0.255
204237.0,0.0
204239.0,0.135
204242.0,0.045
204254.0,0.03
204255.0,0.135
204259.0,0.08
204268.0,0.08
204280.0,0.015
204282.0,0.23
204307.0,0.015
204314.0,0.175
204318.0,0.065
204321.0,0.06
204330.0,0.025
204335.0,0.115
204339.0,0.205
204344.0,0.035
204350.0,0.255
204371.0,0.035
204372.0,0.105
204374.0,0.2
204383.0,0.16
204392.0,0.25
204403.0,0.005
204409.0,0.155
204416.0,0.06
204417.0,0.08
204437.0,0.185
204440.0,0.025
204445.0,0.035
204446.0,0.14
204449.0,0.205
204468.0,0.105
204504.0,0.145
204506.0,0.05
204536.0,0.085
204539.0,0.295
204601.0,0.04
204614.0,0.09
204616.0,0.215
204618.0,0.105
204623.0,0.04
204630.0,0.125
204636.0,0.065
204639.0,0.04
204642.0,0.07
204644.0,0.05
204648.0,0.07
204662.0,0.07
204673.0,0.065
204674.0,0.18
204681.0,0.055
204682.0,0.08
204683.0,0.175
204689.0,0.205
204690.0,0.24
204707.0,0.115
204728.0,0.185
204736.0,0.175
204740.0,0.075
204749.0,0.255
204756.0,0.055
204771.0,0.015
204778.0,0.045
204808.0,0.05
204822.0,0.27
204827.0,0.155
204831.0,0.125
204836.0,0.05
204837.0,0.035
204843.0,0.07
204846.0,0.09
204847.0,0.025
204850.0,0.085
204852.0,0.03
204854.0,0.09
204856.0,0.225
204857.0,0.175
204863.0,0.24
204870.0,0.025
204885.0,0.095
204895.0,0.06
204905.0,0.12
204911.0,0.115
204927.0,0.065
204929.0,0.085
204941.0,0.1
204959.0,0.15
204962.0,0.2
204965.0,0.33
204970.0,0.35
204971.0,0.08
204972.0,0.29
205000.0,0.265
205011.0,0.06
205013.0,0.11
205014.0,0.275
205019.0,0.125
205043.0,0.075
205045.0,0.255
205054.0,0.055
205066.0,0.035
205069.0,0.16
205070.0,0.1
205071.0,0.105
205073.0,0.155
205077.0,0.14
205078.0,0.035
205088.0,0.03
205104.0,0.125
205107.0,0.05
205117.0,0.2
205118.0,0.035
205128.0,0.225
205134.0,0.04
205140.0,0.025
205141.0,0.295
205142.0,0.055
205153.0,0.35
205158.0,0.075
205169.0,0.05
205170.0,0.095
205183.0,0.035
205184.0,0.05
205197.0,0.045
205199.0,0.11
205204.0,0.015
205208.0,0.075
205209.0,0.085
205210.0,0.215
205216.0,0.155
205219.0,0.275
205222.0,0.11
205225.0,0.06
205235.0,0.22
205236.0,0.065
205241.0,0.03
205244.0,0.11
205251.0,0.1
205252.0,0.23
205258.0,0.075
205262.0,0.105
205264.0,0.055
205274.0,0.21
205277.0,0.19
205281.0,0.035
205306.0,0.085
205307.0,0.185
205323.0,0.105
205336.0,0.315
205337.0,0.26
205360.0,0.185
205363.0,0.22
205365.0,0.075
205367.0,0.265
205368.0,0.015
205375.0,0.085
205403.0,0.15
205411.0,0.145
205415.0,0.06
205429.0,0.14
205434.0,0.25
205445.0,0.08
205463.0,0.045
205471.0,0.05
205472.0,0.11
205479.0,0.17
205480.0,0.06
205493.0,0.3
205503.0,0.25
205508.0,0.085
205524.0,0.115
205525.0,0.09
205526.0,0.035
205533.0,0.055
205542.0,0.045
205545.0,0.08
205552.0,0.065
205561.0,0.16
205563.0,0.07
205564.0,0.08
205565.0,0.02
205566.0,0.05
205569.0,0.08
205579.0,0.07
205585.0,0.26
205587.0,0.05
205588.0,0.095
205591.0,0.065
205594.0,0.27
205600.0,0.09
205608.0,0.065
205613.0,0.045
205618.0,0.16
205619.0,0.01
205623.0,0.02
205627.0,0.19
205628.0,0.26
205635.0,0.11
205638.0,0.01
205640.0,0.125
205641.0,0.235
205642.0,0.27
205643.0,0.115
205646.0,0.095
205655.0,0.175
205672.0,0.06
205678.0,0.075
205681.0,0.05
205682.0,0.015
205690.0,0.025
205693.0,0.04
205695.0,0.155
205724.0,0.03
205738.0,0.06
205741.0,0.075
205744.0,0.08
205750.0,0.055
205751.0,0.22
205752.0,0.02
205766.0,0.06
205773.0,0.125
205775.0,0.085
205776.0,0.02
205789.0,0.175
205793.0,0.135
205797.0,0.045
205798.0,0.05
205802.0,0.02
205806.0,0.065
205807.0,0.07
205815.0,0.195
205819.0,0.07
205821.0,0.06
205822.0,0.085
205831.0,0.105
205832.0,0.145
205836.0,0.08
205843.0,0.13
205862.0,0.125
205863.0,0.065
205866.0,0.125
205873.0,0.15
205877.0,0.065
205879.0,0.16
205880.0,0.03
205886.0,0.165
205898.0,0.2
205903.0,0.09
205907.0,0.08
205908.0,0.14
205909.0,0.06
205930.0,0.015
205931.0,0.09
205932.0,0.05
205951.0,0.04
205957.0,0.26
205960.0,0.115
205987.0,0.085
205994.0,0.155
205995.0,0.105
206006.0,0.055
206007.0,0.08
206013.0,0.03
206020.0,0.07
206030.0,0.08
206035.0,0.035
206038.0,0.025
206039.0,0.17
206061.0,0.055
206066.0,0.095
206068.0,0.09
206071.0,0.17
206076.0,0.16
206077.0,0.08
206091.0,0.055
206097.0,0.155
206101.0,0.135
206145.0,0.105
206147.0,0.06
206163.0,0.075
206171.0,0.07
206173.0,0.24
206174.0,0.16
206197.0,0.065
206198.0,0.11
206209.0,0.045
206211.0,0.11
206213.0,0.065
206246.0,0.305
206252.0,0.135
206253.0,0.35
206254.0,0.095
206257.0,0.185
206270.0,0.06
206283.0,0.01
206290.0,0.035
206291.0,0.065
206292.0,0.18
206307.0,0.125
206315.0,0.07
206319.0,0.225
206324.0,0.095
206326.0,0.2
206338.0,0.205
206339.0,0.06
206354.0,0.09
206359.0,0.05
206374.0,0.19
206377.0,0.06
206395.0,0.22
206403.0,0.02
206410.0,0.32
206413.0,0.105
206414.0,0.04
206418.0,0.145
206424.0,0.105
206427.0,0.105
206428.0,0.09
206429.0,0.065
206430.0,0.05
206447.0,0.065
206451.0,0.095
206465.0,0.26
206477.0,0.185
206484.0,0.1
206497.0,0.015
206517.0,0.09
206533.0,0.045
206542.0,0.21
206557.0,0.065
206563.0,0.075
206564.0,0.21
206565.0,0.035
206582.0,0.125
206593.0,0.22
206605.0,0.285
206606.0,0.125
206621.0,0.145
206639.0,0.065
206640.0,0.195
206641.0,0.09
206645.0,0.075
206656.0,0.035
206666.0,0.125
206679.0,0.06
206681.0,0.05
206684.0,0.055
206686.0,0.025
206687.0,0.07
206697.0,0.12
206700.0,0.06
206702.0,0.13
206703.0,0.07
206708.0,0.085
206710.0,0.09
206721.0,0.165
206723.0,0.135
206735.0,0.095
206739.0,0.115
206742.0,0.09
206744.0,0.215
206747.0,0.355
206752.0,0.025
206774.0,0.145
206776.0,0.19
206792.0,0.04
206799.0,0.14
206805.0,0.065
206806.0,0.24
206809.0,0.165
206812.0,0.11
206814.0,0.045
206830.0,0.055
206831.0,0.06
206878.0,0.34
206905.0,0.065
206908.0,0.17
206910.0,0.065
206917.0,0.065
206920.0,0.16
206927.0,0.05
206933.0,0.055
206945.0,0.045
206968.0,0.055
206987.0,0.095
206989.0,0.02
207017.0,0.365
207027.0,0.105
207029.0,0.075
207030.0,0.185
207035.0,0.15
207040.0,0.235
207043.0,0.26
207054.0,0.19
207055.0,0.045
207059.0,0.05
207060.0,0.05
207062.0,0.105
207071.0,0.14
207073.0,0.17
207079.0,0.065
207100.0,0.1
207107.0,0.075
207129.0,0.09
207132.0,0.09
207139.0,0.105
207148.0,0.245
207153.0,0.07
207163.0,0.25
207164.0,0.1
207168.0,0.06
207171.0,0.03
207173.0,0.205
207174.0,0.05
207181.0,0.025
207182.0,0.045
207198.0,0.135
207201.0,0.095
207213.0,0.16
207234.0,0.2
207238.0,0.115
207256.0,0.115
207257.0,0.16
207264.0,0.265
207268.0,0.205
207275.0,0.225
207291.0,0.04
207296.0,0.095
207304.0,0.18
207308.0,0.125
207314.0,0.055
207324.0,0.175
207332.0,0.035
207333.0,0.12
207339.0,0.08
207349.0,0.085
207351.0,0.145
207359.0,0.15
207361.0,0.03
207365.0,0.09
207369.0,0.05
207372.0,0.17
207377.0,0.13
207380.0,0.01
207394.0,0.04
207412.0,0.195
207423.0,0.085
207426.0,0.02
207427.0,0.21
207428.0,0.18
207430.0,0.29
207437.0,0.18
207440.0,0.085
207455.0,0.035
207456.0,0.095
207471.0,0.155
207476.0,0.105
207483.0,0.085
207497.0,0.125
207506.0,0.005
207515.0,0.13
207529.0,0.14
207533.0,0.045
207534.0,0.07
207541.0,0.27
207560.0,0.11
207561.0,0.23
207570.0,0.06
207600.0,0.085
207630.0,0.175
207633.0,0.165
207634.0,0.035
207635.0,0.065
207660.0,0.065
207682.0,0.02
207684.0,0.045
207687.0,0.135
207706.0,0.275
207708.0,0.35
207713.0,0.11
207714.0,0.035
207718.0,0.07
207721.0,0.085
207724.0,0.065
207727.0,0.07
207731.0,0.04
207732.0,0.105
207734.0,0.13
207739.0,0.13
207744.0,0.14
207787.0,0.275
207792.0,0.085
207801.0,0.075
207811.0,0.12
207817.0,0.445
207818.0,0.185
207819.0,0.085
207830.0,0.12
207834.0,0.305
207841.0,0.3
207844.0,0.165
207849.0,0.18
207856.0,0.035
207865.0,0.04
207867.0,0.075
207873.0,0.16
207882.0,0.22
207887.0,0.02
207888.0,0.125
207889.0,0.025
207907.0,0.03
207921.0,0.215
207922.0,0.065
207928.0,0.125
207930.0,0.415
207940.0,0.11
207941.0,0.135
207956.0,0.02
207960.0,0.1
207961.0,0.135
207968.0,0.025
207971.0,0.05
207972.0,0.09
207975.0,0.18
207976.0,0.22
207979.0,0.27
207997.0,0.1
207999.0,0.28
208008.0,0.115
208027.0,0.195
208030.0,0.06
208033.0,0.365
208035.0,0.165
208040.0,0.06
208052.0,0.155
208067.0,0.04
208090.0,0.03
208100.0,0.095
208102.0,0.095
208110.0,0.145
208117.0,0.045
208119.0,0.135
208123.0,0.195
208127.0,0.37
208136.0,0.055
208139.0,0.02
208140.0,0.09
208144.0,0.09
208149.0,0.07
208156.0,0.135
208166.0,0.13
208168.0,0.12
208170.0,0.33
208172.0,0.19
208178.0,0.14
208193.0,0.11
208195.0,0.03
208211.0,0.08
208213.0,0.06
208229.0,0.16
208231.0,0.26
208235.0,0.055
208238.0,0.18
208240.0,0.185
208249.0,0.03
208262.0,0.125
208263.0,0.06
208270.0,0.085
208288.0,0.055
208292.0,0.135
208302.0,0.07
208303.0,0.165
208312.0,0.045
208317.0,0.11
208322.0,0.075
208331.0,0.135
208336.0,0.105
208337.0,0.15
208339.0,0.135
208346.0,0.155
208353.0,0.045
208358.0,0.045
208359.0,0.12
208360.0,0.035
208370.0,0.105
208373.0,0.06
208390.0,0.06
208391.0,0.12
208394.0,0.09
208396.0,0.03
208397.0,0.035
208398.0,0.255
208400.0,0.085
208410.0,0.06
208420.0,0.13
208421.0,0.18
208431.0,0.21
208450.0,0.075
208451.0,0.275
208455.0,0.12
208478.0,0.105
208479.0,0.06
208482.0,0.085
208502.0,0.19
208516.0,0.05
208518.0,0.05
208534.0,0.16
208550.0,0.06
208551.0,0.085
208566.0,0.185
208567.0,0.135
208575.0,0.34
208576.0,0.02
208588.0,0.085
208590.0,0.18
208595.0,0.025
208619.0,0.11
208620.0,0.08
208627.0,0.295
208629.0,0.06
208642.0,0.12
208645.0,0.035
208661.0,0.035
208662.0,0.015
208679.0,0.08
208681.0,0.08
208689.0,0.17
208696.0,0.04
208701.0,0.135
208707.0,0.3
208719.0,0.03
208720.0,0.17
208730.0,0.085
208748.0,0.05
208753.0,0.115
208755.0,0.06
208769.0,0.105
208775.0,0.105
208785.0,0.02
208796.0,0.185
208806.0,0.125
208815.0,0.145
208830.0,0.1
208833.0,0.03
208837.0,0.05
208842.0,0.04
208860.0,0.015
208874.0,0.055
208886.0,0.075
208897.0,0.075
208898.0,0.275
208905.0,0.17
208907.0,0.01
208924.0,0.175
208925.0,0.09
208933.0,0.07
208941.0,0.135
208948.0,0.01
208960.0,0.05
208962.0,0.09
208963.0,0.08
208965.0,0.085
208973.0,0.1
208974.0,0.155
208986.0,0.075
208992.0,0.085
208995.0,0.22
209001.0,0.01
209006.0,0.15
209012.0,0.055
209022.0,0.125
209055.0,0.195
209056.0,0.2
209057.0,0.11
209060.0,0.2
209067.0,0.025
209071.0,0.11
209078.0,0.07
209080.0,0.085
209094.0,0.06
209097.0,0.035
209098.0,0.195
209101.0,0.095
209108.0,0.02
209109.0,0.105
209111.0,0.03
209116.0,0.185
209117.0,0.32
209121.0,0.095
209126.0,0.03
209127.0,0.055
209141.0,0.07
209142.0,0.22
209159.0,0.065
209164.0,0.19
209168.0,0.275
209177.0,0.085
209197.0,0.09
209202.0,0.245
209209.0,0.035
209211.0,0.09
209233.0,0.1
209234.0,0.085
209253.0,0.175
209260.0,0.04
209263.0,0.155
209268.0,0.205
209275.0,0.125
209288.0,0.19
209298.0,0.335
209305.0,0.1
209326.0,0.115
209340.0,0.115
209352.0,0.215
209362.0,0.1
209367.0,0.11
209369.0,0.105
209377.0,0.155
209387.0,0.115
209392.0,0.13
209393.0,0.04
209420.0,0.05
209423.0,0.095
209457.0,0.155
209458.0,0.19
209470.0,0.205
209479.0,0.23
209483.0,0.195
209488.0,0.275
209489.0,0.115
209497.0,0.045
209504.0,0.06
209510.0,0.17
209513.0,0.03
209547.0,0.065
209549.0,0.07
209556.0,0.065
209561.0,0.315
209565.0,0.14
209591.0,0.25
209595.0,0.155
209596.0,0.19
209608.0,0.105
209628.0,0.07
209643.0,0.1
209645.0,0.145
209651.0,0.125
209659.0,0.2
209660.0,0.095
209661.0,0.285
209665.0,0.2
209682.0,0.035
209687.0,0.16
209689.0,0.08
209699.0,0.115
209705.0,0.14
209707.0,0.02
209713.0,0.12
209717.0,0.055
209718.0,0.205
209723.0,0.335
209727.0,0.045
209729.0,0.05
209739.0,0.09
209741.0,0.19
209744.0,0.225
209748.0,0.255
209749.0,0.155
209758.0,0.015
209761.0,0.08
209764.0,0.245
209772.0,0.08
209773.0,0.105
209794.0,0.06
209795.0,0.165
209814.0,0.07
209828.0,0.17
209838.0,0.1
209839.0,0.185
209845.0,0.18
209855.0,0.05
209862.0,0.07
209869.0,0.085
209872.0,0.075
209879.0,0.22
209881.0,0.125
209882.0,0.16
209893.0,0.315
209913.0,0.075
209918.0,0.14
209920.0,0.24
209921.0,0.045
209929.0,0.215
209943.0,0.15
209957.0,0.085
209960.0,0.08
209962.0,0.195
209969.0,0.11
209980.0,0.105
209986.0,0.05
209989.0,0.3
209990.0,0.11
209991.0,0.09
210007.0,0.115
210016.0,0.07
210018.0,0.045
210019.0,0.06
210020.0,0.06
210036.0,0.055
210050.0,0.185
210080.0,0.045
210084.0,0.125
210089.0,0.24
210104.0,0.05
210129.0,0.085
210135.0,0.05
210137.0,0.195
210140.0,0.17
210145.0,0.03
210146.0,0.065
210147.0,0.04
210152.0,0.01
210157.0,0.07
210158.0,0.205
210164.0,0.145
210170.0,0.085
210171.0,0.03
210173.0,0.3
210174.0,0.22
210176.0,0.13
210190.0,0.065
210191.0,0.18
210195.0,0.39
210196.0,0.025
210201.0,0.03
210211.0,0.155
210231.0,0.065
210239.0,0.17
210241.0,0.155
210242.0,0.08
210255.0,0.135
210278.0,0.16
210283.0,0.035
210284.0,0.135
210304.0,0.055
210307.0,0.02
210330.0,0.07
210332.0,0.07
210350.0,0.16
210379.0,0.06
210385.0,0.175
210401.0,0.075
210405.0,0.085
210413.0,0.21
210414.0,0.095
210415.0,0.045
210419.0,0.145
210429.0,0.065
210467.0,0.355
210481.0,0.13
210482.0,0.08
210492.0,0.07
210502.0,0.245
210523.0,0.105
210525.0,0.16
210529.0,0.11
210538.0,0.015
210543.0,0.075
210549.0,0.065
210551.0,0.14
210555.0,0.145
210558.0,0.305
210591.0,0.09
210597.0,0.19
210599.0,0.08
210610.0,0.11
210616.0,0.14
210618.0,0.035
210622.0,0.32
210639.0,0.27
210645.0,0.03
210650.0,0.015
210672.0,0.02
210676.0,0.19
210683.0,0.17
210697.0,0.35
210701.0,0.08
210706.0,0.305
210712.0,0.21
210717.0,0.16
210728.0,0.265
210729.0,0.105
210730.0,0.115
210731.0,0.095
210733.0,0.15
210735.0,0.05
210742.0,0.07
210748.0,0.015
210749.0,0.14
210758.0,0.075
210767.0,0.14
210769.0,0.165
210777.0,0.14
210789.0,0.015
210791.0,0.07
210794.0,0.04
210811.0,0.085
210814.0,0.045
210821.0,0.08
210833.0,0.13
210835.0,0.1
210859.0,0.08
210862.0,0.055
210870.0,0.12
210886.0,0.08
210893.0,0.06
210901.0,0.105
210906.0,0.26
210913.0,0.12
210953.0,0.065
210961.0,0.135
210962.0,0.325
210966.0,0.105
210983.0,0.2
211000.0,0.065
211025.0,0.11
211036.0,0.025
211043.0,0.185
211062.0,0.205
211076.0,0.125
211085.0,0.07
211096.0,0.035
211097.0,0.135
211098.0,0.175
211103.0,0.1
211108.0,0.15
211131.0,0.16
211135.0,0.22
211139.0,0.02
211146.0,0.07
211150.0,0.025
211158.0,0.07
211170.0,0.395
211177.0,0.13
211183.0,0.125
211187.0,0.13
211191.0,0.015
211194.0,0.215
211196.0,0.195
211203.0,0.1
211209.0,0.15
211210.0,0.155
211211.0,0.25
211232.0,0.085
211244.0,0.165
211263.0,0.085
211264.0,0.165
211270.0,0.155
211278.0,0.03
211292.0,0.145
211293.0,0.14
211295.0,0.11
211296.0,0.305
211308.0,0.185
211310.0,0.085
211312.0,0.165
211325.0,0.17
211326.0,0.055
211330.0,0.155
211333.0,0.04
211341.0,0.06
211342.0,0.07
211350.0,0.07
211355.0,0.14
211357.0,0.29
211358.0,0.07
211362.0,0.065
211377.0,0.055
211378.0,0.395
211379.0,0.19
211384.0,0.28
211395.0,0.175
211398.0,0.075
211399.0,0.045
211417.0,0.085
211419.0,0.16
211420.0,0.025
211439.0,0.175
211442.0,0.055
211451.0,0.045
211457.0,0.065
211469.0,0.115
211483.0,0.065
211505.0,0.18
211508.0,0.09
211509.0,0.11
211510.0,0.135
211526.0,0.1
211547.0,0.125
211548.0,0.21
211550.0,0.02
211551.0,0.105
211553.0,0.395
211562.0,0.05
211563.0,0.035
211564.0,0.115
211565.0,0.165
211571.0,0.235
211572.0,0.455
211577.0,0.12
211580.0,0.165
211609.0,0.085
211625.0,0.115
211635.0,0.305
211646.0,0.09
211660.0,0.18
211670.0,0.4
211672.0,0.06
211688.0,0.095
211694.0,0.09
211696.0,0.105
211711.0,0.31
211718.0,0.1
211732.0,0.075
211735.0,0.055
211736.0,0.185
211740.0,0.095
211741.0,0.035
211746.0,0.045
211751.0,0.09
211754.0,0.105
211770.0,0.075
211771.0,0.125
211787.0,0.3
211788.0,0.095
211802.0,0.055
211804.0,0.115
211810.0,0.155
211832.0,0.09
211839.0,0.02
211860.0,0.095
211863.0,0.225
211866.0,0.07
211869.0,0.23
211872.0,0.05
211894.0,0.08
211901.0,0.05
211902.0,0.2
211903.0,0.25
211946.0,0.015
211950.0,0.14
211959.0,0.075
211964.0,0.245
211965.0,0.09
211979.0,0.095
211983.0,0.17
211986.0,0.1
211987.0,0.05
211988.0,0.155
211999.0,0.045
212002.0,0.13
212004.0,0.085
212009.0,0.16
212015.0,0.165
212023.0,0.18
212048.0,0.04
212055.0,0.085
212067.0,0.035
212079.0,0.055
212080.0,0.055
212083.0,0.04
212085.0,0.205
212088.0,0.04
212089.0,0.07
212092.0,0.035
212097.0,0.16
212124.0,0.115
212132.0,0.1
212136.0,0.105
212144.0,0.155
212145.0,0.185
212167.0,0.035
212174.0,0.285
212175.0,0.14
212187.0,0.185
212191.0,0.11
212194.0,0.345
212238.0,0.095
212242.0,0.08
212245.0,0.165
212258.0,0.035
212262.0,0.025
212277.0,0.045
212283.0,0.065
212287.0,0.1
212288.0,0.06
212289.0,0.055
212293.0,0.075
212296.0,0.295
212300.0,0.26
212303.0,0.2
212326.0,0.085
212327.0,0.15
212328.0,0.03
212329.0,0.07
212339.0,0.09
212340.0,0.09
212343.0,0.04
212360.0,0.085
212389.0,0.13
212401.0,0.23
212407.0,0.025
212409.0,0.075
212422.0,0.095
212424.0,0.14
212440.0,0.115
212441.0,0.32
212443.0,0.05
212448.0,0.015
212472.0,0.225
212478.0,0.11
212481.0,0.075
212493.0,0.195
212508.0,0.115
212511.0,0.035
212525.0,0.05
212531.0,0.18
212533.0,0.06
212555.0,0.115
212592.0,0.175
212610.0,0.095
212621.0,0.14
212629.0,0.09
212635.0,0.145
212636.0,0.065
212637.0,0.105
212643.0,0.15
212648.0,0.13
212654.0,0.35
212655.0,0.3
212660.0,0.17
212661.0,0.155
212664.0,0.085
212669.0,0.045
212670.0,0.075
212674.0,0.245
212676.0,0.4
212690.0,0.05
212691.0,0.06
212696.0,0.055
212710.0,0.165
212712.0,0.015
212716.0,0.08
212718.0,0.11
212720.0,0.13
212723.0,0.025
212730.0,0.07
212740.0,0.035
212747.0,0.16
212763.0,0.135
212773.0,0.075
212775.0,0.075
212776.0,0.115
212777.0,0.26
212781.0,0.185
212782.0,0.345
212785.0,0.07
212786.0,0.07
212795.0,0.025
212800.0,0.165
212818.0,0.18
212834.0,0.1
212837.0,0.15
212841.0,0.205
212842.0,0.045
212847.0,0.155
212848.0,0.015
212851.0,0.075
212865.0,0.01
212866.0,0.035
212874.0,0.12
212880.0,0.045
212894.0,0.07
212897.0,0.09
212912.0,0.08
212913.0,0.04
212916.0,0.14
212917.0,0.035
212933.0,0.04
212935.0,0.035
212936.0,0.14
212950.0,0.165
212957.0,0.12
212958.0,0.095
212961.0,0.205
212962.0,0.07
212963.0,0.23
212964.0,0.22
212968.0,0.225
212969.0,0.095
212976.0,0.02
212978.0,0.145
212983.0,0.135
212993.0,0.215
213004.0,0.075
213008.0,0.015
213014.0,0.035
213018.0,0.125
213021.0,0.085
213024.0,0.15
213045.0,0.09
213054.0,0.06
213059.0,0.22
213076.0,0.105
213095.0,0.045
213096.0,0.045
213100.0,0.02
213101.0,0.06
213109.0,0.095
213111.0,0.045
213116.0,0.06
213133.0,0.195
213140.0,0.115
213141.0,0.105
213143.0,0.335
213150.0,0.065
213152.0,0.085
213158.0,0.11
213159.0,0.045
213166.0,0.115
213167.0,0.305
213170.0,0.29
213178.0,0.105
213179.0,0.07
213189.0,0.035
213196.0,0.27
213201.0,0.055
213203.0,0.14
213204.0,0.095
213205.0,0.11
213206.0,0.07
213207.0,0.25
213208.0,0.055
213212.0,0.05
213214.0,0.07
213220.0,0.09
213240.0,0.035
213244.0,0.1
213263.0,0.3
213264.0,0.135
213265.0,0.03
213270.0,0.085
213283.0,0.145
213287.0,0.125
213292.0,0.205
213295.0,0.19
213299.0,0.205
213303.0,0.105
213307.0,0.075
213308.0,0.055
213312.0,0.205
213313.0,0.055
213316.0,0.045
213317.0,0.21
213338.0,0.19
213357.0,0.095
213368.0,0.145
213374.0,0.2
213375.0,0.05
213386.0,0.275
213390.0,0.145
213393.0,0.04
213401.0,0.13
213423.0,0.105
213430.0,0.145
213431.0,0.11
213447.0,0.03
213465.0,0.09
213468.0,0.07
213473.0,0.11
213475.0,0.195
213476.0,0.065
213482.0,0.01
213493.0,0.15
213531.0,0.15
213534.0,0.045
213542.0,0.04
213546.0,0.195
213569.0,0.135
213570.0,0.09
213588.0,0.045
213591.0,0.07
213595.0,0.065
213597.0,0.055
213598.0,0.12
213604.0,0.125
213622.0,0.1
213623.0,0.26
213633.0,0.03
213639.0,0.02
213641.0,0.065
213649.0,0.09
213671.0,0.06
213675.0,0.04
213679.0,0.135
213680.0,0.175
213684.0,0.165
213685.0,0.045
213689.0,0.075
213691.0,0.26
213693.0,0.085
213712.0,0.045
213717.0,0.01
213734.0,0.16
213739.0,0.32
213765.0,0.195
213775.0,0.05
213776.0,0.135
213804.0,0.3
213808.0,0.03
213818.0,0.22
213821.0,0.04
213829.0,0.08
213836.0,0.165
213838.0,0.135
213843.0,0.06
213854.0,0.07
213859.0,0.155
213862.0,0.405
213874.0,0.205
213878.0,0.235
213886.0,0.035
213888.0,0.085
213892.0,0.125
213910.0,0.05
213921.0,0.085
213926.0,0.085
213928.0,0.06
213935.0,0.095
213949.0,0.1
213957.0,0.045
213959.0,0.125
213967.0,0.07
213974.0,0.04
213975.0,0.095
213983.0,0.11
213984.0,0.055
213998.0,0.1
214004.0,0.045
214006.0,0.16
214008.0,0.08
214014.0,0.035
214015.0,0.195
214034.0,0.055
214059.0,0.09
214067.0,0.055
214077.0,0.105
214078.0,0.075
214079.0,0.105
214085.0,0.065
214088.0,0.085
214099.0,0.11
214138.0,0.05
214141.0,0.01
214152.0,0.235
214154.0,0.02
214155.0,0.08
214177.0,0.115
214188.0,0.025
214192.0,0.105
214207.0,0.07
214217.0,0.07
214219.0,0.13
214228.0,0.165
214229.0,0.14
214233.0,0.085
214236.0,0.17
214242.0,0.04
214249.0,0.025
214263.0,0.085
214264.0,0.055
214265.0,0.12
214268.0,0.195
214281.0,0.14
214282.0,0.07
214295.0,0.07
214311.0,0.065
214315.0,0.05
214325.0,0.04
214334.0,0.115
214336.0,0.09
214337.0,0.13
214342.0,0.24
214344.0,0.115
214349.0,0.03
214355.0,0.03
214356.0,0.04
214358.0,0.05
214363.0,0.09
214364.0,0.05
214371.0,0.095
214377.0,0.46
214379.0,0.095
214383.0,0.105
214406.0,0.02
214407.0,0.18
214411.0,0.16
214415.0,0.18
214418.0,0.175
214419.0,0.04
214421.0,0.03
214430.0,0.03
214436.0,0.06
214463.0,0.135
214472.0,0.27
214474.0,0.205
214476.0,0.125
214478.0,0.035
214481.0,0.17
214484.0,0.065
214488.0,0.27
214491.0,0.115
214505.0,0.17
214507.0,0.16
214510.0,0.075
214518.0,0.195
214523.0,0.325
214539.0,0.055
214542.0,0.1
214544.0,0.09
214553.0,0.1
214554.0,0.115
214561.0,0.355
214563.0,0.2
214566.0,0.055
214581.0,0.105
214587.0,0.08
214588.0,0.145
214589.0,0.125
214593.0,0.105
214620.0,0.16
214630.0,0.185
214643.0,0.06
214644.0,0.15
214647.0,0.12
214654.0,0.085
214657.0,0.09
214658.0,0.05
214662.0,0.12
214666.0,0.18
214680.0,0.085
214685.0,0.085
214693.0,0.025
214701.0,0.025
214705.0,0.025
214706.0,0.165
214719.0,0.15
214721.0,0.27
214724.0,0.035
214741.0,0.1
214769.0,0.07
214777.0,0.06
214780.0,0.055
214786.0,0.065
214789.0,0.13
214797.0,0.035
214804.0,0.08
214808.0,0.1
214810.0,0.26
214828.0,0.28
214830.0,0.065
214835.0,0.14
214844.0,0.135
214859.0,0.36
214861.0,0.085
214863.0,0.095
214887.0,0.03
214898.0,0.06
214906.0,0.17
214913.0,0.06
214915.0,0.13
214937.0,0.075
214944.0,0.27
214948.0,0.155
214970.0,0.175
214976.0,0.08
214999.0,0.16
215000.0,0.22
215016.0,0.035
215024.0,0.045
215029.0,0.395
215033.0,0.255
215037.0,0.245
215054.0,0.06
215057.0,0.1
215064.0,0.08
215074.0,0.33
215077.0,0.045
215082.0,0.13
215096.0,0.055
215101.0,0.11
215103.0,0.095
215109.0,0.17
215124.0,0.11
215142.0,0.2
215143.0,0.055
215145.0,0.065
215157.0,0.04
215159.0,0.02
215161.0,0.16
215166.0,0.05
215177.0,0.145
215186.0,0.145
215194.0,0.155
215196.0,0.09
215204.0,0.155
215211.0,0.08
215230.0,0.16
215241.0,0.045
215256.0,0.16
215257.0,0.105
215266.0,0.215
215267.0,0.035
215268.0,0.05
215278.0,0.22
215280.0,0.28
215318.0,0.235
215326.0,0.085
215331.0,0.1
215337.0,0.06
215344.0,0.07
215346.0,0.095
215348.0,0.235
215351.0,0.035
215358.0,0.08
215360.0,0.125
215367.0,0.035
215369.0,0.105
215383.0,0.045
215395.0,0.195
215407.0,0.05
215408.0,0.135
215412.0,0.025
215433.0,0.045
215454.0,0.155
215463.0,0.09
215488.0,0.055
215508.0,0.135
215512.0,0.05
215516.0,0.12
215525.0,0.13
215531.0,0.195
215534.0,0.205
215537.0,0.085
215539.0,0.02
215548.0,0.05
215554.0,0.135
215556.0,0.05
215559.0,0.175
215560.0,0.105
215563.0,0.06
215564.0,0.06
215569.0,0.37
215574.0,0.385
215586.0,0.2
215594.0,0.165
215608.0,0.105
215614.0,0.08
215623.0,0.08
215628.0,0.36
215637.0,0.23
215638.0,0.385
215649.0,0.08
215651.0,0.085
215653.0,0.12
215678.0,0.205
215708.0,0.09
215711.0,0.17
215733.0,0.105
215739.0,0.045
215742.0,0.015
215756.0,0.05
215772.0,0.155
215775.0,0.265
215791.0,0.095
215796.0,0.095
215803.0,0.045
215805.0,0.05
215807.0,0.05
215829.0,0.035
215855.0,0.055
215856.0,0.185
215860.0,0.06
215861.0,0.05
215877.0,0.03
215883.0,0.05
215889.0,0.14
215897.0,0.08
215898.0,0.045
215901.0,0.06
215908.0,0.09
215910.0,0.32
215911.0,0.03
215923.0,0.04
215928.0,0.07
215934.0,0.225
215936.0,0.18
215947.0,0.035
215951.0,0.08
215958.0,0.02
215959.0,0.195
215963.0,0.08
215968.0,0.33
215972.0,0.105
215976.0,0.11
215978.0,0.15
215981.0,0.09
215999.0,0.115
216001.0,0.225
216012.0,0.065
216020.0,0.195
216035.0,0.035
216038.0,0.23
216041.0,0.12
216049.0,0.1
216065.0,0.185
216096.0,0.48
216110.0,0.045
216115.0,0.115
216121.0,0.09
216122.0,0.44
216129.0,0.085
216131.0,0.21
216138.0,0.08
216142.0,0.115
216143.0,0.08
216150.0,0.125
216180.0,0.165
216184.0,0.075
216189.0,0.105
216190.0,0.395
216197.0,0.055
216218.0,0.26
216219.0,0.075
216221.0,0.15
216231.0,0.06
216240.0,0.14
216272.0,0.04
216281.0,0.09
216284.0,0.045
216290.0,0.14
216297.0,0.125
216305.0,0.14
216306.0,0.095
216317.0,0.1
216333.0,0.025
216338.0,0.24
216339.0,0.145
216346.0,0.06
216349.0,0.215
216350.0,0.29
216351.0,0.085
216353.0,0.05
216355.0,0.105
216364.0,0.16
216387.0,0.22
216392.0,0.115
216393.0,0.185
216399.0,0.025
216416.0,0.065
216433.0,0.075
216435.0,0.05
216442.0,0.205
216458.0,0.085
216461.0,0.275
216468.0,0.16
216469.0,0.065
216471.0,0.11
216473.0,0.18
216475.0,0.04
216496.0,0.105
216510.0,0.15
216511.0,0.09
216515.0,0.065
216516.0,0.11
216521.0,0.055
216532.0,0.025
216548.0,0.01
216551.0,0.095
216560.0,0.06
216562.0,0.18
216563.0,0.11
216565.0,0.105
216582.0,0.135
216587.0,0.135
216589.0,0.04
216597.0,0.095
216606.0,0.04
216607.0,0.035
216608.0,0.22
216621.0,0.045
216622.0,0.06
216627.0,0.2
216636.0,0.125
216647.0,0.095
216655.0,0.265
216659.0,0.2
216666.0,0.175
216676.0,0.105
216677.0,0.165
216679.0,0.155
216681.0,0.12
216686.0,0.09
216687.0,0.17
216694.0,0.145
216697.0,0.05
216714.0,0.03
216719.0,0.145
216720.0,0.035
216721.0,0.17
216723.0,0.15
216740.0,0.175
216746.0,0.105
216747.0,0.07
216751.0,0.23
216758.0,0.185
216768.0,0.05
216778.0,0.09
216786.0,0.24
216801.0,0.2
216802.0,0.175
216807.0,0.035
216808.0,0.105
216810.0,0.115
216818.0,0.06
216823.0,0.125
216826.0,0.06
216827.0,0.015
216828.0,0.095
216840.0,0.22
216844.0,0.145
216845.0,0.1
216851.0,0.135
216857.0,0.05
216858.0,0.065
216862.0,0.025
216874.0,0.06
216880.0,0.08
216900.0,0.085
216902.0,0.065
216903.0,0.115
216904.0,0.09
216931.0,0.035
216936.0,0.045
216938.0,0.35
216952.0,0.175
216954.0,0.06
216955.0,0.085
216961.0,0.065
216981.0,0.325
216985.0,0.025
216992.0,0.08
216995.0,0.065
216997.0,0.025
216998.0,0.07
216999.0,0.1
217022.0,0.185
217034.0,0.135
217038.0,0.035
217050.0,0.09
217055.0,0.07
217064.0,0.1
217071.0,0.02
217078.0,0.115
217083.0,0.175
217084.0,0.025
217086.0,0.165
217096.0,0.16
217101.0,0.185
217109.0,0.14
217118.0,0.075
217121.0,0.135
217125.0,0.175
217130.0,0.35
217136.0,0.145
217137.0,0.05
217143.0,0.025
217148.0,0.08
217155.0,0.085
217162.0,0.095
217172.0,0.13
217174.0,0.065
217175.0,0.185
217177.0,0.06
217178.0,0.25
217192.0,0.085
217220.0,0.075
217221.0,0.065
217223.0,0.035
217232.0,0.1
217243.0,0.095
217248.0,0.19
217250.0,0.24
217271.0,0.145
217283.0,0.055
217297.0,0.18
217323.0,0.125
217326.0,0.065
217334.0,0.065
217338.0,0.045
217341.0,0.265
217342.0,0.18
217355.0,0.045
217362.0,0.095
217366.0,0.205
217367.0,0.135
217371.0,0.125
217383.0,0.15
217401.0,0.19
217404.0,0.085
217419.0,0.035
217422.0,0.11
217423.0,0.025
217427.0,0.08
217429.0,0.145
217430.0,0.055
217441.0,0.095
217444.0,0.075
217465.0,0.05
217471.0,0.1
217488.0,0.06
217493.0,0.11
217509.0,0.315
217510.0,0.075
217511.0,0.195
217519.0,0.15
217522.0,0.17
217562.0,0.045
217574.0,0.115
217577.0,0.045
217579.0,0.18
217596.0,0.06
217602.0,0.04
217612.0,0.13
217632.0,0.14
217635.0,0.1
217636.0,0.26
217638.0,0.205
217639.0,0.235
217651.0,0.15
217652.0,0.05
217663.0,0.255
217669.0,0.03
217686.0,0.115
217699.0,0.055
217700.0,0.35
217703.0,0.095
217706.0,0.26
217714.0,0.115
217732.0,0.055
217736.0,0.17
217749.0,0.355
217763.0,0.025
217770.0,0.125
217771.0,0.045
217772.0,0.115
217776.0,0.075
217777.0,0.12
217778.0,0.3
217782.0,0.045
217790.0,0.32
217792.0,0.055
217793.0,0.205
217795.0,0.35
217796.0,0.075
217800.0,0.125
217804.0,0.08
217807.0,0.04
217846.0,0.13
217847.0,0.18
217853.0,0.09
217856.0,0.1
217864.0,0.07
217867.0,0.16
217868.0,0.255
217885.0,0.155
217887.0,0.075
217889.0,0.175
217900.0,0.105
217903.0,0.045
217905.0,0.14
217909.0,0.155
217913.0,0.035
217944.0,0.08
217946.0,0.165
217954.0,0.145
217956.0,0.125
217957.0,0.04
217961.0,0.22
217962.0,0.04
217976.0,0.045
217980.0,0.165
217981.0,0.05
218006.0,0.07
218009.0,0.085
218032.0,0.295
218049.0,0.025
218053.0,0.085
218078.0,0.12
218080.0,0.11
218081.0,0.05
218094.0,0.265
218098.0,0.1
218099.0,0.19
218100.0,0.155
218113.0,0.125
218117.0,0.235
218118.0,0.085
218119.0,0.045
218125.0,0.01
218133.0,0.11
218153.0,0.245
218165.0,0.06
218166.0,0.035
218177.0,0.035
218178.0,0.035
218202.0,0.145
218203.0,0.125
218207.0,0.145
218209.0,0.07
218236.0,0.065
218244.0,0.04
218247.0,0.175
218250.0,0.065
218266.0,0.155
218275.0,0.17
218276.0,0.09
218287.0,0.2
218292.0,0.09
218298.0,0.245
218300.0,0.035
218320.0,0.08
218321.0,0.15
218333.0,0.02
218347.0,0.13
218353.0,0.07
218366.0,0.095
218368.0,0.07
218369.0,0.075
218372.0,0.21
218376.0,0.07
218378.0,0.055
218403.0,0.095
218413.0,0.16
218418.0,0.145
218449.0,0.295
218450.0,0.14
218458.0,0.045
218464.0,0.135
218475.0,0.16
218476.0,0.15
218478.0,0.065
218515.0,0.06
218517.0,0.075
218518.0,0.125
218538.0,0.04
218539.0,0.19
218550.0,0.285
218551.0,0.03
218565.0,0.16
218580.0,0.045
218591.0,0.205
218598.0,0.055
218600.0,0.06
218602.0,0.125
218607.0,0.255
218651.0,0.11
218652.0,0.065
218656.0,0.33
218658.0,0.045
218669.0,0.23
218670.0,0.195
218671.0,0.09
218677.0,0.165
218680.0,0.065
218685.0,0.08
218686.0,0.255
218692.0,0.11
218693.0,0.17
218699.0,0.27
218709.0,0.075
218729.0,0.08
218734.0,0.025
218742.0,0.03
218743.0,0.015
218756.0,0.075
218772.0,0.1
218782.0,0.035
218786.0,0.14
218788.0,0.11
218796.0,0.175
218801.0,0.075
218812.0,0.11
218832.0,0.145
218834.0,0.095
218846.0,0.265
218847.0,0.265
218848.0,0.02
218853.0,0.08
218865.0,0.195
218870.0,0.04
218873.0,0.04
218884.0,0.05
218893.0,0.105
218898.0,0.035
218911.0,0.125
218933.0,0.175
218934.0,0.15
218939.0,0.085
218948.0,0.02
218957.0,0.22
218962.0,0.185
218973.0,0.14
218975.0,0.095
219000.0,0.035
219001.0,0.105
219006.0,0.075
219027.0,0.06
219036.0,0.11
219043.0,0.125
219047.0,0.07
219057.0,0.015
219059.0,0.35
219062.0,0.025
219074.0,0.02
219085.0,0.045
219087.0,0.105
219095.0,0.06
219114.0,0.075
219115.0,0.125
219119.0,0.05
219140.0,0.165
219147.0,0.035
219170.0,0.06
219171.0,0.17
219174.0,0.16
219177.0,0.135
219180.0,0.04
219195.0,0.055
219203.0,0.03
219207.0,0.1
219223.0,0.11
219229.0,0.16
219236.0,0.065
219238.0,0.1
219243.0,0.245
219245.0,0.06
219247.0,0.22
219273.0,0.145
219278.0,0.225
219279.0,0.145
219284.0,0.16
219319.0,0.065
219326.0,0.18
219336.0,0.165
219344.0,0.09
219359.0,0.105
219360.0,0.065
219364.0,0.16
219368.0,0.215
219376.0,0.1
219382.0,0.005
219388.0,0.065
219396.0,0.16
219398.0,0.16
219403.0,0.06
219405.0,0.065
219406.0,0.135
219410.0,0.13
219424.0,0.2
219446.0,0.055
219450.0,0.04
219451.0,0.285
219464.0,0.045
219465.0,0.045
219469.0,0.07
219472.0,0.23
219482.0,0.07
219506.0,0.055
219507.0,0.145
219516.0,0.225
219521.0,0.31
219564.0,0.305
219565.0,0.045
219568.0,0.03
219570.0,0.035
219578.0,0.06
219579.0,0.425
219588.0,0.11
219593.0,0.18
219594.0,0.16
219601.0,0.025
219608.0,0.1
219616.0,0.09
219620.0,0.085
219621.0,0.18
219628.0,0.045
219632.0,0.23
219637.0,0.085
219670.0,0.105
219688.0,0.045
219704.0,0.09
219717.0,0.115
219723.0,0.195
219741.0,0.185
219772.0,0.11
219774.0,0.075
219775.0,0.085
219778.0,0.06
219787.0,0.11
219788.0,0.17
219806.0,0.12
219811.0,0.06
219815.0,0.06
219817.0,0.145
219835.0,0.02
219845.0,0.05
219848.0,0.03
219864.0,0.125
219866.0,0.13
219868.0,0.13
219870.0,0.08
219886.0,0.125
219908.0,0.08
219910.0,0.105
219914.0,0.13
219925.0,0.305
219935.0,0.28
219940.0,0.115
219959.0,0.145
219962.0,0.255
219975.0,0.055
219981.0,0.115
219998.0,0.035
219999.0,0.11
220006.0,0.04
220010.0,0.325
220012.0,0.055
220014.0,0.045
220018.0,0.085
220019.0,0.195
220021.0,0.075
220058.0,0.05
220060.0,0.21
220061.0,0.05
220063.0,0.05
220066.0,0.305
220070.0,0.05
220071.0,0.31
220082.0,0.11
220094.0,0.11
220107.0,0.07
220114.0,0.15
220120.0,0.03
220126.0,0.195
220143.0,0.05
220147.0,0.19
220157.0,0.085
220160.0,0.19
220169.0,0.04
220177.0,0.08
220181.0,0.055
220186.0,0.025
220189.0,0.08
220206.0,0.395
220221.0,0.09
220227.0,0.115
220228.0,0.195
220248.0,0.145
220277.0,0.265
220304.0,0.2
220311.0,0.075
220315.0,0.115
220316.0,0.09
220323.0,0.085
220325.0,0.095
220358.0,0.065
220363.0,0.05
220369.0,0.075
220370.0,0.03
220380.0,0.18
220386.0,0.305
220387.0,0.075
220393.0,0.065
220394.0,0.1
220412.0,0.125
220415.0,0.065
220416.0,0.35
220417.0,0.205
220418.0,0.065
220422.0,0.04
220431.0,0.115
220439.0,0.285
220456.0,0.035
220458.0,0.075
220468.0,0.085
220474.0,0.045
220479.0,0.085
220494.0,0.015
220501.0,0.2
220503.0,0.05
220511.0,0.03
220514.0,0.12
220516.0,0.305
220521.0,0.255
220530.0,0.115
220562.0,0.075
220565.0,0.035
220582.0,0.11
220594.0,0.09
220600.0,0.375
220614.0,0.105
220621.0,0.17
220624.0,0.16
220629.0,0.055
220632.0,0.105
220639.0,0.09
220655.0,0.03
220664.0,0.04
220670.0,0.055
220686.0,0.015
220699.0,0.135
220714.0,0.07
220729.0,0.17
220732.0,0.22
220733.0,0.05
220735.0,0.07
220740.0,0.06
220741.0,0.06
220747.0,0.275
220748.0,0.06
220749.0,0.075
220755.0,0.08
220764.0,0.1
220767.0,0.14
220772.0,0.085
220779.0,0.09
220781.0,0.09
220790.0,0.045
220806.0,0.075
220811.0,0.08
220816.0,0.265
220822.0,0.03
220827.0,0.28
220828.0,0.14
220829.0,0.115
220832.0,0.05
220833.0,0.135
220841.0,0.095
220842.0,0.155
220856.0,0.12
220874.0,0.255
220881.0,0.165
220882.0,0.085
220887.0,0.02
220893.0,0.015
220909.0,0.08
220916.0,0.025
220917.0,0.195
220918.0,0.115
220924.0,0.08
220931.0,0.095
220932.0,0.11
220949.0,0.075
220950.0,0.13
220956.0,0.045
220972.0,0.03
220994.0,0.12
221004.0,0.235
221008.0,0.33
221011.0,0.065
221030.0,0.035
221032.0,0.03
221035.0,0.01
221058.0,0.15
221059.0,0.105
221075.0,0.19
221079.0,0.105
221080.0,0.115
221107.0,0.11
221116.0,0.33
221129.0,0.235
221148.0,0.115
221158.0,0.1
221165.0,0.075
221169.0,0.11
221171.0,0.08
221198.0,0.355
221202.0,0.07
221205.0,0.195
221223.0,0.095
221227.0,0.115
221228.0,0.09
221234.0,0.135
221242.0,0.13
221252.0,0.3
221256.0,0.09
221260.0,0.165
221261.0,0.1
221264.0,0.07
221267.0,0.105
221272.0,0.13
221284.0,0.145
221292.0,0.155
221311.0,0.08
221322.0,0.12
221327.0,0.175
221339.0,0.09
221371.0,0.09
221372.0,0.125
221404.0,0.185
221411.0,0.045
221438.0,0.09
221451.0,0.095
221465.0,0.115
221477.0,0.11
221483.0,0.065
221493.0,0.14
221495.0,0.07
221498.0,0.17
221500.0,0.225
221506.0,0.195
221513.0,0.1
221523.0,0.125
221528.0,0.055
221529.0,0.125
221530.0,0.07
221531.0,0.12
221549.0,0.09
221550.0,0.05
221565.0,0.17
221570.0,0.17
221573.0,0.015
221575.0,0.12
221576.0,0.23
221604.0,0.12
221615.0,0.11
221626.0,0.035
221629.0,0.27
221630.0,0.07
221636.0,0.08
221656.0,0.055
221659.0,0.055
221663.0,0.225
221665.0,0.055
221675.0,0.21
221676.0,0.09
221677.0,0.255
221679.0,0.035
221707.0,0.03
221712.0,0.085
221717.0,0.135
221725.0,0.065
221733.0,0.07
221741.0,0.055
221747.0,0.045
221762.0,0.15
221763.0,0.05
221770.0,0.04
221771.0,0.085
221787.0,0.01
221793.0,0.05
221804.0,0.14
221805.0,0.02
221825.0,0.085
221827.0,0.15
221828.0,0.21
221829.0,0.055
221845.0,0.26
221859.0,0.065
221860.0,0.05
221867.0,0.245
221868.0,0.175
221870.0,0.14
221876.0,0.14
221884.0,0.175
221895.0,0.04
221911.0,0.13
221921.0,0.05
221931.0,0.235
221935.0,0.1
221955.0,0.06
221959.0,0.04
221966.0,0.09
221974.0,0.09
221981.0,0.06
222002.0,0.345
222010.0,0.04
222012.0,0.125
222013.0,0.135
222023.0,0.155
222034.0,0.14
222048.0,0.275
222052.0,0.21
222059.0,0.12
222060.0,0.1
222061.0,0.045
222067.0,0.04
222076.0,0.43
222081.0,0.145
222120.0,0.085
222121.0,0.115
222133.0,0.11
222149.0,0.18
222150.0,0.065
222153.0,0.08
222154.0,0.04
222159.0,0.045
222165.0,0.075
222167.0,0.03
222170.0,0.195
222178.0,0.165
222179.0,0.105
222188.0,0.1
222189.0,0.035
222195.0,0.105
222198.0,0.115
222224.0,0.03
222234.0,0.04
222254.0,0.155
222256.0,0.13
222264.0,0.08
222281.0,0.1
222296.0,0.28
222303.0,0.285
222309.0,0.095
222310.0,0.105
222313.0,0.22
222321.0,0.21
222322.0,0.015
222328.0,0.195
222333.0,0.06
222334.0,0.11
222338.0,0.055
222347.0,0.25
222349.0,0.04
222351.0,0.08
222352.0,0.155
222357.0,0.07
222362.0,0.01
222381.0,0.385
222392.0,0.065
222401.0,0.255
222413.0,0.06
222422.0,0.035
222423.0,0.155
222430.0,0.08
222432.0,0.15
222452.0,0.09
222459.0,0.12
222473.0,0.065
222475.0,0.1
222481.0,0.115
222482.0,0.17
222489.0,0.02
222496.0,0.08
222505.0,0.155
222516.0,0.13
222537.0,0.225
222555.0,0.065
222566.0,0.165
222572.0,0.115
222577.0,0.155
222618.0,0.1
222619.0,0.015
222624.0,0.06
222625.0,0.075
222626.0,0.04
222629.0,0.06
222634.0,0.06
222636.0,0.145
222637.0,0.04
222641.0,0.03
222646.0,0.135
222648.0,0.315
222659.0,0.035
222663.0,0.015
222665.0,0.075
222671.0,0.22
222674.0,0.045
222675.0,0.1
222707.0,0.135
222709.0,0.03
222711.0,0.085
222717.0,0.25
222728.0,0.16
222752.0,0.295
222753.0,0.075
222755.0,0.005
222765.0,0.04
222768.0,0.16
222769.0,0.305
222783.0,0.285
222799.0,0.125
222821.0,0.035
222825.0,0.23
222837.0,0.215
222862.0,0.19
222863.0,0.165
222869.0,0.12
222876.0,0.075
222892.0,0.115
222898.0,0.09
222912.0,0.07
222920.0,0.095
222926.0,0.1
222934.0,0.105
222938.0,0.165
222945.0,0.16
222947.0,0.025
222966.0,0.305
222971.0,0.17
222994.0,0.09
223008.0,0.28
223019.0,0.055
223040.0,0.095
223042.0,0.175
223049.0,0.04
223051.0,0.05
223056.0,0.01
223058.0,0.11
223064.0,0.105
223067.0,0.015
223073.0,0.365
223075.0,0.09
223078.0,0.21
223079.0,0.16
223082.0,0.21
223098.0,0.26
223112.0,0.045
223116.0,0.265
223121.0,0.2
223128.0,0.185
223135.0,0.05
223136.0,0.135
223144.0,0.03
223151.0,0.105
223157.0,0.08
223181.0,0.165
223190.0,0.1
223197.0,0.175
223205.0,0.095
223209.0,0.085
223221.0,0.43
223235.0,0.13
223238.0,0.12
223244.0,0.065
223258.0,0.04
223262.0,0.31
223272.0,0.13
223288.0,0.12
223298.0,0.09
223310.0,0.17
223320.0,0.05
223357.0,0.23
223365.0,0.14
223369.0,0.08
223375.0,0.175
223384.0,0.035
223393.0,0.075
223412.0,0.095
223428.0,0.045
223440.0,0.295
223456.0,0.355
223470.0,0.045
223471.0,0.065
223484.0,0.07
223488.0,0.385
223489.0,0.055
223490.0,0.06
223492.0,0.075
223496.0,0.165
223503.0,0.085
223507.0,0.135
223518.0,0.175
223519.0,0.035
223521.0,0.06
223524.0,0.04
223526.0,0.05
223527.0,0.43
223529.0,0.04
223534.0,0.06
223538.0,0.34
223547.0,0.04
223549.0,0.04
223551.0,0.27
223552.0,0.18
223567.0,0.075
223571.0,0.235
223582.0,0.075
223584.0,0.115
223585.0,0.395
223586.0,0.05
223588.0,0.08
223592.0,0.1
223594.0,0.04
223607.0,0.17
223608.0,0.06
223609.0,0.165
223610.0,0.02
223611.0,0.12
223635.0,0.075
223636.0,0.02
223638.0,0.08
223649.0,0.035
223670.0,0.175
223688.0,0.04
223698.0,0.035
223699.0,0.19
223716.0,0.13
223718.0,0.155
223720.0,0.055
223727.0,0.085
223729.0,0.04
223739.0,0.035
223740.0,0.065
223741.0,0.085
223750.0,0.055
223752.0,0.085
223764.0,0.155
223781.0,0.01
223783.0,0.245
223794.0,0.065
223808.0,0.055
223810.0,0.27
223814.0,0.11
223817.0,0.19
223830.0,0.105
223839.0,0.08
223849.0,0.07
223851.0,0.29
223854.0,0.225
223888.0,0.325
223914.0,0.18
223923.0,0.085
223925.0,0.025
223939.0,0.065
223949.0,0.085
223951.0,0.265
223952.0,0.135
223967.0,0.11
223971.0,0.225
223974.0,0.045
223978.0,0.155
223991.0,0.17
224008.0,0.045
224016.0,0.035
224024.0,0.045
224039.0,0.045
224040.0,0.09
224044.0,0.165
224047.0,0.075
224055.0,0.045
224061.0,0.17
224065.0,0.06
224079.0,0.1
224080.0,0.05
224089.0,0.065
224094.0,0.165
224095.0,0.27
224109.0,0.225
224111.0,0.11
224112.0,0.11
224134.0,0.315
224135.0,0.11
224138.0,0.17
224139.0,0.07
224158.0,0.075
224161.0,0.325
224171.0,0.205
224182.0,0.125
224191.0,0.07
224194.0,0.065
224195.0,0.2
224205.0,0.105
224206.0,0.175
224211.0,0.015
224213.0,0.06
224214.0,0.095
224236.0,0.08
224239.0,0.31
224241.0,0.155
224251.0,0.055
224259.0,0.12
224262.0,0.215
224263.0,0.02
224268.0,0.135
224270.0,0.095
224282.0,0.275
224300.0,0.03
224315.0,0.155
224319.0,0.03
224325.0,0.045
224337.0,0.08
224339.0,0.125
224343.0,0.025
224344.0,0.26
224347.0,0.165
224353.0,0.115
224363.0,0.105
224370.0,0.09
224379.0,0.08
224380.0,0.12
224393.0,0.11
224395.0,0.115
224407.0,0.055
224408.0,0.065
224426.0,0.105
224427.0,0.08
224428.0,0.015
224437.0,0.295
224444.0,0.025
224445.0,0.13
224459.0,0.045
224473.0,0.41
224488.0,0.165
224490.0,0.225
224493.0,0.2
224494.0,0.325
224495.0,0.145
224499.0,0.085
224524.0,0.075
224528.0,0.025
224538.0,0.27
224553.0,0.17
224554.0,0.07
224575.0,0.045
224586.0,0.075
224593.0,0.07
224599.0,0.08
224614.0,0.085
224625.0,0.03
224626.0,0.05
224627.0,0.125
224628.0,0.19
224631.0,0.01
224651.0,0.13
224658.0,0.115
224664.0,0.13
224668.0,0.03
224673.0,0.15
224674.0,0.15
224683.0,0.135
224708.0,0.11
224748.0,0.18
224756.0,0.07
224757.0,0.16
224760.0,0.035
224771.0,0.22
224772.0,0.025
224797.0,0.06
224823.0,0.175
224831.0,0.12
224841.0,0.07
224843.0,0.11
224844.0,0.19
224849.0,0.065
224855.0,0.145
224856.0,0.015
224864.0,0.1
224871.0,0.085
224876.0,0.155
224889.0,0.17
224896.0,0.09
224899.0,0.065
224912.0,0.065
224916.0,0.33
224918.0,0.155
224925.0,0.065
224929.0,0.05
224934.0,0.085
224950.0,0.195
224953.0,0.11
224956.0,0.13
224958.0,0.095
224960.0,0.12
224971.0,0.15
224975.0,0.145
224978.0,0.14
224986.0,0.095
224987.0,0.21
224990.0,0.055
225010.0,0.03
225041.0,0.08
225044.0,0.03
225045.0,0.035
225048.0,0.125
225053.0,0.23
225058.0,0.115
225075.0,0.135
225085.0,0.025
225103.0,0.065
225107.0,0.03
225114.0,0.09
225122.0,0.175
225130.0,0.07
225131.0,0.295
225132.0,0.075
225134.0,0.085
225136.0,0.09
225141.0,0.06
225145.0,0.06
225146.0,0.03
225156.0,0.07
225158.0,0.14
225165.0,0.045
225185.0,0.1
225194.0,0.095
225195.0,0.04
225223.0,0.135
225224.0,0.225
225231.0,0.215
225233.0,0.13
225246.0,0.165
225281.0,0.07
225286.0,0.13
225301.0,0.31
225302.0,0.105
225336.0,0.145
225347.0,0.14
225351.0,0.105
225362.0,0.135
225363.0,0.03
225364.0,0.05
225370.0,0.085
225374.0,0.08
225375.0,0.125
225380.0,0.065
225381.0,0.09
225382.0,0.075
225392.0,0.11
225410.0,0.16
225425.0,0.31
225431.0,0.075
225456.0,0.05
225460.0,0.15
225475.0,0.09
225478.0,0.07
225483.0,0.15
225499.0,0.17
225514.0,0.33
225517.0,0.035
225524.0,0.345
225532.0,0.11
225545.0,0.18
225546.0,0.09
225550.0,0.035
225580.0,0.165
225581.0,0.165
225582.0,0.05
225585.0,0.13
225601.0,0.165
225612.0,0.07
225621.0,0.13
225636.0,0.165
225639.0,0.1
225650.0,0.035
225654.0,0.08
225664.0,0.005
225665.0,0.275
225666.0,0.03
225686.0,0.05
225689.0,0.08
225691.0,0.055
225721.0,0.05
225733.0,0.06
225739.0,0.115
225741.0,0.145
225766.0,0.045
225776.0,0.215
225788.0,0.05
225792.0,0.07
225803.0,0.17
225804.0,0.095
225805.0,0.275
225808.0,0.16
225819.0,0.05
225826.0,0.03
225832.0,0.105
225850.0,0.085
225851.0,0.03
225854.0,0.12
225858.0,0.125
225875.0,0.075
225884.0,0.08
225890.0,0.04
225906.0,0.03
225908.0,0.1
225910.0,0.215
225920.0,0.185
225950.0,0.4
225990.0,0.08
225991.0,0.06
226010.0,0.16
226011.0,0.03
226018.0,0.095
226029.0,0.195
226030.0,0.075
226041.0,0.08
226044.0,0.08
226051.0,0.135
226054.0,0.115
226085.0,0.43
226105.0,0.08
226116.0,0.34
226130.0,0.225
226131.0,0.145
226170.0,0.065
226171.0,0.135
226176.0,0.25
226177.0,0.115
226183.0,0.04
226187.0,0.135
226188.0,0.175
226190.0,0.185
226206.0,0.055
226213.0,0.145
226214.0,0.22
226226.0,0.085
226244.0,0.105
226245.0,0.03
226251.0,0.15
226258.0,0.06
226259.0,0.13
226265.0,0.185
226291.0,0.255
226294.0,0.095
226299.0,0.055
226300.0,0.11
226301.0,0.265
226302.0,0.1
226308.0,0.06
226309.0,0.035
226318.0,0.05
226319.0,0.255
226320.0,0.115
226325.0,0.16
226334.0,0.135
226337.0,0.175
226348.0,0.095
226353.0,0.045
226361.0,0.02
226387.0,0.14
226395.0,0.14
226413.0,0.015
226416.0,0.07
226427.0,0.07
226433.0,0.1
226447.0,0.16
226487.0,0.125
226495.0,0.355
226496.0,0.075
226499.0,0.02
226501.0,0.095
226505.0,0.145
226506.0,0.085
226507.0,0.075
226516.0,0.095
226523.0,0.095
226527.0,0.115
226533.0,0.115
226537.0,0.1
226539.0,0.035
226551.0,0.1
226556.0,0.055
226557.0,0.07
226561.0,0.195
226565.0,0.165
226567.0,0.025
226590.0,0.07
226599.0,0.17
226639.0,0.2
226654.0,0.2
226664.0,0.1
226668.0,0.115
226677.0,0.085
226682.0,0.11
226689.0,0.115
226691.0,0.065
226698.0,0.125
226713.0,0.115
226720.0,0.11
226734.0,0.06
226735.0,0.125
226738.0,0.215
226742.0,0.015
226763.0,0.05
226766.0,0.19
226772.0,0.105
226779.0,0.15
226780.0,0.26
226787.0,0.405
226790.0,0.47
226792.0,0.155
226797.0,0.14
226803.0,0.075
226807.0,0.135
226827.0,0.045
226828.0,0.035
226836.0,0.12
226837.0,0.065
226838.0,0.35
226847.0,0.14
226881.0,0.225
226882.0,0.115
226884.0,0.11
226917.0,0.05
226921.0,0.11
226933.0,0.135
226938.0,0.325
226948.0,0.18
226952.0,0.105
226954.0,0.145
226965.0,0.065
226970.0,0.06
226977.0,0.285
226986.0,0.12
227005.0,0.045
227009.0,0.15
227010.0,0.135
227013.0,0.135
227019.0,0.17
227025.0,0.08
227026.0,0.13
227027.0,0.05
227029.0,0.085
227049.0,0.115
227053.0,0.04
227054.0,0.09
227058.0,0.09
227074.0,0.035
227099.0,0.065
227100.0,0.03
227109.0,0.02
227111.0,0.11
227112.0,0.025
227125.0,0.215
227145.0,0.1
227148.0,0.15
227151.0,0.1
227160.0,0.27
227165.0,0.13
227200.0,0.29
227210.0,0.175
227213.0,0.12
227235.0,0.065
227242.0,0.13
227245.0,0.24
227246.0,0.045
227248.0,0.075
227251.0,0.135
227252.0,0.065
227258.0,0.065
227264.0,0.075
227270.0,0.175
227272.0,0.03
227274.0,0.08
227281.0,0.085
227290.0,0.09
227293.0,0.125
227299.0,0.095
227306.0,0.095
227323.0,0.095
227325.0,0.065
227326.0,0.095
227332.0,0.3
227336.0,0.065
227343.0,0.15
227344.0,0.05
227345.0,0.105
227348.0,0.17
227360.0,0.035
227376.0,0.065
227386.0,0.12
227392.0,0.11
227393.0,0.135
227401.0,0.05
227404.0,0.17
227413.0,0.065
227420.0,0.145
227459.0,0.075
227460.0,0.025
227462.0,0.105
227463.0,0.23
227481.0,0.16
227482.0,0.055
227485.0,0.175
227486.0,0.075
227493.0,0.06
227500.0,0.09
227501.0,0.08
227502.0,0.065
227506.0,0.135
227523.0,0.185
227525.0,0.045
227531.0,0.065
227532.0,0.475
227535.0,0.075
227542.0,0.09
227545.0,0.195
227566.0,0.08
227578.0,0.095
227585.0,0.26
227586.0,0.075
227587.0,0.065
227590.0,0.075
227595.0,0.15
227596.0,0.06
227597.0,0.235
227600.0,0.2
227621.0,0.17
227637.0,0.07
227640.0,0.2
227649.0,0.255
227653.0,0.05
227674.0,0.15
227675.0,0.065
227680.0,0.205
227696.0,0.08
227701.0,0.195
227707.0,0.115
227713.0,0.195
227715.0,0.105
227728.0,0.105
227730.0,0.05
227731.0,0.055
227732.0,0.125
227736.0,0.215
227739.0,0.195
227740.0,0.415
227741.0,0.165
227742.0,0.275
227745.0,0.13
227749.0,0.245
227752.0,0.04
227756.0,0.19
227769.0,0.14
227779.0,0.105
227783.0,0.125
227799.0,0.145
227803.0,0.075
227818.0,0.09
227822.0,0.085
227823.0,0.085
227824.0,0.055
227825.0,0.1
227826.0,0.13
227833.0,0.125
227834.0,0.17
227837.0,0.125
227839.0,0.03
227856.0,0.055
227872.0,0.065
227876.0,0.115
227905.0,0.25
227908.0,0.24
227909.0,0.26
227912.0,0.09
227917.0,0.075
227931.0,0.095
227936.0,0.25
227939.0,0.035
227941.0,0.075
227942.0,0.14
227944.0,0.125
227945.0,0.205
227952.0,0.095
227954.0,0.16
227968.0,0.025
227975.0,0.065
227989.0,0.145
227992.0,0.225
227993.0,0.105
227996.0,0.11
227997.0,0.055
227998.0,0.05
228040.0,0.03
228044.0,0.15
228045.0,0.07
228046.0,0.045
228051.0,0.055
228052.0,0.09
228053.0,0.06
228059.0,0.085
228062.0,0.09
228070.0,0.065
228074.0,0.06
228077.0,0.085
228078.0,0.185
228097.0,0.18
228099.0,0.1
228100.0,0.055
228102.0,0.215
228103.0,0.275
228104.0,0.25
228107.0,0.08
228117.0,0.07
228123.0,0.065
228125.0,0.08
228130.0,0.06
228134.0,0.11
228141.0,0.135
228153.0,0.22
228163.0,0.11
228164.0,0.075
228166.0,0.135
228168.0,0.23
228169.0,0.175
228183.0,0.185
228198.0,0.105
228199.0,0.13
228201.0,0.045
228207.0,0.205
228209.0,0.065
228219.0,0.055
228239.0,0.025
228248.0,0.125
228260.0,0.18
228268.0,0.285
228280.0,0.14
228282.0,0.145
228288.0,0.03
228289.0,0.115
228295.0,0.045
228296.0,0.075
228297.0,0.255
228298.0,0.11
228299.0,0.09
228301.0,0.04
228322.0,0.18
228324.0,0.115
228332.0,0.045
228334.0,0.085
228342.0,0.11
228351.0,0.075
228354.0,0.075
228355.0,0.045
228362.0,0.02
228375.0,0.12
228383.0,0.08
228389.0,0.05
228392.0,0.245
228411.0,0.045
228414.0,0.085
228420.0,0.075
228424.0,0.06
228426.0,0.25
228429.0,0.06
228447.0,0.275
228455.0,0.105
228458.0,0.32
228467.0,0.255
228472.0,0.135
228479.0,0.06
228482.0,0.135
228488.0,0.07
228489.0,0.22
228499.0,0.045
228501.0,0.04
228502.0,0.055
228503.0,0.29
228509.0,0.065
228512.0,0.175
228514.0,0.09
228519.0,0.235
228530.0,0.04
228534.0,0.195
228536.0,0.025
228537.0,0.03
228538.0,0.275
228539.0,0.06
228557.0,0.085
228591.0,0.085
228592.0,0.05
228608.0,0.085
228609.0,0.085
228636.0,0.135
228647.0,0.19
228656.0,0.2
228657.0,0.06
228661.0,0.065
228663.0,0.09
228671.0,0.09
228682.0,0.18
228697.0,0.165
228698.0,0.035
228712.0,0.065
228713.0,0.11
228729.0,0.105
228730.0,0.125
228737.0,0.15
228744.0,0.125
228752.0,0.075
228761.0,0.265
228763.0,0.215
228764.0,0.02
228770.0,0.13
228774.0,0.065
228781.0,0.065
228792.0,0.07
228794.0,0.16
228796.0,0.07
228799.0,0.24
228808.0,0.27
228809.0,0.135
228810.0,0.125
228813.0,0.125
228821.0,0.3
228826.0,0.05
228830.0,0.05
228831.0,0.065
228835.0,0.145
228854.0,0.06
228855.0,0.09
228863.0,0.145
228869.0,0.16
228872.0,0.25
228885.0,0.11
228888.0,0.08
228889.0,0.13
228890.0,0.11
228891.0,0.04
228894.0,0.13
228902.0,0.3
228907.0,0.09
228915.0,0.085
228918.0,0.12
228919.0,0.095
228933.0,0.09
228946.0,0.02
228947.0,0.165
228954.0,0.07
228956.0,0.23
228958.0,0.16
228969.0,0.205
228973.0,0.08
228978.0,0.03
228979.0,0.19
228988.0,0.095
228995.0,0.155
229019.0,0.23
229037.0,0.065
229041.0,0.125
229042.0,0.055
229046.0,0.09
229048.0,0.045
229053.0,0.04
229064.0,0.32
229073.0,0.075
229074.0,0.08
229077.0,0.135
229095.0,0.29
229100.0,0.145
229103.0,0.135
229104.0,0.225
229105.0,0.045
229107.0,0.065
229115.0,0.1
229117.0,0.2
229118.0,0.065
229124.0,0.195
229125.0,0.04
229130.0,0.145
229157.0,0.09
229162.0,0.03
229185.0,0.35
229195.0,0.03
229201.0,0.135
229202.0,0.095
229219.0,0.09
229220.0,0.02
229223.0,0.22
229224.0,0.17
229229.0,0.145
229233.0,0.08
229255.0,0.055
229261.0,0.145
229262.0,0.095
229271.0,0.25
229276.0,0.06
229277.0,0.05
229278.0,0.18
229280.0,0.11
229298.0,0.015
229301.0,0.1
229316.0,0.125
229325.0,0.035
229329.0,0.115
229334.0,0.055
229336.0,0.165
229337.0,0.19
229342.0,0.055
229349.0,0.085
229357.0,0.075
229369.0,0.11
229374.0,0.075
229402.0,0.15
229427.0,0.05
229452.0,0.16
229455.0,0.19
229459.0,0.205
229462.0,0.075
229482.0,0.105
229488.0,0.05
229496.0,0.11
229507.0,0.215
229508.0,0.08
229531.0,0.07
229576.0,0.04
229595.0,0.095
229602.0,0.12
229609.0,0.12
229610.0,0.34
229614.0,0.225
229615.0,0.21
229631.0,0.11
229632.0,0.13
229638.0,0.175
229647.0,0.2
229651.0,0.055
229659.0,0.24
229663.0,0.105
229671.0,0.105
229672.0,0.105
229675.0,0.08
229684.0,0.1
229687.0,0.095
229705.0,0.065
229711.0,0.035
229713.0,0.19
229714.0,0.06
229731.0,0.205
229738.0,0.16
229742.0,0.235
229745.0,0.045
229746.0,0.1
229749.0,0.255
229765.0,0.17
229767.0,0.06
229779.0,0.27
229782.0,0.315
229802.0,0.135
229805.0,0.085
229810.0,0.425
229816.0,0.12
229828.0,0.195
229838.0,0.1
229850.0,0.29
229858.0,0.03
229860.0,0.035
229877.0,0.055
229888.0,0.06
229894.0,0.05
229898.0,0.21
229905.0,0.125
229912.0,0.185
229913.0,0.03
229921.0,0.32
229923.0,0.035
229930.0,0.01
229962.0,0.065
229963.0,0.32
229977.0,0.09
229984.0,0.095
229998.0,0.09
230012.0,0.055
230016.0,0.41
230020.0,0.065
230024.0,0.29
230037.0,0.07
230038.0,0.145
230040.0,0.095
230042.0,0.025
230044.0,0.135
230050.0,0.125
230056.0,0.05
230067.0,0.115
230076.0,0.11
230077.0,0.18
230084.0,0.155
230098.0,0.035
230107.0,0.285
230116.0,0.12
230119.0,0.08
230121.0,0.07
230122.0,0.115
230135.0,0.315
230139.0,0.07
230179.0,0.045
230180.0,0.14
230185.0,0.035
230192.0,0.14
230203.0,0.215
230216.0,0.145
230226.0,0.265
230260.0,0.23
230268.0,0.195
230289.0,0.465
230296.0,0.03
230317.0,0.015
230328.0,0.23
230329.0,0.38
230330.0,0.07
230332.0,0.1
230338.0,0.095
230343.0,0.09
230344.0,0.16
230349.0,0.075
230369.0,0.04
230379.0,0.17
230391.0,0.08
230393.0,0.375
230394.0,0.045
230402.0,0.135
230404.0,0.36
230416.0,0.055
230417.0,0.29
230423.0,0.255
230427.0,0.125
230448.0,0.22
230449.0,0.035
230451.0,0.05
230453.0,0.035
230454.0,0.06
230457.0,0.19
230458.0,0.22
230459.0,0.3
230461.0,0.1
230464.0,0.06
230494.0,0.025
230517.0,0.025
230520.0,0.12
230521.0,0.145
230534.0,0.045
230553.0,0.05
230581.0,0.25
230585.0,0.09
230590.0,0.06
230592.0,0.05
230605.0,0.08
230610.0,0.035
230623.0,0.045
230628.0,0.14
230629.0,0.09
230640.0,0.16
230641.0,0.08
230642.0,0.045
230655.0,0.17
230656.0,0.045
230662.0,0.085
230675.0,0.05
230677.0,0.11
230688.0,0.04
230709.0,0.31
230716.0,0.015
230742.0,0.09
230748.0,0.085
230763.0,0.115
230779.0,0.155
230780.0,0.065
230781.0,0.39
230783.0,0.04
230788.0,0.11
230789.0,0.08
230792.0,0.135
230817.0,0.14
230820.0,0.065
230827.0,0.09
230828.0,0.11
230860.0,0.105
230864.0,0.145
230875.0,0.1
230878.0,0.015
230880.0,0.175
230929.0,0.1
230931.0,0.24
230934.0,0.085
230939.0,0.06
230940.0,0.04
230941.0,0.125
230942.0,0.455
230982.0,0.14
231028.0,0.135
231031.0,0.155
231039.0,0.165
231048.0,0.1
231065.0,0.16
231076.0,0.05
231079.0,0.04
231082.0,0.07
231086.0,0.06
231107.0,0.06
231118.0,0.185
231127.0,0.025
231134.0,0.06
231136.0,0.075
231137.0,0.155
231156.0,0.085
231160.0,0.17
231175.0,0.075
231177.0,0.085
231189.0,0.14
231191.0,0.31
231194.0,0.195
231198.0,0.135
231203.0,0.13
231211.0,0.11
231226.0,0.14
231245.0,0.14
231257.0,0.155
231268.0,0.195
231279.0,0.15
231290.0,0.205
231298.0,0.085
231299.0,0.08
231301.0,0.085
231306.0,0.065
231312.0,0.08
231314.0,0.135
231326.0,0.42
231343.0,0.14
231353.0,0.145
231359.0,0.11
231364.0,0.055
231387.0,0.115
231392.0,0.045
231409.0,0.07
231423.0,0.065
231427.0,0.015
231429.0,0.21
231433.0,0.095
231437.0,0.07
231448.0,0.02
231454.0,0.24
231460.0,0.04
231480.0,0.02
231496.0,0.04
231504.0,0.34
231513.0,0.04
231516.0,0.04
231523.0,0.135
231529.0,0.045
231532.0,0.09
231533.0,0.185
231542.0,0.095
231546.0,0.105
231554.0,0.075
231556.0,0.27
231561.0,0.055
231562.0,0.105
231563.0,0.05
231568.0,0.165
231589.0,0.08
231598.0,0.175
231616.0,0.1
231628.0,0.06
231637.0,0.155
231641.0,0.08
231656.0,0.235
231679.0,0.135
231682.0,0.205
231689.0,0.03
231690.0,0.08
231713.0,0.15
231716.0,0.125
231726.0,0.035
231734.0,0.22
231736.0,0.025
231742.0,0.06
231754.0,0.21
231757.0,0.1
231758.0,0.01
231761.0,0.135
231771.0,0.095
231773.0,0.065
231782.0,0.18
231785.0,0.13
231786.0,0.245
231789.0,0.04
231790.0,0.06
231791.0,0.13
231804.0,0.165
231835.0,0.03
231837.0,0.03
231840.0,0.13
231845.0,0.165
231863.0,0.22
231867.0,0.26
231874.0,0.305
231877.0,0.11
231887.0,0.075
231892.0,0.08
231899.0,0.035
231912.0,0.385
231914.0,0.13
231924.0,0.125
231927.0,0.13
231935.0,0.06
231938.0,0.255
231940.0,0.29
231947.0,0.16
231954.0,0.045
231955.0,0.24
231956.0,0.145
231969.0,0.055
231982.0,0.02
231983.0,0.025
231984.0,0.04
231987.0,0.06
232006.0,0.035
232012.0,0.075
232022.0,0.065
232023.0,0.25
232028.0,0.055
232034.0,0.06
232047.0,0.115
232050.0,0.06
232054.0,0.135
232063.0,0.155
232066.0,0.06
232081.0,0.12
232083.0,0.175
232094.0,0.15
232103.0,0.02
232108.0,0.12
232110.0,0.13
232122.0,0.06
232123.0,0.03
232132.0,0.035
232148.0,0.205
232149.0,0.09
232152.0,0.26
232157.0,0.175
232164.0,0.125
232170.0,0.12
232172.0,0.145
232174.0,0.11
232177.0,0.175
232227.0,0.075
232228.0,0.065
232237.0,0.055
232256.0,0.17
232275.0,0.07
232278.0,0.075
232279.0,0.045
232282.0,0.115
232285.0,0.1
232288.0,0.035
232301.0,0.175
232303.0,0.06
232309.0,0.195
232325.0,0.115
232329.0,0.16
232331.0,0.09
232335.0,0.18
232370.0,0.23
232371.0,0.05
232372.0,0.045
232390.0,0.365
232391.0,0.045
232392.0,0.175
232410.0,0.095
232423.0,0.035
232426.0,0.06
232428.0,0.135
232450.0,0.17
232466.0,0.225
232478.0,0.205
232493.0,0.16
232506.0,0.215
232516.0,0.17
232518.0,0.235
232530.0,0.08
232534.0,0.085
232535.0,0.125
232541.0,0.075
232547.0,0.05
232552.0,0.1
232558.0,0.135
232559.0,0.02
232560.0,0.05
232566.0,0.115
232570.0,0.05
232575.0,0.065
232578.0,0.075
232590.0,0.08
232615.0,0.02
232640.0,0.34
232643.0,0.1
232664.0,0.185
232676.0,0.11
232699.0,0.12
232702.0,0.065
232720.0,0.01
232733.0,0.105
232736.0,0.05
232738.0,0.055
232752.0,0.025
232758.0,0.015
232779.0,0.13
232784.0,0.145
232790.0,0.11
232799.0,0.105
232823.0,0.025
232824.0,0.035
232842.0,0.035
232849.0,0.085
232853.0,0.15
232859.0,0.145
232862.0,0.11
232864.0,0.03
232866.0,0.175
232869.0,0.035
232871.0,0.065
232876.0,0.135
232881.0,0.055
232898.0,0.11
232899.0,0.065
232914.0,0.17
232917.0,0.19
232923.0,0.125
232925.0,0.04
232942.0,0.225
232943.0,0.15
232965.0,0.085
232968.0,0.175
232972.0,0.09
232980.0,0.215
232999.0,0.025
233013.0,0.26
233021.0,0.27
233022.0,0.035
233054.0,0.12
233059.0,0.25
233065.0,0.075
233071.0,0.115
233074.0,0.005
233093.0,0.03
233095.0,0.13
233102.0,0.075
233104.0,0.19
233107.0,0.09
233108.0,0.14
233109.0,0.315
233112.0,0.255
233113.0,0.02
233122.0,0.14
233125.0,0.125
233126.0,0.22
233170.0,0.07
233171.0,0.08
233172.0,0.285
233175.0,0.21
233179.0,0.105
233189.0,0.295
233223.0,0.155
233224.0,0.075
233228.0,0.045
233247.0,0.11
233249.0,0.19
233263.0,0.08
233271.0,0.055
233273.0,0.085
233301.0,0.06
233305.0,0.165
233310.0,0.095
233311.0,0.155
233312.0,0.145
233324.0,0.06
233326.0,0.145
233327.0,0.06
233335.0,0.095
233349.0,0.115
233352.0,0.225
233362.0,0.22
233373.0,0.205
233390.0,0.205
233393.0,0.215
233400.0,0.12
233401.0,0.26
233404.0,0.14
233405.0,0.105
233406.0,0.245
233411.0,0.085
233421.0,0.05
233423.0,0.06
233424.0,0.04
233427.0,0.175
233429.0,0.165
233431.0,0.03
233432.0,0.065
233438.0,0.105
233448.0,0.07
233450.0,0.025
233451.0,0.09
233453.0,0.14
233480.0,0.085
233482.0,0.1
233483.0,0.07
233489.0,0.22
233490.0,0.09
233496.0,0.255
233497.0,0.11
233508.0,0.155
233509.0,0.28
233512.0,0.02
233517.0,0.16
233526.0,0.24
233528.0,0.06
233544.0,0.04
233554.0,0.255
233566.0,0.245
233572.0,0.03
233575.0,0.065
233578.0,0.04
233582.0,0.3
233583.0,0.15
233589.0,0.115
233594.0,0.24
233603.0,0.165
233627.0,0.025
233632.0,0.07
233639.0,0.035
233651.0,0.115
233652.0,0.185
233658.0,0.025
233675.0,0.065
233677.0,0.135
233682.0,0.075
233688.0,0.17
233689.0,0.18
233692.0,0.07
233697.0,0.155
233704.0,0.22
233709.0,0.145
233711.0,0.26
233721.0,0.08
233729.0,0.055
233734.0,0.035
233744.0,0.035
233764.0,0.115
233775.0,0.1
233783.0,0.29
233792.0,0.085
233796.0,0.13
233797.0,0.1
233798.0,0.145
233810.0,0.11
233818.0,0.09
233819.0,0.105
233830.0,0.01
233831.0,0.13
233838.0,0.03
233852.0,0.115
233854.0,0.09
233856.0,0.045
233858.0,0.065
233883.0,0.075
233888.0,0.08
233889.0,0.09
233892.0,0.045
233893.0,0.055
233894.0,0.2
233895.0,0.14
233901.0,0.07
233927.0,0.12
233928.0,0.08
233929.0,0.195
233960.0,0.15
233965.0,0.275
233970.0,0.085
233975.0,0.28
233981.0,0.23
233991.0,0.14
234012.0,0.21
234016.0,0.045
234024.0,0.11
234025.0,0.025
234027.0,0.145
234034.0,0.18
234035.0,0.04
234048.0,0.085
234069.0,0.005
234077.0,0.045
234086.0,0.1
234103.0,0.14
234110.0,0.16
234115.0,0.15
234126.0,0.085
234135.0,0.225
234136.0,0.075
234147.0,0.03
234151.0,0.06
234159.0,0.03
234163.0,0.08
234174.0,0.02
234186.0,0.08
234187.0,0.165
234192.0,0.06
234198.0,0.055
234205.0,0.1
234215.0,0.06
234220.0,0.08
234225.0,0.085
234227.0,0.01
234228.0,0.04
234231.0,0.26
234232.0,0.365
234236.0,0.11
234239.0,0.085
234240.0,0.24
234242.0,0.085
234262.0,0.08
234267.0,0.18
234283.0,0.13
234284.0,0.09
234286.0,0.02
234291.0,0.175
234302.0,0.155
234303.0,0.145
234308.0,0.015
234320.0,0.095
234326.0,0.19
234336.0,0.12
234340.0,0.16
234362.0,0.04
234365.0,0.04
234371.0,0.02
234373.0,0.085
234395.0,0.045
234400.0,0.145
234404.0,0.065
234412.0,0.07
234431.0,0.115
234433.0,0.385
234440.0,0.18
234453.0,0.105
234454.0,0.065
234460.0,0.015
234470.0,0.225
234473.0,0.03
234502.0,0.22
234503.0,0.13
234507.0,0.195
234529.0,0.16
234531.0,0.055
234543.0,0.07
234550.0,0.325
234556.0,0.025
234560.0,0.12
234567.0,0.07
234580.0,0.22
234582.0,0.185
234594.0,0.02
234599.0,0.27
234604.0,0.05
234605.0,0.09
234611.0,0.025
234617.0,0.085
234648.0,0.16
234660.0,0.015
234661.0,0.14
234663.0,0.145
234664.0,0.055
234670.0,0.02
234671.0,0.14
234673.0,0.125
234687.0,0.15
234688.0,0.085
234690.0,0.2
234694.0,0.1
234695.0,0.055
234704.0,0.235
234705.0,0.09
234710.0,0.15
234718.0,0.12
234719.0,0.105
234732.0,0.125
234739.0,0.16
234755.0,0.405
234760.0,0.06
234778.0,0.08
234781.0,0.1
234786.0,0.17
234788.0,0.205
234789.0,0.02
234802.0,0.23
234809.0,0.395
234814.0,0.14
234823.0,0.095
234825.0,0.08
234829.0,0.075
234838.0,0.26
234847.0,0.14
234876.0,0.035
234908.0,0.235
234914.0,0.145
234917.0,0.12
234935.0,0.135
234936.0,0.075
234941.0,0.045
234942.0,0.11
234943.0,0.18
234946.0,0.045
234947.0,0.085
234960.0,0.07
234967.0,0.05
234980.0,0.235
234990.0,0.265
234996.0,0.045
234999.0,0.09
235002.0,0.18
235021.0,0.125
235025.0,0.225
235034.0,0.05
235037.0,0.115
235046.0,0.05
235051.0,0.14
235052.0,0.085
235054.0,0.075
235061.0,0.15
235066.0,0.065
235076.0,0.065
235087.0,0.05
235089.0,0.27
235091.0,0.23
235107.0,0.055
235118.0,0.09
235123.0,0.115
235134.0,0.03
235137.0,0.18
235146.0,0.055
235147.0,0.02
235153.0,0.065
235166.0,0.17
235168.0,0.1
235183.0,0.06
235187.0,0.055
235189.0,0.035
235202.0,0.15
235214.0,0.15
235215.0,0.015
235216.0,0.285
235219.0,0.175
235223.0,0.08
235231.0,0.185
235240.0,0.095
235252.0,0.09
235253.0,0.02
235254.0,0.07
235259.0,0.115
235270.0,0.09
235275.0,0.115
235283.0,0.12
235291.0,0.045
235306.0,0.025
235327.0,0.03
235337.0,0.23
235342.0,0.05
235356.0,0.025
235357.0,0.06
235372.0,0.17
235378.0,0.17
235386.0,0.065
235401.0,0.04
235403.0,0.055
235423.0,0.03
235424.0,0.055
235434.0,0.035
235435.0,0.105
235438.0,0.185
235451.0,0.04
235452.0,0.08
235454.0,0.24
235456.0,0.045
235459.0,0.01
235460.0,0.03
235463.0,0.15
235491.0,0.17
235492.0,0.23
235501.0,0.105
235505.0,0.16
235512.0,0.19
235519.0,0.24
235549.0,0.175
235592.0,0.115
235597.0,0.185
235601.0,0.08
235602.0,0.08
235612.0,0.04
235617.0,0.105
235622.0,0.075
235636.0,0.025
235641.0,0.08
235644.0,0.18
235645.0,0.015
235651.0,0.075
235664.0,0.06
235668.0,0.37
235677.0,0.04
235692.0,0.06
235693.0,0.06
235698.0,0.115
235722.0,0.19
235741.0,0.06
235743.0,0.255
235752.0,0.01
235757.0,0.18
235766.0,0.04
235768.0,0.205
235769.0,0.1
235775.0,0.06
235778.0,0.155
235782.0,0.275
235791.0,0.145
235792.0,0.32
235796.0,0.11
235797.0,0.155
235799.0,0.145
235803.0,0.155
235804.0,0.465
235809.0,0.06
235811.0,0.105
235812.0,0.04
235827.0,0.205
235837.0,0.02
235839.0,0.135
235850.0,0.23
235852.0,0.08
235854.0,0.205
235860.0,0.04
235862.0,0.035
235869.0,0.17
235877.0,0.055
235889.0,0.12
235890.0,0.225
235891.0,0.035
235893.0,0.1
235900.0,0.045
235901.0,0.055
235914.0,0.035
235915.0,0.255
235924.0,0.245
235950.0,0.1
235968.0,0.115
235977.0,0.09
235978.0,0.04
235980.0,0.14
235990.0,0.05
235999.0,0.05
236002.0,0.18
236022.0,0.1
236033.0,0.105
236034.0,0.085
236037.0,0.43
236038.0,0.165
236039.0,0.15
236040.0,0.05
236053.0,0.24
236064.0,0.11
236068.0,0.1
236069.0,0.115
236094.0,0.085
236107.0,0.1
236123.0,0.15
236143.0,0.06
236214.0,0.04
236215.0,0.03
236221.0,0.255
236229.0,0.175
236234.0,0.075
236236.0,0.065
236237.0,0.03
236239.0,0.085
236266.0,0.425
236271.0,0.035
236283.0,0.075
236286.0,0.03
236287.0,0.31
236289.0,0.06
236293.0,0.08
236302.0,0.04
236303.0,0.16
236313.0,0.135
236324.0,0.11
236330.0,0.24
236332.0,0.095
236345.0,0.165
236350.0,0.145
236352.0,0.14
236359.0,0.03
236362.0,0.115
236373.0,0.1
236378.0,0.08
236391.0,0.06
236395.0,0.22
236412.0,0.17
236418.0,0.135
236421.0,0.04
236451.0,0.085
236454.0,0.03
236457.0,0.03
236463.0,0.14
236469.0,0.085
236476.0,0.155
236485.0,0.07
236508.0,0.095
236509.0,0.115
236525.0,0.125
236527.0,0.36
236529.0,0.12
236555.0,0.195
236562.0,0.215
236568.0,0.34
236569.0,0.3
236580.0,0.05
236581.0,0.07
236583.0,0.18
236586.0,0.095
236594.0,0.13
236631.0,0.035
236632.0,0.085
236634.0,0.11
236638.0,0.025
236643.0,0.09
236648.0,0.265
236655.0,0.235
236656.0,0.11
236657.0,0.045
236663.0,0.11
236681.0,0.035
236683.0,0.035
236691.0,0.085
236698.0,0.19
236713.0,0.185
236727.0,0.265
236732.0,0.065
236733.0,0.05
236735.0,0.1
236737.0,0.025
236749.0,0.105
236750.0,0.055
236752.0,0.075
236765.0,0.05
236766.0,0.02
236769.0,0.045
236771.0,0.14
236774.0,0.105
236775.0,0.075
236790.0,0.135
236793.0,0.205
236797.0,0.28
236798.0,0.05
236809.0,0.155
236821.0,0.095
236831.0,0.11
236836.0,0.105
236838.0,0.115
236849.0,0.12
236852.0,0.155
236860.0,0.08
236862.0,0.02
236865.0,0.11
236873.0,0.07
236885.0,0.03
236891.0,0.1
236894.0,0.105
236904.0,0.13
236905.0,0.07
236911.0,0.085
236939.0,0.025
236948.0,0.06
236950.0,0.035
236957.0,0.005
236965.0,0.065
236974.0,0.005
236975.0,0.065
236981.0,0.06
236985.0,0.055
236995.0,0.21
237023.0,0.08
237025.0,0.015
237038.0,0.065
237058.0,0.04
237060.0,0.065
237078.0,0.115
237079.0,0.14
237080.0,0.275
237084.0,0.025
237086.0,0.02
237087.0,0.04
237091.0,0.36
237092.0,0.045
237093.0,0.145
237094.0,0.155
237103.0,0.045
237116.0,0.06
237118.0,0.08
237126.0,0.1
237136.0,0.015
237144.0,0.165
237149.0,0.16
237150.0,0.32
237157.0,0.06
237158.0,0.045
237170.0,0.15
237171.0,0.045
237193.0,0.035
237196.0,0.165
237200.0,0.03
237248.0,0.105
237254.0,0.22
237256.0,0.095
237257.0,0.07
237267.0,0.055
237268.0,0.07
237269.0,0.03
237271.0,0.13
237280.0,0.125
237301.0,0.055
237304.0,0.22
237308.0,0.085
237311.0,0.07
237334.0,0.175
237338.0,0.285
237344.0,0.195
237361.0,0.025
237362.0,0.13
237368.0,0.25
237369.0,0.25
237371.0,0.11
237373.0,0.245
237377.0,0.045
237378.0,0.06
237383.0,0.2
237386.0,0.075
237392.0,0.11
237399.0,0.1
237408.0,0.05
237411.0,0.095
237414.0,0.105
237417.0,0.035
237424.0,0.25
237439.0,0.02
237457.0,0.065
237458.0,0.055
237459.0,0.04
237471.0,0.165
237474.0,0.11
237475.0,0.11
237476.0,0.105
237490.0,0.085
237491.0,0.17
237495.0,0.18
237501.0,0.15
237512.0,0.07
237516.0,0.03
237518.0,0.08
237528.0,0.155
237529.0,0.17
237537.0,0.215
237543.0,0.085
237547.0,0.175
237552.0,0.07
237563.0,0.19
237585.0,0.145
237598.0,0.07
237606.0,0.045
237624.0,0.165
237632.0,0.06
237635.0,0.07
237640.0,0.085
237642.0,0.065
237647.0,0.05
237648.0,0.16
237651.0,0.28
237657.0,0.13
237663.0,0.13
237692.0,0.07
237701.0,0.16
237715.0,0.13
237726.0,0.085
237728.0,0.165
237731.0,0.025
237732.0,0.195
237746.0,0.11
237759.0,0.04
237768.0,0.03
237772.0,0.345
237780.0,0.175
237787.0,0.19
237792.0,0.155
237804.0,0.125
237812.0,0.035
237815.0,0.04
237821.0,0.08
237827.0,0.045
237845.0,0.325
237862.0,0.195
237869.0,0.085
237872.0,0.335
237900.0,0.185
237909.0,0.085
237917.0,0.12
237921.0,0.035
237951.0,0.16
237952.0,0.245
237957.0,0.015
237960.0,0.185
237963.0,0.085
237973.0,0.045
237984.0,0.13
237990.0,0.17
237997.0,0.065
237998.0,0.21
238025.0,0.11
238027.0,0.02
238052.0,0.02
238053.0,0.06
238054.0,0.255
238065.0,0.075
238066.0,0.045
238075.0,0.32
238082.0,0.04
238087.0,0.205
238114.0,0.065
238117.0,0.2
238127.0,0.18
238129.0,0.28
238133.0,0.05
238135.0,0.09
238152.0,0.125
238157.0,0.07
238163.0,0.03
238170.0,0.165
238176.0,0.02
238180.0,0.205
238195.0,0.12
238198.0,0.13
238199.0,0.015
238206.0,0.24
238218.0,0.095
238219.0,0.08
238222.0,0.095
238224.0,0.065
238230.0,0.11
238237.0,0.12
238238.0,0.08
238247.0,0.08
238254.0,0.07
238256.0,0.025
238257.0,0.095
238270.0,0.25
238278.0,0.065
238279.0,0.18
238282.0,0.065
238286.0,0.04
238293.0,0.12
238298.0,0.035
238299.0,0.085
238306.0,0.155
238307.0,0.015
238308.0,0.16
238322.0,0.02
238327.0,0.185
238328.0,0.175
238330.0,0.025
238335.0,0.035
238347.0,0.2
238355.0,0.295
238356.0,0.16
238361.0,0.035
238367.0,0.025
238377.0,0.075
238413.0,0.02
238419.0,0.045
238436.0,0.065
238437.0,0.16
238443.0,0.12
238450.0,0.015
238452.0,0.03
238453.0,0.22
238454.0,0.24
238457.0,0.13
238467.0,0.105
238469.0,0.07
238470.0,0.05
238474.0,0.435
238478.0,0.145
238480.0,0.12
238492.0,0.09
238496.0,0.205
238500.0,0.08
238508.0,0.235
238512.0,0.05
238520.0,0.08
238540.0,0.105
238548.0,0.105
238549.0,0.065
238550.0,0.08
238563.0,0.045
238586.0,0.11
238607.0,0.08
238608.0,0.14
238615.0,0.16
238623.0,0.115
238627.0,0.07
238630.0,0.195
238635.0,0.095
238638.0,0.235
238642.0,0.075
238646.0,0.135
238656.0,0.025
238665.0,0.09
238674.0,0.085
238687.0,0.095
238702.0,0.125
238703.0,0.14
238705.0,0.21
238712.0,0.205
238716.0,0.185
238717.0,0.14
238718.0,0.12
238747.0,0.13
238754.0,0.185
238767.0,0.195
238793.0,0.02
238794.0,0.2
238796.0,0.12
238806.0,0.12
238832.0,0.22
238833.0,0.1
238840.0,0.24
238850.0,0.045
238853.0,0.125
238855.0,0.055
238858.0,0.13
238867.0,0.345
238868.0,0.07
238869.0,0.39
238873.0,0.13
238879.0,0.16
238893.0,0.185
238903.0,0.015
238904.0,0.115
238906.0,0.42
238928.0,0.07
238933.0,0.16
238941.0,0.15
238945.0,0.165
238947.0,0.055
238954.0,0.075
238963.0,0.115
238986.0,0.14
239003.0,0.205
239018.0,0.085
239019.0,0.19
239020.0,0.215
239021.0,0.13
239031.0,0.075
239042.0,0.115
239051.0,0.065
239056.0,0.135
239058.0,0.04
239075.0,0.14
239078.0,0.14
239079.0,0.1
239081.0,0.025
239082.0,0.11
239085.0,0.305
239100.0,0.055
239104.0,0.11
239120.0,0.105
239123.0,0.105
239140.0,0.25
239144.0,0.04
239145.0,0.18
239146.0,0.03
239153.0,0.075
239155.0,0.035
239161.0,0.1
239168.0,0.13
239177.0,0.175
239180.0,0.09
239193.0,0.05
239199.0,0.05
239206.0,0.245
239207.0,0.155
239209.0,0.035
239221.0,0.075
239225.0,0.065
239227.0,0.125
239237.0,0.11
239249.0,0.085
239273.0,0.37
239282.0,0.055
239290.0,0.3
239298.0,0.05
239302.0,0.195
239307.0,0.265
239309.0,0.105
239314.0,0.145
239319.0,0.36
239328.0,0.145
239334.0,0.055
239343.0,0.025
239344.0,0.085
239356.0,0.12
239357.0,0.255
239428.0,0.065
239429.0,0.125
239453.0,0.03
239471.0,0.36
239479.0,0.095
239480.0,0.175
239485.0,0.04
239489.0,0.13
239518.0,0.35
239522.0,0.055
239525.0,0.185
239540.0,0.19
239567.0,0.11
239573.0,0.17
239574.0,0.11
239578.0,0.18
239587.0,0.065
239588.0,0.14
239597.0,0.105
239603.0,0.065
239612.0,0.15
239616.0,0.25
239617.0,0.165
239618.0,0.355
239631.0,0.24
239639.0,0.085
239644.0,0.045
239672.0,0.11
239680.0,0.18
239685.0,0.035
239687.0,0.02
239715.0,0.145
239722.0,0.15
239733.0,0.02
239746.0,0.02
239748.0,0.105
239760.0,0.23
239765.0,0.2
239766.0,0.26
239774.0,0.085
239775.0,0.045
239788.0,0.34
239795.0,0.195
239796.0,0.055
239801.0,0.135
239808.0,0.095
239816.0,0.025
239819.0,0.02
239825.0,0.085
239832.0,0.205
239840.0,0.06
239845.0,0.025
239853.0,0.015
239862.0,0.195
239867.0,0.115
239873.0,0.32
239884.0,0.14
239920.0,0.04
239924.0,0.175
239937.0,0.045
239938.0,0.095
239948.0,0.075
239951.0,0.135
239952.0,0.085
239996.0,0.065
239998.0,0.11
240013.0,0.1
240027.0,0.185
240028.0,0.055
240036.0,0.21
240041.0,0.31
240046.0,0.07
240063.0,0.065
240076.0,0.045
240082.0,0.265
240086.0,0.105
240087.0,0.075
240089.0,0.17
240090.0,0.075
240093.0,0.135
240110.0,0.27
240111.0,0.11
240113.0,0.025
240117.0,0.05
240118.0,0.19
240120.0,0.055
240125.0,0.27
240130.0,0.11
240131.0,0.23
240133.0,0.085
240138.0,0.27
240149.0,0.12
240161.0,0.04
240177.0,0.24
240188.0,0.12
240197.0,0.08
240204.0,0.3
240215.0,0.025
240257.0,0.13
240266.0,0.095
240284.0,0.04
240296.0,0.09
240300.0,0.08
240312.0,0.025
240314.0,0.285
240320.0,0.07
240321.0,0.195
240337.0,0.175
240339.0,0.115
240341.0,0.13
240342.0,0.165
240346.0,0.07
240348.0,0.18
240364.0,0.16
240378.0,0.08
240382.0,0.185
240387.0,0.09
240404.0,0.045
240409.0,0.09
240412.0,0.085
240413.0,0.225
240414.0,0.16
240415.0,0.065
240416.0,0.21
240427.0,0.06
240428.0,0.175
240438.0,0.205
240447.0,0.045
240489.0,0.29
240494.0,0.175
240495.0,0.085
240507.0,0.065
240526.0,0.505
240530.0,0.165
240531.0,0.16
240554.0,0.065
240559.0,0.06
240561.0,0.055
240577.0,0.135
240578.0,0.135
240585.0,0.3
240587.0,0.155
240594.0,0.225
240603.0,0.05
240615.0,0.07
240629.0,0.075
240631.0,0.025
240637.0,0.04
240646.0,0.325
240649.0,0.105
240657.0,0.085
240664.0,0.145
240665.0,0.355
240668.0,0.06
240670.0,0.16
240685.0,0.27
240689.0,0.13
240702.0,0.085
240707.0,0.12
240709.0,0.325
240712.0,0.23
240716.0,0.09
240717.0,0.08
240725.0,0.045
240733.0,0.055
240742.0,0.34
240744.0,0.05
240819.0,0.155
240820.0,0.055
240826.0,0.24
240836.0,0.195
240839.0,0.05
240847.0,0.19
240859.0,0.335
240866.0,0.22
240868.0,0.04
240875.0,0.015
240878.0,0.12
240888.0,0.075
240896.0,0.155
240897.0,0.13
240898.0,0.21
240899.0,0.34
240900.0,0.12
240901.0,0.26
240902.0,0.125
240903.0,0.33
240904.0,0.05
240910.0,0.01
240916.0,0.085
240921.0,0.105
240923.0,0.18
240929.0,0.145
240930.0,0.185
240931.0,0.045
240932.0,0.055
240938.0,0.18
240943.0,0.055
240948.0,0.065
240954.0,0.065
240972.0,0.025
240992.0,0.105
240993.0,0.17
240994.0,0.135
241018.0,0.035
241026.0,0.12
241031.0,0.09
241052.0,0.1
241060.0,0.125
241076.0,0.3
241113.0,0.19
241116.0,0.22
241118.0,0.09
241121.0,0.155
241130.0,0.145
241142.0,0.02
241146.0,0.1
241159.0,0.07
241160.0,0.085
241161.0,0.14
241163.0,0.24
241176.0,0.13
241187.0,0.145
241188.0,0.105
241191.0,0.165
241192.0,0.16
241198.0,0.25
241208.0,0.2
241210.0,0.08
241226.0,0.12
241244.0,0.14
241252.0,0.195
241254.0,0.08
241256.0,0.155
241264.0,0.2
241266.0,0.145
241267.0,0.15
241274.0,0.025
241279.0,0.045
241281.0,0.34
241284.0,0.075
241293.0,0.025
241330.0,0.075
241333.0,0.03
241344.0,0.315
241348.0,0.235
241359.0,0.085
241362.0,0.275
241372.0,0.04
241377.0,0.06
241381.0,0.155
241390.0,0.045
241395.0,0.025
241397.0,0.095
241401.0,0.065
241402.0,0.32
241415.0,0.135
241417.0,0.14
241426.0,0.17
241432.0,0.07
241436.0,0.0
241444.0,0.06
241447.0,0.27
241456.0,0.04
241457.0,0.02
241464.0,0.095
241465.0,0.205
241469.0,0.075
241479.0,0.015
241482.0,0.09
241488.0,0.455
241489.0,0.06
241507.0,0.2
241509.0,0.055
241511.0,0.065
241520.0,0.035
241523.0,0.035
241536.0,0.11
241545.0,0.205
241574.0,0.08
241577.0,0.39
241599.0,0.31
241608.0,0.15
241627.0,0.06
241631.0,0.1
241640.0,0.115
241642.0,0.04
241645.0,0.08
241647.0,0.02
241649.0,0.12
241654.0,0.34
241655.0,0.085
241657.0,0.23
241665.0,0.075
241671.0,0.125
241678.0,0.18
241683.0,0.05
241686.0,0.02
241699.0,0.12
241704.0,0.23
241706.0,0.125
241709.0,0.06
241718.0,0.045
241723.0,0.135
241729.0,0.02
241739.0,0.285
241741.0,0.045
241752.0,0.13
241756.0,0.05
241763.0,0.045
241779.0,0.11
241793.0,0.04
241797.0,0.085
241804.0,0.16
241813.0,0.035
241816.0,0.12
241817.0,0.17
241821.0,0.035
241838.0,0.345
241839.0,0.065
241855.0,0.13
241857.0,0.095
241887.0,0.03
241888.0,0.055
241899.0,0.23
241903.0,0.09
241908.0,0.16
241914.0,0.105
241919.0,0.045
241933.0,0.11
241943.0,0.015
241947.0,0.08
241957.0,0.155
241960.0,0.175
241961.0,0.075
241965.0,0.14
241971.0,0.095
241982.0,0.04
241990.0,0.105
242011.0,0.1
242022.0,0.035
242023.0,0.085
242025.0,0.245
242035.0,0.15
242037.0,0.095
242043.0,0.09
242067.0,0.01
242075.0,0.115
242077.0,0.06
242088.0,0.285
242103.0,0.1
242125.0,0.095
242134.0,0.265
242143.0,0.24
242144.0,0.11
242148.0,0.06
242155.0,0.035
242163.0,0.02
242171.0,0.04
242182.0,0.115
242185.0,0.14
242188.0,0.25
242201.0,0.27
242203.0,0.03
242204.0,0.04
242208.0,0.21
242210.0,0.135
242217.0,0.1
242219.0,0.145
242222.0,0.085
242224.0,0.325
242229.0,0.115
242231.0,0.255
242236.0,0.215
242256.0,0.12
242264.0,0.085
242269.0,0.06
242280.0,0.11
242281.0,0.045
242285.0,0.14
242295.0,0.07
242302.0,0.135
242314.0,0.065
242319.0,0.065
242332.0,0.175
242338.0,0.08
242342.0,0.215
242343.0,0.1
242345.0,0.06
242354.0,0.05
242361.0,0.4
242365.0,0.215
242373.0,0.085
242378.0,0.115
242383.0,0.205
242385.0,0.22
242389.0,0.065
242397.0,0.31
242404.0,0.24
242406.0,0.105
242410.0,0.07
242436.0,0.07
242439.0,0.055
242440.0,0.375
242444.0,0.08
242445.0,0.17
242455.0,0.125
242477.0,0.06
242479.0,0.285
242484.0,0.135
242491.0,0.12
242492.0,0.04
242497.0,0.065
242498.0,0.03
242499.0,0.245
242500.0,0.255
242501.0,0.115
242502.0,0.07
242516.0,0.145
242518.0,0.14
242523.0,0.195
242525.0,0.255
242537.0,0.12
242549.0,0.04
242550.0,0.125
242553.0,0.06
242554.0,0.02
242561.0,0.115
242566.0,0.225
242567.0,0.09
242587.0,0.165
242598.0,0.055
242609.0,0.255
242611.0,0.055
242614.0,0.2
242617.0,0.215
242622.0,0.115
242623.0,0.1
242629.0,0.065
242633.0,0.06
242636.0,0.235
242637.0,0.225
242642.0,0.085
242651.0,0.04
242655.0,0.065
242667.0,0.03
242668.0,0.04
242670.0,0.05
242681.0,0.025
242689.0,0.075
242690.0,0.28
242692.0,0.115
242693.0,0.03
242699.0,0.055
242706.0,0.07
242712.0,0.315
242714.0,0.26
242715.0,0.035
242721.0,0.145
242725.0,0.05
242728.0,0.115
242740.0,0.03
242741.0,0.015
242762.0,0.165
242766.0,0.16
242772.0,0.035
242779.0,0.13
242782.0,0.1
242795.0,0.2
242796.0,0.08
242800.0,0.005
242810.0,0.105
242816.0,0.285
242824.0,0.12
242829.0,0.255
242833.0,0.085
242837.0,0.1
242851.0,0.13
242857.0,0.235
242858.0,0.13
242860.0,0.08
242874.0,0.055
242876.0,0.085
242877.0,0.04
242879.0,0.03
242890.0,0.175
242897.0,0.06
242898.0,0.045
242904.0,0.04
242916.0,0.03
242920.0,0.14
242924.0,0.1
242930.0,0.05
242936.0,0.115
242938.0,0.04
242951.0,0.29
242952.0,0.1
242956.0,0.035
242970.0,0.28
242972.0,0.075
242973.0,0.045
242975.0,0.07
242979.0,0.14
242985.0,0.045
242989.0,0.04
242994.0,0.21
242996.0,0.365
243004.0,0.15
243013.0,0.065
243015.0,0.125
243017.0,0.085
243022.0,0.04
243075.0,0.23
243077.0,0.12
243089.0,0.075
243096.0,0.045
243099.0,0.045
243109.0,0.1
243110.0,0.07
243111.0,0.02
243112.0,0.14
243114.0,0.115
243124.0,0.2
243128.0,0.32
243136.0,0.075
243143.0,0.08
243148.0,0.09
243151.0,0.035
243152.0,0.08
243163.0,0.12
243170.0,0.025
243173.0,0.04
243184.0,0.105
243187.0,0.09
243193.0,0.155
243206.0,0.21
243208.0,0.025
243236.0,0.055
243237.0,0.185
243241.0,0.025
243244.0,0.035
243251.0,0.23
243256.0,0.015
243257.0,0.08
243263.0,0.05
243265.0,0.11
243276.0,0.07
243283.0,0.12
243287.0,0.04
243289.0,0.2
243291.0,0.035
243294.0,0.12
243299.0,0.16
243301.0,0.185
243302.0,0.115
243310.0,0.225
243313.0,0.21
243334.0,0.235
243335.0,0.12
243345.0,0.09
243353.0,0.075
243369.0,0.055
243371.0,0.115
243375.0,0.115
243383.0,0.275
243387.0,0.05
243390.0,0.35
243398.0,0.03
243399.0,0.125
243401.0,0.065
243412.0,0.03
243430.0,0.105
243433.0,0.12
243440.0,0.055
243445.0,0.295
243475.0,0.19
243481.0,0.12
243501.0,0.305
243518.0,0.175
243528.0,0.03
243544.0,0.12
243550.0,0.15
243555.0,0.15
243558.0,0.19
243559.0,0.27
243569.0,0.215
243580.0,0.07
243581.0,0.03
243590.0,0.06
243611.0,0.085
243619.0,0.095
243643.0,0.105
243659.0,0.155
243664.0,0.145
243665.0,0.385
243679.0,0.055
243680.0,0.16
243681.0,0.045
243689.0,0.15
243699.0,0.16
243700.0,0.18
243703.0,0.05
243714.0,0.415
243734.0,0.07
243741.0,0.12
243747.0,0.065
243757.0,0.23
243764.0,0.37
243766.0,0.17
243770.0,0.1
243774.0,0.15
243777.0,0.065
243778.0,0.065
243783.0,0.19
243788.0,0.17
243801.0,0.115
243802.0,0.04
243805.0,0.345
243821.0,0.1
243828.0,0.08
243831.0,0.135
243838.0,0.285
243850.0,0.035
243861.0,0.085
243871.0,0.235
243873.0,0.025
243874.0,0.195
243875.0,0.065
243891.0,0.085
243893.0,0.065
243900.0,0.035
243907.0,0.22
243908.0,0.185
243916.0,0.19
243921.0,0.135
243943.0,0.115
243958.0,0.4
243963.0,0.23
243965.0,0.035
243968.0,0.175
243978.0,0.135
243993.0,0.15
243996.0,0.13
244004.0,0.23
244006.0,0.165
244045.0,0.13
244046.0,0.06
244047.0,0.04
244049.0,0.02
244051.0,0.155
244058.0,0.08
244093.0,0.06
244100.0,0.065
244102.0,0.295
244104.0,0.105
244108.0,0.025
244112.0,0.14
244114.0,0.07
244134.0,0.075
244136.0,0.045
244140.0,0.005
244151.0,0.055
244152.0,0.21
244164.0,0.19
244168.0,0.08
244173.0,0.055
244176.0,0.09
244179.0,0.035
244189.0,0.1
244201.0,0.07
244205.0,0.175
244212.0,0.27
244216.0,0.08
244226.0,0.085
244228.0,0.065
244238.0,0.145
244246.0,0.025
244252.0,0.22
244257.0,0.1
244266.0,0.045
244268.0,0.16
244280.0,0.28
244290.0,0.175
244294.0,0.29
244295.0,0.12
244296.0,0.295
244298.0,0.12
244307.0,0.22
244321.0,0.035
244322.0,0.19
244324.0,0.02
244335.0,0.1
244346.0,0.14
244364.0,0.09
244372.0,0.2
244377.0,0.1
244387.0,0.355
244388.0,0.21
244395.0,0.205
244396.0,0.125
244403.0,0.075
244416.0,0.1
244417.0,0.04
244420.0,0.06
244421.0,0.075
244428.0,0.105
244429.0,0.215
244432.0,0.135
244456.0,0.17
244460.0,0.195
244461.0,0.225
244464.0,0.03
244470.0,0.04
244475.0,0.185
244484.0,0.335
244487.0,0.06
244489.0,0.105
244498.0,0.135
244526.0,0.31
244529.0,0.36
244534.0,0.095
244536.0,0.305
244543.0,0.3
244545.0,0.08
244555.0,0.075
244560.0,0.24
244562.0,0.13
244570.0,0.26
244572.0,0.225
244574.0,0.18
244605.0,0.125
244612.0,0.09
244624.0,0.065
244631.0,0.02
244632.0,0.225
244643.0,0.01
244652.0,0.1
244666.0,0.05
244671.0,0.1
244672.0,0.12
244683.0,0.03
244690.0,0.075
244696.0,0.055
244703.0,0.1
244710.0,0.2
244713.0,0.065
244719.0,0.075
244724.0,0.18
244736.0,0.12
244763.0,0.15
244764.0,0.2
244765.0,0.345
244767.0,0.185
244772.0,0.145
244786.0,0.175
244789.0,0.105
244794.0,0.08
244799.0,0.03
244810.0,0.025
244815.0,0.065
244830.0,0.06
244848.0,0.085
244852.0,0.1
244866.0,0.065
244867.0,0.15
244874.0,0.025
244887.0,0.05
244891.0,0.24
244897.0,0.405
244898.0,0.055
244909.0,0.095
244910.0,0.21
244913.0,0.085
244925.0,0.14
244928.0,0.135
244932.0,0.035
244942.0,0.08
244943.0,0.175
244949.0,0.13
244954.0,0.09
244971.0,0.1
244973.0,0.37
244989.0,0.19
245001.0,0.115
245012.0,0.105
245026.0,0.265
245030.0,0.11
245036.0,0.08
245049.0,0.21
245057.0,0.075
245062.0,0.075
245063.0,0.155
245074.0,0.055
245076.0,0.165
245105.0,0.12
245106.0,0.035
245121.0,0.12
245124.0,0.155
245129.0,0.015
245133.0,0.155
245138.0,0.135
245150.0,0.31
245156.0,0.16
245157.0,0.125
245168.0,0.135
245170.0,0.015
245177.0,0.06
245178.0,0.015
245182.0,0.015
245208.0,0.125
245219.0,0.295
245221.0,0.06
245222.0,0.065
245224.0,0.135
245225.0,0.065
245233.0,0.21
245234.0,0.125
245244.0,0.065
245253.0,0.34
245260.0,0.085
245272.0,0.075
245281.0,0.055
245296.0,0.215
245297.0,0.255
245303.0,0.055
245309.0,0.21
245313.0,0.11
245316.0,0.12
245328.0,0.11
245344.0,0.145
245351.0,0.095
245357.0,0.145
245367.0,0.095
245369.0,0.23
245376.0,0.135
245381.0,0.065
245411.0,0.085
245426.0,0.145
245428.0,0.04
245430.0,0.08
245437.0,0.23
245443.0,0.03
245450.0,0.07
245452.0,0.065
245468.0,0.145
245481.0,0.065
245486.0,0.04
245496.0,0.065
245501.0,0.3
245502.0,0.08
245503.0,0.05
245564.0,0.305
245567.0,0.13
245568.0,0.49
245576.0,0.32
245577.0,0.16
245578.0,0.05
245595.0,0.06
245598.0,0.03
245604.0,0.04
245611.0,0.075
245615.0,0.245
245617.0,0.035
245627.0,0.105
245659.0,0.07
245661.0,0.2
245681.0,0.22
245687.0,0.1
245697.0,0.15
245708.0,0.075
245713.0,0.14
245717.0,0.06
245720.0,0.05
245721.0,0.325
245724.0,0.085
245728.0,0.115
245738.0,0.06
245746.0,0.1
245747.0,0.15
245748.0,0.1
245766.0,0.035
245767.0,0.24
245784.0,0.06
245792.0,0.125
245802.0,0.06
245804.0,0.03
245815.0,0.04
245820.0,0.135
245830.0,0.04
245834.0,0.03
245836.0,0.055
245844.0,0.175
245853.0,0.05
245862.0,0.065
245863.0,0.18
245882.0,0.135
245892.0,0.135
245906.0,0.245
245913.0,0.09
245926.0,0.05
245932.0,0.11
245933.0,0.045
245934.0,0.05
245939.0,0.205
245948.0,0.11
245955.0,0.095
245957.0,0.035
245967.0,0.155
245979.0,0.045
245980.0,0.095
245989.0,0.12
245992.0,0.09
245994.0,0.11
246006.0,0.08
246010.0,0.08
246017.0,0.175
246041.0,0.095
246045.0,0.025
246053.0,0.09
246057.0,0.085
246059.0,0.155
246061.0,0.05
246079.0,0.04
246082.0,0.1
246089.0,0.105
246091.0,0.03
246102.0,0.105
246127.0,0.25
246134.0,0.085
246135.0,0.14
246138.0,0.305
246143.0,0.06
246146.0,0.12
246148.0,0.115
246152.0,0.225
246155.0,0.115
246164.0,0.055
246171.0,0.19
246185.0,0.08
246192.0,0.2
246200.0,0.23
246208.0,0.05
246210.0,0.07
246213.0,0.08
246214.0,0.185
246229.0,0.065
246242.0,0.07
246250.0,0.235
246258.0,0.01
246267.0,0.24
246273.0,0.095
246287.0,0.065
246289.0,0.1
246290.0,0.095
246302.0,0.03
246303.0,0.1
246304.0,0.045
246312.0,0.125
246319.0,0.38
246321.0,0.125
246335.0,0.165
246337.0,0.05
246348.0,0.07
246358.0,0.085
246362.0,0.175
246369.0,0.025
246374.0,0.11
246382.0,0.175
246384.0,0.115
246386.0,0.255
246390.0,0.25
246396.0,0.07
246400.0,0.145
246401.0,0.12
246405.0,0.175
246415.0,0.135
246416.0,0.045
246418.0,0.175
246422.0,0.025
246423.0,0.035
246426.0,0.135
246429.0,0.18
246432.0,0.075
246444.0,0.215
246448.0,0.12
246455.0,0.105
246469.0,0.065
246482.0,0.035
246488.0,0.045
246489.0,0.225
246491.0,0.15
246502.0,0.065
246516.0,0.03
246524.0,0.165
246525.0,0.12
246543.0,0.145
246550.0,0.155
246554.0,0.135
246558.0,0.04
246559.0,0.385
246560.0,0.11
246561.0,0.035
246562.0,0.045
246564.0,0.085
246585.0,0.405
246615.0,0.095
246618.0,0.105
246619.0,0.07
246621.0,0.31
246624.0,0.04
246625.0,0.035
246627.0,0.305
246628.0,0.075
246631.0,0.165
246633.0,0.055
246654.0,0.045
246660.0,0.13
246665.0,0.325
246669.0,0.09
246681.0,0.115
246700.0,0.305
246705.0,0.13
246708.0,0.13
246711.0,0.22
246724.0,0.205
246740.0,0.045
246744.0,0.215
246745.0,0.21
246746.0,0.095
246748.0,0.005
246752.0,0.28
246758.0,0.2
246762.0,0.12
246765.0,0.09
246786.0,0.11
246798.0,0.03
246807.0,0.1
246816.0,0.22
246820.0,0.135
246833.0,0.07
246835.0,0.22
246836.0,0.18
246845.0,0.155
246849.0,0.085
246857.0,0.235
246861.0,0.085
246871.0,0.035
246872.0,0.275
246877.0,0.035
246879.0,0.01
246894.0,0.26
246896.0,0.105
246905.0,0.11
246907.0,0.125
246928.0,0.055
246935.0,0.025
246939.0,0.135
246947.0,0.035
246951.0,0.035
246956.0,0.06
246972.0,0.11
246979.0,0.055
247003.0,0.27
247005.0,0.185
247006.0,0.045
247008.0,0.06
247014.0,0.195
247027.0,0.04
247032.0,0.29
247036.0,0.145
247080.0,0.045
247083.0,0.05
247086.0,0.19
247092.0,0.105
247098.0,0.095
247103.0,0.205
247105.0,0.04
247108.0,0.055
247118.0,0.11
247123.0,0.14
247129.0,0.195
247139.0,0.035
247147.0,0.045
247153.0,0.15
247157.0,0.13
247179.0,0.1
247190.0,0.155
247213.0,0.095
247220.0,0.07
247234.0,0.09
247260.0,0.06
247265.0,0.165
247269.0,0.215
247272.0,0.07
247277.0,0.055
247278.0,0.175
247280.0,0.2
247290.0,0.09
247296.0,0.09
247314.0,0.14
247316.0,0.19
247328.0,0.07
247332.0,0.07
247336.0,0.29
247340.0,0.25
247342.0,0.08
247347.0,0.135
247350.0,0.115
247351.0,0.02
247353.0,0.175
247354.0,0.07
247360.0,0.015
247371.0,0.06
247378.0,0.155
247394.0,0.15
247402.0,0.03
247406.0,0.215
247409.0,0.065
247446.0,0.115
247453.0,0.035
247455.0,0.135
247463.0,0.01
247484.0,0.04
247485.0,0.225
247492.0,0.25
247497.0,0.185
247510.0,0.1
247521.0,0.095
247527.0,0.18
247534.0,0.175
247537.0,0.075
247558.0,0.05
247559.0,0.095
247560.0,0.18
247567.0,0.35
247572.0,0.21
247582.0,0.055
247583.0,0.17
247594.0,0.135
247595.0,0.045
247597.0,0.105
247598.0,0.055
247607.0,0.125
247619.0,0.185
247632.0,0.195
247638.0,0.155
247639.0,0.28
247646.0,0.09
247655.0,0.105
247660.0,0.08
247672.0,0.08
247677.0,0.06
247682.0,0.05
247685.0,0.12
247690.0,0.105
247701.0,0.02
247708.0,0.275
247715.0,0.145
247734.0,0.05
247758.0,0.105
247761.0,0.03
247763.0,0.075
247766.0,0.03
247774.0,0.115
247775.0,0.14
247779.0,0.07
247781.0,0.175
247783.0,0.105
247785.0,0.05
247787.0,0.05
247793.0,0.04
247798.0,0.025
247802.0,0.175
247805.0,0.07
247814.0,0.025
247816.0,0.305
247834.0,0.075
247836.0,0.015
247844.0,0.27
247849.0,0.14
247852.0,0.055
247859.0,0.145
247861.0,0.285
247867.0,0.115
247868.0,0.055
247883.0,0.1
247890.0,0.07
247892.0,0.31
247896.0,0.01
247897.0,0.03
247902.0,0.19
247904.0,0.06
247909.0,0.035
247910.0,0.03
247911.0,0.14
247929.0,0.07
247930.0,0.03
247935.0,0.055
247942.0,0.225
247950.0,0.07
247951.0,0.12
247972.0,0.135
247989.0,0.105
247993.0,0.18
247995.0,0.14
248012.0,0.1
248018.0,0.12
248019.0,0.295
248036.0,0.03
248037.0,0.195
248039.0,0.08
248040.0,0.17
248043.0,0.19
248054.0,0.07
248056.0,0.085
248068.0,0.215
248075.0,0.195
248085.0,0.055
248087.0,0.085
248089.0,0.04
248095.0,0.02
248105.0,0.22
248109.0,0.065
248115.0,0.09
248131.0,0.19
248135.0,0.21
248148.0,0.12
248154.0,0.125
248156.0,0.065
248165.0,0.21
248169.0,0.075
248173.0,0.03
248179.0,0.085
248187.0,0.03
248204.0,0.065
248207.0,0.125
248210.0,0.045
248212.0,0.075
248214.0,0.055
248229.0,0.06
248236.0,0.13
248239.0,0.215
248240.0,0.145
248246.0,0.045
248249.0,0.12
248261.0,0.075
248267.0,0.125
248268.0,0.075
248272.0,0.065
248276.0,0.105
248293.0,0.09
248303.0,0.175
248307.0,0.05
248308.0,0.14
248327.0,0.055
248330.0,0.14
248345.0,0.12
248355.0,0.055
248364.0,0.135
248368.0,0.275
248373.0,0.125
248375.0,0.2
248378.0,0.07
248390.0,0.065
248394.0,0.075
248405.0,0.07
248409.0,0.085
248411.0,0.125
248415.0,0.15
248416.0,0.09
248419.0,0.245
248421.0,0.08
248422.0,0.045
248424.0,0.065
248427.0,0.06
248429.0,0.415
248435.0,0.045
248452.0,0.3
248461.0,0.1
248467.0,0.09
248472.0,0.16
248473.0,0.08
248476.0,0.135
248488.0,0.23
248489.0,0.22
248505.0,0.045
248509.0,0.09
248510.0,0.245
248512.0,0.075
248524.0,0.31
248526.0,0.11
248528.0,0.1
248533.0,0.025
248546.0,0.08
248568.0,0.12
248570.0,0.135
248579.0,0.16
248583.0,0.14
248585.0,0.035
248586.0,0.105
248596.0,0.01
248597.0,0.18
248601.0,0.06
248605.0,0.135
248613.0,0.13
248618.0,0.095
248622.0,0.115
248626.0,0.06
248627.0,0.065
248628.0,0.04
248635.0,0.095
248636.0,0.11
248644.0,0.045
248667.0,0.135
248675.0,0.145
248677.0,0.12
248693.0,0.28
248694.0,0.05
248699.0,0.03
248706.0,0.15
248726.0,0.13
248728.0,0.08
248731.0,0.135
248736.0,0.38
248738.0,0.365
248739.0,0.035
248744.0,0.15
248745.0,0.24
248756.0,0.08
248760.0,0.125
248767.0,0.235
248770.0,0.075
248772.0,0.16
248773.0,0.03
248785.0,0.04
248789.0,0.035
248791.0,0.125
248797.0,0.085
248826.0,0.055
248853.0,0.115
248854.0,0.03
248856.0,0.15
248861.0,0.09
248869.0,0.235
248871.0,0.065
248877.0,0.06
248883.0,0.245
248891.0,0.035
248892.0,0.395
248905.0,0.14
248910.0,0.07
248914.0,0.1
248921.0,0.1
248931.0,0.16
248934.0,0.095
248951.0,0.055
248954.0,0.09
248961.0,0.08
248966.0,0.035
248968.0,0.155
248977.0,0.025
248978.0,0.11
248986.0,0.29
249000.0,0.055
249005.0,0.14
249025.0,0.025
249040.0,0.195
249045.0,0.11
249056.0,0.055
249057.0,0.045
249075.0,0.115
249084.0,0.14
249089.0,0.06
249095.0,0.32
249101.0,0.27
249113.0,0.09
249116.0,0.065
249118.0,0.1
249137.0,0.12
249140.0,0.065
249149.0,0.18
249151.0,0.14
249154.0,0.08
249155.0,0.155
249171.0,0.03
249173.0,0.355
249190.0,0.04
249191.0,0.06
249197.0,0.1
249205.0,0.295
249212.0,0.155
249228.0,0.07
249235.0,0.175
249266.0,0.045
249269.0,0.1
249277.0,0.24
249298.0,0.075
249305.0,0.19
249310.0,0.13
249313.0,0.22
249320.0,0.15
249321.0,0.02
249332.0,0.025
249333.0,0.125
249339.0,0.195
249343.0,0.23
249345.0,0.13
249347.0,0.185
249348.0,0.06
249358.0,0.05
249370.0,0.31
249382.0,0.135
249397.0,0.02
249398.0,0.08
249400.0,0.17
249403.0,0.3
249412.0,0.24
249421.0,0.17
249422.0,0.095
249426.0,0.07
249445.0,0.08
249460.0,0.105
249465.0,0.025
249467.0,0.045
249481.0,0.14
249495.0,0.09
249496.0,0.17
249505.0,0.07
249507.0,0.06
249523.0,0.085
249528.0,0.165
249532.0,0.135
249534.0,0.17
249540.0,0.11
249542.0,0.245
249557.0,0.095
249559.0,0.285
249578.0,0.055
249581.0,0.025
249588.0,0.155
249595.0,0.06
249603.0,0.11
249615.0,0.13
249630.0,0.145
249636.0,0.095
249640.0,0.05
249648.0,0.05
249657.0,0.06
249661.0,0.07
249664.0,0.05
249668.0,0.26
249677.0,0.13
249681.0,0.11
249687.0,0.25
249688.0,0.205
249695.0,0.405
249703.0,0.065
249705.0,0.1
249718.0,0.18
249719.0,0.21
249720.0,0.115
249726.0,0.025
249728.0,0.175
249742.0,0.085
249764.0,0.19
249768.0,0.12
249770.0,0.07
249774.0,0.05
249779.0,0.205
249783.0,0.075
249801.0,0.325
249808.0,0.105
249818.0,0.035
249820.0,0.205
249832.0,0.175
249839.0,0.06
249843.0,0.15
249845.0,0.105
249847.0,0.1
249878.0,0.165
249883.0,0.08
249895.0,0.325
249898.0,0.1
249906.0,0.145
249909.0,0.025
249913.0,0.065
249920.0,0.19
249921.0,0.015
249928.0,0.15
249941.0,0.065
249951.0,0.065
249955.0,0.185
250020.0,0.05
250022.0,0.1
250026.0,0.09
250038.0,0.09
250045.0,0.18
250048.0,0.19
250049.0,0.195
250051.0,0.095
250056.0,0.16
250073.0,0.06
250085.0,0.07
250088.0,0.18
250091.0,0.15
250092.0,0.19
250093.0,0.09
250095.0,0.065
250098.0,0.145
250105.0,0.155
250114.0,0.33
250127.0,0.255
250134.0,0.175
250137.0,0.035
250153.0,0.095
250156.0,0.11
250176.0,0.085
250188.0,0.12
250189.0,0.07
250211.0,0.165
250212.0,0.12
250217.0,0.045
250226.0,0.125
250236.0,0.545
250237.0,0.12
250246.0,0.125
250270.0,0.345
250276.0,0.175
250299.0,0.21
250311.0,0.06
250312.0,0.245
250319.0,0.075
250324.0,0.06
250331.0,0.13
250340.0,0.165
250347.0,0.015
250354.0,0.11
250358.0,0.155
250359.0,0.025
250361.0,0.26
250363.0,0.095
250371.0,0.18
250377.0,0.125
250381.0,0.025
250391.0,0.06
250415.0,0.08
250416.0,0.205
250430.0,0.175
250431.0,0.07
250438.0,0.08
250444.0,0.09
250453.0,0.12
250458.0,0.12
250462.0,0.24
250469.0,0.08
250473.0,0.03
250481.0,0.105
250498.0,0.285
250502.0,0.26
250508.0,0.12
250514.0,0.03
250521.0,0.015
250522.0,0.35
250530.0,0.05
250531.0,0.02
250533.0,0.025
250539.0,0.095
250541.0,0.125
250545.0,0.165
250557.0,0.22
250576.0,0.115
250579.0,0.05
250585.0,0.285
250586.0,0.055
250591.0,0.195
250592.0,0.065
250596.0,0.075
250616.0,0.05
250617.0,0.03
250632.0,0.145
250636.0,0.155
250640.0,0.06
250657.0,0.215
250658.0,0.26
250661.0,0.11
250684.0,0.12
250685.0,0.055
250691.0,0.175
250692.0,0.115
250712.0,0.025
250713.0,0.065
250719.0,0.21
250737.0,0.125
250749.0,0.075
250772.0,0.1
250773.0,0.38
250774.0,0.06
250781.0,0.13
250783.0,0.055
250810.0,0.105
250814.0,0.095
250819.0,0.045
250831.0,0.105
250855.0,0.02
250867.0,0.285
250878.0,0.065
250887.0,0.03
250889.0,0.035
250890.0,0.105
250900.0,0.235
250904.0,0.08
250909.0,0.145
250913.0,0.115
250914.0,0.11
250915.0,0.13
250918.0,0.105
250922.0,0.25
250925.0,0.11
250939.0,0.145
250949.0,0.035
250956.0,0.055
250961.0,0.165
250963.0,0.16
250965.0,0.13
250968.0,0.105
250970.0,0.13
250981.0,0.14
250990.0,0.02
251001.0,0.115
251002.0,0.085
251011.0,0.35
251013.0,0.04
251021.0,0.04
251022.0,0.075
251029.0,0.02
251046.0,0.035
251047.0,0.06
251058.0,0.06
251063.0,0.11
251064.0,0.205
251073.0,0.275
251083.0,0.115
251085.0,0.12
251091.0,0.25
251096.0,0.13
251105.0,0.255
251115.0,0.13
251123.0,0.065
251133.0,0.085
251152.0,0.11
251165.0,0.155
251180.0,0.095
251196.0,0.205
251197.0,0.115
251214.0,0.015
251215.0,0.32
251217.0,0.15
251219.0,0.1
251233.0,0.04
251234.0,0.19
251245.0,0.055
251248.0,0.16
251255.0,0.06
251267.0,0.03
251272.0,0.12
251276.0,0.125
251288.0,0.13
251297.0,0.185
251298.0,0.105
251300.0,0.085
251301.0,0.045
251302.0,0.06
251303.0,0.31
251311.0,0.1
251314.0,0.125
251322.0,0.07
251324.0,0.25
251333.0,0.145
251336.0,0.215
251341.0,0.11
251346.0,0.11
251370.0,0.045
251378.0,0.16
251396.0,0.055
251401.0,0.14
251413.0,0.055
251422.0,0.05
251423.0,0.075
251434.0,0.27
251436.0,0.08
251443.0,0.12
251445.0,0.185
251455.0,0.03
251465.0,0.17
251470.0,0.085
251475.0,0.45
251488.0,0.085
251498.0,0.14
251504.0,0.11
251506.0,0.17
251530.0,0.14
251534.0,0.17
251538.0,0.225
251543.0,0.085
251557.0,0.095
251558.0,0.165
251567.0,0.065
251575.0,0.155
251579.0,0.065
251598.0,0.24
251599.0,0.145
251606.0,0.07
251608.0,0.14
251620.0,0.285
251624.0,0.13
251629.0,0.02
251631.0,0.09
251654.0,0.305
251671.0,0.05
251677.0,0.05
251682.0,0.065
251684.0,0.115
251689.0,0.075
251700.0,0.165
251716.0,0.045
251719.0,0.115
251727.0,0.11
251731.0,0.16
251732.0,0.04
251737.0,0.07
251744.0,0.065
251750.0,0.145
251754.0,0.21
251759.0,0.02
251761.0,0.21
251762.0,0.21
251765.0,0.1
251768.0,0.17
251770.0,0.05
251777.0,0.035
251786.0,0.055
251795.0,0.125
251805.0,0.12
251833.0,0.08
251839.0,0.05
251848.0,0.305
251851.0,0.125
251893.0,0.025
251909.0,0.045
251918.0,0.075
251920.0,0.1
251922.0,0.25
251923.0,0.28
251926.0,0.095
251933.0,0.055
251938.0,0.08
251948.0,0.08
251955.0,0.14
251956.0,0.1
251957.0,0.105
251964.0,0.135
251965.0,0.18
251966.0,0.055
251972.0,0.05
251980.0,0.05
252003.0,0.055
252016.0,0.165
252028.0,0.125
252032.0,0.085
252046.0,0.07
252054.0,0.05
252060.0,0.085
252073.0,0.04
252088.0,0.015
252092.0,0.035
252096.0,0.09
252113.0,0.055
252115.0,0.05
252121.0,0.03
252133.0,0.22
252135.0,0.02
252145.0,0.28
252151.0,0.005
252167.0,0.22
252169.0,0.05
252175.0,0.195
252189.0,0.14
252190.0,0.195
252191.0,0.21
252198.0,0.25
252212.0,0.16
252223.0,0.055
252224.0,0.15
252228.0,0.22
252253.0,0.055
252257.0,0.205
252261.0,0.105
252265.0,0.13
252272.0,0.115
252273.0,0.295
252286.0,0.385
252312.0,0.015
252322.0,0.23
252326.0,0.19
252332.0,0.04
252345.0,0.05
252348.0,0.095
252354.0,0.135
252358.0,0.2
252364.0,0.13
252366.0,0.225
252369.0,0.175
252374.0,0.09
252382.0,0.055
252417.0,0.235
252425.0,0.25
252426.0,0.05
252429.0,0.11
252434.0,0.34
252447.0,0.12
252450.0,0.045
252452.0,0.21
252460.0,0.035
252463.0,0.135
252465.0,0.24
252492.0,0.36
252493.0,0.155
252518.0,0.225
252522.0,0.22
252524.0,0.095
252531.0,0.085
252533.0,0.28
252540.0,0.145
252543.0,0.085
252544.0,0.07
252555.0,0.055
252558.0,0.14
252562.0,0.035
252565.0,0.195
252568.0,0.05
252569.0,0.09
252573.0,0.08
252582.0,0.065
252596.0,0.06
252599.0,0.03
252603.0,0.08
252606.0,0.055
252630.0,0.075
252636.0,0.065
252651.0,0.065
252653.0,0.045
252679.0,0.23
252682.0,0.12
252687.0,0.35
252713.0,0.03
252715.0,0.045
252721.0,0.21
252726.0,0.07
252746.0,0.015
252754.0,0.025
252760.0,0.065
252762.0,0.505
252763.0,0.14
252764.0,0.185
252768.0,0.07
252773.0,0.05
252774.0,0.155
252782.0,0.2
252784.0,0.045
252797.0,0.075
252798.0,0.035
252809.0,0.075
252819.0,0.03
252840.0,0.07
252862.0,0.075
252863.0,0.15
252865.0,0.105
252870.0,0.185
252880.0,0.115
252881.0,0.03
252888.0,0.135
252889.0,0.13
252894.0,0.12
252899.0,0.025
252911.0,0.07
252918.0,0.03
252926.0,0.08
252929.0,0.085
252932.0,0.205
252939.0,0.06
252940.0,0.08
252970.0,0.045
252971.0,0.025
252980.0,0.17
252981.0,0.085
252986.0,0.15
252990.0,0.085
253004.0,0.045
253011.0,0.13
253015.0,0.03
253022.0,0.075
253032.0,0.06
253044.0,0.225
253056.0,0.065
253065.0,0.08
253066.0,0.06
253067.0,0.1
253079.0,0.06
253088.0,0.05
253098.0,0.12
253099.0,0.235
253112.0,0.1
253113.0,0.195
253133.0,0.13
253149.0,0.055
253151.0,0.055
253153.0,0.105
253160.0,0.06
253164.0,0.105
253169.0,0.29
253177.0,0.035
253183.0,0.195
253198.0,0.115
253206.0,0.16
253214.0,0.225
253218.0,0.08
253224.0,0.045
253227.0,0.075
253231.0,0.105
253247.0,0.065
253251.0,0.21
253262.0,0.055
253264.0,0.09
253265.0,0.195
253273.0,0.165
253275.0,0.09
253278.0,0.035
253284.0,0.26
253298.0,0.065
253313.0,0.13
253317.0,0.04
253322.0,0.17
253326.0,0.09
253332.0,0.345
253338.0,0.065
253339.0,0.025
253346.0,0.05
253348.0,0.225
253350.0,0.065
253357.0,0.085
253363.0,0.155
253365.0,0.04
253369.0,0.08
253373.0,0.25
253378.0,0.055
253383.0,0.185
253392.0,0.125
253395.0,0.03
253398.0,0.065
253410.0,0.16
253419.0,0.05
253420.0,0.125
253421.0,0.16
253441.0,0.22
253442.0,0.06
253446.0,0.08
253447.0,0.18
253465.0,0.065
253488.0,0.26
253492.0,0.08
253499.0,0.42
253500.0,0.34
253501.0,0.075
253509.0,0.12
253521.0,0.07
253534.0,0.07
253544.0,0.1
253555.0,0.22
253557.0,0.18
253559.0,0.025
253583.0,0.2
253587.0,0.07
253589.0,0.125
253591.0,0.09
253596.0,0.045
253600.0,0.065
253605.0,0.04
253620.0,0.11
253628.0,0.06
253631.0,0.215
253634.0,0.075
253639.0,0.06
253641.0,0.195
253661.0,0.175
253672.0,0.2
253679.0,0.05
253683.0,0.155
253696.0,0.075
253706.0,0.135
253708.0,0.06
253712.0,0.025
253717.0,0.05
253720.0,0.125
253731.0,0.08
253734.0,0.275
253743.0,0.08
253744.0,0.025
253748.0,0.07
253754.0,0.04
253761.0,0.145
253787.0,0.2
253788.0,0.04
253796.0,0.25
253826.0,0.185
253829.0,0.1
253837.0,0.17
253841.0,0.18
253843.0,0.065
253844.0,0.17
253845.0,0.08
253849.0,0.24
253854.0,0.085
253861.0,0.065
253863.0,0.065
253875.0,0.185
253891.0,0.13
253894.0,0.16
253895.0,0.38
253918.0,0.225
253930.0,0.055
253939.0,0.105
253940.0,0.115
253945.0,0.195
253950.0,0.025
253951.0,0.05
253964.0,0.175
253967.0,0.11
253975.0,0.5
253986.0,0.115
253998.0,0.26
254017.0,0.055
254025.0,0.15
254026.0,0.035
254031.0,0.115
254035.0,0.04
254040.0,0.09
254042.0,0.035
254047.0,0.085
254051.0,0.25
254056.0,0.1
254060.0,0.07
254068.0,0.11
254073.0,0.285
254088.0,0.065
254100.0,0.07
254110.0,0.18
254115.0,0.075
254116.0,0.315
254125.0,0.065
254130.0,0.04
254135.0,0.195
254149.0,0.13
254161.0,0.055
254167.0,0.12
254176.0,0.135
254205.0,0.05
254226.0,0.03
254228.0,0.125
254238.0,0.06
254242.0,0.435
254257.0,0.445
254261.0,0.16
254280.0,0.09
254295.0,0.06
254316.0,0.155
254325.0,0.145
254326.0,0.16
254327.0,0.095
254335.0,0.08
254342.0,0.135
254347.0,0.305
254355.0,0.09
254358.0,0.06
254359.0,0.035
254368.0,0.065
254376.0,0.165
254382.0,0.135
254383.0,0.19
254390.0,0.09
254392.0,0.14
254394.0,0.015
254400.0,0.025
254406.0,0.12
254411.0,0.005
254421.0,0.23
254435.0,0.175
254437.0,0.09
254440.0,0.025
254460.0,0.21
254470.0,0.035
254471.0,0.175
254472.0,0.055
254483.0,0.275
254493.0,0.005
254513.0,0.055
254518.0,0.22
254520.0,0.31
254534.0,0.125
254537.0,0.14
254562.0,0.09
254567.0,0.06
254577.0,0.2
254578.0,0.05
254580.0,0.205
254586.0,0.1
254591.0,0.105
254593.0,0.025
254597.0,0.17
254599.0,0.055
254613.0,0.07
254629.0,0.155
254631.0,0.05
254633.0,0.075
254639.0,0.11
254642.0,0.135
254650.0,0.21
254659.0,0.11
254662.0,0.175
254671.0,0.265
254672.0,0.025
254674.0,0.215
254676.0,0.32
254679.0,0.03
254701.0,0.06
254722.0,0.035
254728.0,0.03
254742.0,0.075
254748.0,0.055
254750.0,0.025
254751.0,0.055
254753.0,0.15
254773.0,0.255
254783.0,0.035
254805.0,0.075
254806.0,0.24
254810.0,0.075
254817.0,0.06
254820.0,0.045
254829.0,0.19
254835.0,0.045
254837.0,0.11
254843.0,0.155
254850.0,0.155
254858.0,0.1
254861.0,0.095
254884.0,0.035
254885.0,0.145
254890.0,0.04
254910.0,0.215
254916.0,0.155
254917.0,0.095
254920.0,0.04
254926.0,0.04
254928.0,0.075
254930.0,0.07
254937.0,0.15
254940.0,0.05
254953.0,0.24
254956.0,0.02
254969.0,0.105
254982.0,0.15
254988.0,0.12
254998.0,0.04
255013.0,0.23
255017.0,0.105
255018.0,0.045
255029.0,0.075
255033.0,0.3
255035.0,0.255
255061.0,0.265
255067.0,0.01
255068.0,0.1
255070.0,0.28
255084.0,0.03
255096.0,0.13
255106.0,0.06
255114.0,0.165
255117.0,0.055
255135.0,0.095
255142.0,0.13
255143.0,0.105
255146.0,0.15
255155.0,0.085
255156.0,0.19
255158.0,0.03
255167.0,0.075
255172.0,0.05
255199.0,0.06
255204.0,0.03
255206.0,0.11
255210.0,0.095
255226.0,0.115
255230.0,0.145
255253.0,0.1
255259.0,0.05
255260.0,0.12
255278.0,0.115
255288.0,0.075
255312.0,0.105
255317.0,0.025
255319.0,0.105
255320.0,0.215
255322.0,0.095
255332.0,0.14
255337.0,0.13
255344.0,0.02
255347.0,0.14
255348.0,0.095
255351.0,0.115
255366.0,0.09
255371.0,0.02
255372.0,0.085
255373.0,0.245
255377.0,0.12
255378.0,0.205
255405.0,0.075
255408.0,0.14
255425.0,0.165
255434.0,0.185
255441.0,0.08
255442.0,0.215
255451.0,0.245
255486.0,0.035
255490.0,0.385
255493.0,0.065
255501.0,0.155
255503.0,0.065
255515.0,0.19
255522.0,0.08
255526.0,0.125
255538.0,0.17
255541.0,0.06
255546.0,0.17
255549.0,0.08
255557.0,0.015
255564.0,0.205
255568.0,0.08
255572.0,0.075
255581.0,0.065
255585.0,0.06
255586.0,0.275
255596.0,0.195
255598.0,0.06
255600.0,0.16
255619.0,0.19
255620.0,0.01
255623.0,0.095
255631.0,0.06
255632.0,0.23
255633.0,0.24
255646.0,0.125
255647.0,0.135
255649.0,0.07
255659.0,0.11
255666.0,0.07
255669.0,0.23
255674.0,0.09
255675.0,0.035
255678.0,0.15
255682.0,0.3
255690.0,0.32
255691.0,0.015
255694.0,0.185
255706.0,0.105
255717.0,0.055
255720.0,0.02
255723.0,0.17
255724.0,0.13
255729.0,0.05
255731.0,0.13
255733.0,0.065
255734.0,0.13
255738.0,0.105
255760.0,0.03
255766.0,0.06
255770.0,0.025
255772.0,0.055
255775.0,0.125
255776.0,0.055
255786.0,0.05
255795.0,0.085
255797.0,0.175
255810.0,0.1
255813.0,0.055
255829.0,0.14
255830.0,0.025
255832.0,0.105
255847.0,0.08
255853.0,0.13
255876.0,0.035
255881.0,0.03
255883.0,0.02
255891.0,0.06
255899.0,0.085
255900.0,0.125
255906.0,0.195
255907.0,0.15
255911.0,0.075
255921.0,0.085
255925.0,0.175
255930.0,0.17
255941.0,0.025
255948.0,0.03
255969.0,0.205
255973.0,0.205
255974.0,0.07
255976.0,0.185
255977.0,0.1
255978.0,0.09
255981.0,0.17
255988.0,0.085
255990.0,0.07
255992.0,0.13
255998.0,0.05
256015.0,0.235
256016.0,0.15
256036.0,0.025
256045.0,0.08
256050.0,0.195
256066.0,0.24
256076.0,0.37
256080.0,0.025
256083.0,0.195
256086.0,0.085
256103.0,0.08
256108.0,0.05
256114.0,0.14
256115.0,0.2
256139.0,0.095
256141.0,0.05
256146.0,0.065
256150.0,0.115
256177.0,0.075
256179.0,0.135
256194.0,0.08
256195.0,0.145
256200.0,0.3
256204.0,0.06
256205.0,0.305
256213.0,0.195
256222.0,0.045
256224.0,0.095
256235.0,0.12
256264.0,0.04
256268.0,0.16
256276.0,0.085
256277.0,0.045
256282.0,0.035
256285.0,0.02
256293.0,0.07
256294.0,0.08
256296.0,0.21
256297.0,0.05
256315.0,0.095
256317.0,0.11
256334.0,0.275
256339.0,0.075
256342.0,0.295
256345.0,0.14
256348.0,0.205
256350.0,0.15
256351.0,0.105
256357.0,0.115
256375.0,0.235
256377.0,0.17
256379.0,0.12
256392.0,0.03
256398.0,0.02
256419.0,0.085
256422.0,0.065
256424.0,0.02
256431.0,0.02
256432.0,0.075
256438.0,0.265
256459.0,0.025
256460.0,0.185
256506.0,0.275
256507.0,0.12
256511.0,0.075
256513.0,0.2
256519.0,0.1
256533.0,0.07
256539.0,0.125
256590.0,0.165
256606.0,0.22
256614.0,0.17
256642.0,0.125
256644.0,0.055
256653.0,0.09
256663.0,0.04
256666.0,0.105
256669.0,0.125
256678.0,0.12
256685.0,0.215
256705.0,0.07
256708.0,0.08
256713.0,0.095
256715.0,0.145
256718.0,0.145
256745.0,0.18
256752.0,0.11
256753.0,0.09
256754.0,0.08
256763.0,0.075
256772.0,0.135
256773.0,0.15
256774.0,0.175
256776.0,0.235
256783.0,0.21
256790.0,0.08
256801.0,0.18
256802.0,0.225
256803.0,0.14
256808.0,0.035
256809.0,0.145
256810.0,0.11
256818.0,0.09
256824.0,0.035
256825.0,0.1
256826.0,0.04
256829.0,0.055
256834.0,0.06
256843.0,0.34
256866.0,0.285
256875.0,0.08
256876.0,0.07
256887.0,0.11
256888.0,0.04
256894.0,0.045
256909.0,0.03
256918.0,0.195
256927.0,0.115
256931.0,0.015
256933.0,0.165
256937.0,0.22
256950.0,0.165
256955.0,0.065
256962.0,0.095
256972.0,0.005
256985.0,0.235
256987.0,0.105
256993.0,0.025
257000.0,0.15
257017.0,0.02
257019.0,0.14
257020.0,0.175
257022.0,0.07
257023.0,0.06
257025.0,0.145
257050.0,0.155
257056.0,0.06
257060.0,0.205
257064.0,0.085
257066.0,0.025
257071.0,0.16
257073.0,0.035
257076.0,0.04
257084.0,0.1
257088.0,0.195
257102.0,0.16
257118.0,0.07
257119.0,0.1
257120.0,0.1
257131.0,0.1
257145.0,0.23
257150.0,0.14
257154.0,0.115
257169.0,0.235
257192.0,0.27
257200.0,0.06
257204.0,0.07
257205.0,0.135
257213.0,0.175
257216.0,0.015
257219.0,0.055
257232.0,0.105
257234.0,0.14
257244.0,0.25
257251.0,0.03
257255.0,0.07
257260.0,0.035
257263.0,0.275
257267.0,0.085
257277.0,0.04
257293.0,0.115
257294.0,0.095
257304.0,0.03
257307.0,0.015
257312.0,0.12
257324.0,0.265
257325.0,0.19
257326.0,0.09
257353.0,0.055
257354.0,0.055
257369.0,0.075
257372.0,0.05
257375.0,0.065
257388.0,0.145
257393.0,0.07
257395.0,0.065
257399.0,0.125
257406.0,0.15
257409.0,0.115
257437.0,0.13
257441.0,0.08
257442.0,0.155
257473.0,0.065
257476.0,0.105
257477.0,0.285
257483.0,0.2
257500.0,0.125
257506.0,0.135
257508.0,0.06
257511.0,0.14
257514.0,0.02
257527.0,0.175
257528.0,0.075
257545.0,0.09
257546.0,0.125
257548.0,0.065
257551.0,0.075
257564.0,0.085
257565.0,0.115
257567.0,0.16
257572.0,0.045
257575.0,0.125
257577.0,0.54
257578.0,0.025
257585.0,0.03
257589.0,0.23
257590.0,0.145
257594.0,0.085
257596.0,0.045
257614.0,0.245
257618.0,0.14
257624.0,0.32
257632.0,0.04
257638.0,0.075
257644.0,0.165
257650.0,0.09
257653.0,0.075
257660.0,0.285
257663.0,0.14
257665.0,0.115
257677.0,0.215
257678.0,0.055
257690.0,0.185
257700.0,0.115
257711.0,0.14
257712.0,0.255
257715.0,0.04
257718.0,0.035
257720.0,0.215
257740.0,0.15
257748.0,0.07
257765.0,0.125
257768.0,0.18
257777.0,0.05
257778.0,0.07
257785.0,0.22
257789.0,0.1
257794.0,0.13
257796.0,0.09
257821.0,0.055
257823.0,0.355
257832.0,0.045
257844.0,0.5
257848.0,0.185
257854.0,0.05
257861.0,0.335
257872.0,0.075
257875.0,0.125
257876.0,0.16
257883.0,0.07
257888.0,0.125
257895.0,0.22
257900.0,0.32
257906.0,0.02
257907.0,0.285
257920.0,0.295
257921.0,0.15
257926.0,0.035
257932.0,0.07
257940.0,0.06
257947.0,0.195
257953.0,0.16
257958.0,0.035
257967.0,0.18
257977.0,0.075
257986.0,0.005
258012.0,0.26
258013.0,0.08
258031.0,0.055
258034.0,0.045
258037.0,0.26
258051.0,0.25
258056.0,0.045
258058.0,0.13
258066.0,0.095
258074.0,0.18
258077.0,0.03
258090.0,0.14
258109.0,0.03
258114.0,0.1
258124.0,0.11
258127.0,0.2
258141.0,0.025
258148.0,0.08
258151.0,0.185
258163.0,0.15
258166.0,0.045
258169.0,0.055
258179.0,0.23
258190.0,0.205
258193.0,0.085
258207.0,0.325
258220.0,0.075
258222.0,0.18
258223.0,0.07
258225.0,0.05
258227.0,0.03
258231.0,0.23
258233.0,0.22
258249.0,0.03
258255.0,0.075
258259.0,0.13
258276.0,0.02
258281.0,0.305
258302.0,0.04
258305.0,0.115
258310.0,0.055
258334.0,0.13
258335.0,0.13
258338.0,0.035
258345.0,0.06
258360.0,0.02
258363.0,0.12
258381.0,0.195
258384.0,0.09
258387.0,0.04
258400.0,0.175
258402.0,0.1
258406.0,0.38
258408.0,0.2
258432.0,0.045
258443.0,0.015
258461.0,0.035
258488.0,0.335
258489.0,0.08
258508.0,0.105
258524.0,0.035
258527.0,0.025
258545.0,0.065
258549.0,0.075
258560.0,0.275
258565.0,0.08
258567.0,0.09
258575.0,0.09
258590.0,0.03
258591.0,0.065
258592.0,0.04
258603.0,0.105
258606.0,0.125
258610.0,0.2
258627.0,0.16
258631.0,0.045
258637.0,0.16
258638.0,0.09
258640.0,0.1
258645.0,0.025
258651.0,0.125
258652.0,0.175
258653.0,0.13
258662.0,0.15
258663.0,0.095
258671.0,0.025
258679.0,0.075
258685.0,0.09
258686.0,0.29
258697.0,0.105
258705.0,0.225
258723.0,0.215
258724.0,0.05
258734.0,0.03
258763.0,0.14
258764.0,0.11
258771.0,0.09
258773.0,0.05
258782.0,0.32
258784.0,0.03
258790.0,0.08
258811.0,0.065
258817.0,0.1
258818.0,0.155
258832.0,0.23
258837.0,0.255
258841.0,0.19
258842.0,0.08
258843.0,0.25
258860.0,0.06
258875.0,0.1
258881.0,0.06
258887.0,0.015
258889.0,0.13
258924.0,0.25
258925.0,0.19
258948.0,0.05
258949.0,0.045
258963.0,0.145
258964.0,0.055
258966.0,0.385
258973.0,0.09
258974.0,0.05
258979.0,0.11
258989.0,0.11
258997.0,0.07
259001.0,0.035
259013.0,0.165
259018.0,0.36
259020.0,0.29
259031.0,0.11
259044.0,0.28
259050.0,0.245
259064.0,0.085
259078.0,0.13
259088.0,0.285
259124.0,0.085
259125.0,0.095
259135.0,0.06
259137.0,0.115
259146.0,0.045
259148.0,0.35
259168.0,0.125
259178.0,0.035
259194.0,0.045
259198.0,0.06
259204.0,0.065
259209.0,0.09
259223.0,0.05
259228.0,0.07
259234.0,0.34
259237.0,0.085
259246.0,0.095
259247.0,0.04
259249.0,0.115
259264.0,0.055
259274.0,0.18
259281.0,0.145
259283.0,0.165
259284.0,0.09
259285.0,0.175
259286.0,0.045
259291.0,0.195
259304.0,0.085
259309.0,0.06
259322.0,0.07
259323.0,0.28
259331.0,0.17
259339.0,0.125
259344.0,0.125
259350.0,0.165
259353.0,0.07
259356.0,0.1
259365.0,0.2
259377.0,0.165
259397.0,0.035
259403.0,0.23
259411.0,0.02
259415.0,0.055
259420.0,0.12
259423.0,0.2
259424.0,0.045
259431.0,0.025
259434.0,0.12
259438.0,0.19
259439.0,0.085
259441.0,0.06
259452.0,0.095
259460.0,0.07
259471.0,0.1
259483.0,0.16
259494.0,0.09
259496.0,0.06
259500.0,0.235
259512.0,0.185
259526.0,0.11
259528.0,0.03
259548.0,0.02
259568.0,0.065
259593.0,0.13
259603.0,0.08
259611.0,0.02
259620.0,0.21
259621.0,0.34
259623.0,0.155
259633.0,0.115
259648.0,0.035
259678.0,0.04
259691.0,0.075
259693.0,0.115
259708.0,0.165
259720.0,0.18
259734.0,0.04
259741.0,0.185
259749.0,0.06
259750.0,0.01
259752.0,0.08
259755.0,0.085
259759.0,0.145
259776.0,0.075
259779.0,0.105
259790.0,0.095
259797.0,0.015
259799.0,0.03
259804.0,0.105
259807.0,0.125
259810.0,0.115
259811.0,0.23
259822.0,0.04
259833.0,0.065
259838.0,0.065
259844.0,0.24
259846.0,0.15
259848.0,0.07
259861.0,0.185
259867.0,0.1
259876.0,0.135
259880.0,0.095
259897.0,0.19
259908.0,0.1
259912.0,0.11
259920.0,0.325
259922.0,0.04
259928.0,0.12
259932.0,0.03
259946.0,0.06
259962.0,0.215
259982.0,0.065
259985.0,0.04
259994.0,0.15
259996.0,0.245
260000.0,0.1
260007.0,0.39
260018.0,0.12
260021.0,0.13
260038.0,0.05
260051.0,0.325
260052.0,0.055
260070.0,0.08
260074.0,0.085
260080.0,0.095
260092.0,0.04
260097.0,0.01
260101.0,0.05
260108.0,0.03
260117.0,0.095
260129.0,0.025
260142.0,0.015
260145.0,0.04
260146.0,0.125
260147.0,0.155
260148.0,0.3
260153.0,0.095
260156.0,0.05
260171.0,0.055
260202.0,0.015
260221.0,0.12
260222.0,0.165
260226.0,0.14
260227.0,0.185
260247.0,0.065
260251.0,0.07
260261.0,0.05
260264.0,0.03
260266.0,0.065
260268.0,0.105
260289.0,0.09
260301.0,0.095
260316.0,0.13
260348.0,0.06
260359.0,0.115
260364.0,0.23
260391.0,0.145
260422.0,0.1
260435.0,0.12
260438.0,0.085
260446.0,0.05
260447.0,0.105
260458.0,0.075
260461.0,0.27
260469.0,0.13
260471.0,0.17
260482.0,0.235
260484.0,0.075
260487.0,0.195
260489.0,0.145
260500.0,0.07
260508.0,0.07
260509.0,0.145
260512.0,0.25
260525.0,0.055
260530.0,0.125
260533.0,0.12
260538.0,0.18
260541.0,0.275
260546.0,0.125
260551.0,0.06
260556.0,0.235
260561.0,0.055
260566.0,0.05
260572.0,0.13
260579.0,0.145
260582.0,0.205
260583.0,0.055
260584.0,0.135
260586.0,0.14
260589.0,0.155
260608.0,0.18
260632.0,0.09
260634.0,0.075
260635.0,0.135
260645.0,0.085
260659.0,0.14
260665.0,0.195
260673.0,0.085
260675.0,0.175
260676.0,0.11
260700.0,0.375
260721.0,0.295
260723.0,0.14
260732.0,0.095
260738.0,0.07
260748.0,0.09
260782.0,0.23
260806.0,0.07
260820.0,0.07
260825.0,0.11
260830.0,0.05
260844.0,0.075
260858.0,0.16
260860.0,0.13
260863.0,0.195
260867.0,0.05
260875.0,0.12
260877.0,0.19
260902.0,0.32
260910.0,0.085
260913.0,0.06
260923.0,0.035
260926.0,0.225
260936.0,0.105
260937.0,0.265
260948.0,0.275
260949.0,0.09
260959.0,0.11
260962.0,0.35
260986.0,0.15
260988.0,0.08
260992.0,0.23
260997.0,0.075
261007.0,0.145
261031.0,0.05
261039.0,0.23
261044.0,0.03
261055.0,0.13
261058.0,0.07
261069.0,0.09
261079.0,0.175
261084.0,0.04
261097.0,0.35
261101.0,0.13
261111.0,0.19
261115.0,0.065
261116.0,0.415
261121.0,0.08
261124.0,0.105
261126.0,0.09
261132.0,0.135
261161.0,0.04
261162.0,0.145
261175.0,0.11
261187.0,0.1
261191.0,0.055
261195.0,0.065
261197.0,0.165
261204.0,0.05
261231.0,0.095
261248.0,0.015
261263.0,0.14
261268.0,0.115
261273.0,0.14
261274.0,0.09
261277.0,0.19
261283.0,0.025
261293.0,0.1
261302.0,0.265
261309.0,0.09
261318.0,0.05
261340.0,0.235
261346.0,0.075
261355.0,0.11
261357.0,0.06
261365.0,0.145
261366.0,0.22
261376.0,0.06
261380.0,0.125
261385.0,0.335
261403.0,0.085
261416.0,0.245
261424.0,0.105
261425.0,0.11
261431.0,0.025
261433.0,0.08
261435.0,0.165
261440.0,0.05
261450.0,0.04
261456.0,0.21
261464.0,0.13
261465.0,0.165
261473.0,0.095
261475.0,0.115
261476.0,0.165
261480.0,0.05
261481.0,0.025
261495.0,0.095
261500.0,0.125
261506.0,0.085
261544.0,0.07
261551.0,0.11
261566.0,0.31
261573.0,0.16
261587.0,0.075
261592.0,0.055
261594.0,0.02
261626.0,0.02
261635.0,0.045
261649.0,0.055
261653.0,0.08
261660.0,0.12
261668.0,0.145
261669.0,0.115
261676.0,0.065
261688.0,0.045
261691.0,0.05
261699.0,0.025
261704.0,0.075
261718.0,0.285
261719.0,0.165
261735.0,0.075
261742.0,0.025
261746.0,0.305
261749.0,0.14
261759.0,0.12
261763.0,0.095
261772.0,0.045
261795.0,0.09
261798.0,0.16
261804.0,0.045
261806.0,0.06
261813.0,0.255
261814.0,0.13
261827.0,0.03
261835.0,0.035
261839.0,0.145
261840.0,0.16
261845.0,0.075
261846.0,0.05
261850.0,0.025
261853.0,0.045
261870.0,0.15
261871.0,0.075
261883.0,0.32
261885.0,0.195
261888.0,0.21
261892.0,0.035
261895.0,0.045
261906.0,0.09
261912.0,0.335
261918.0,0.01
261926.0,0.035
261930.0,0.04
261947.0,0.05
261956.0,0.05
261958.0,0.16
261960.0,0.155
261961.0,0.215
261965.0,0.07
261967.0,0.18
261968.0,0.025
261974.0,0.13
261980.0,0.18
261981.0,0.12
261983.0,0.12
261992.0,0.125
261998.0,0.13
262002.0,0.13
262006.0,0.09
262014.0,0.045
262017.0,0.115
262021.0,0.18
262038.0,0.23
262040.0,0.035
262043.0,0.125
262052.0,0.12
262054.0,0.105
262056.0,0.045
262058.0,0.05
262062.0,0.17
262065.0,0.15
262067.0,0.195
262070.0,0.125
262078.0,0.04
262084.0,0.12
262091.0,0.43
262092.0,0.185
262112.0,0.115
262114.0,0.11
262132.0,0.05
262140.0,0.33
262152.0,0.27
262159.0,0.055
262172.0,0.1
262180.0,0.095
262181.0,0.16
262188.0,0.175
262202.0,0.055
262206.0,0.14
262213.0,0.165
262227.0,0.245
262239.0,0.11
262243.0,0.04
262246.0,0.05
262251.0,0.055
262269.0,0.04
262272.0,0.03
262276.0,0.195
262277.0,0.08
262278.0,0.215
262281.0,0.035
262298.0,0.05
262308.0,0.04
262316.0,0.04
262320.0,0.06
262321.0,0.13
262337.0,0.29
262354.0,0.23
262362.0,0.1
262364.0,0.08
262365.0,0.015
262372.0,0.095
262373.0,0.105
262380.0,0.135
262392.0,0.085
262399.0,0.06
262407.0,0.165
262418.0,0.29
262429.0,0.22
262430.0,0.03
262446.0,0.125
262455.0,0.015
262459.0,0.16
262475.0,0.06
262478.0,0.245
262492.0,0.06
262520.0,0.14
262535.0,0.11
262537.0,0.075
262538.0,0.18
262541.0,0.01
262554.0,0.295
262559.0,0.095
262561.0,0.17
262562.0,0.04
262575.0,0.125
262576.0,0.11
262579.0,0.01
262581.0,0.2
262590.0,0.09
262599.0,0.055
262607.0,0.07
262608.0,0.06
262613.0,0.135
262620.0,0.035
262621.0,0.31
262622.0,0.05
262623.0,0.14
262629.0,0.06
262633.0,0.055
262650.0,0.07
262655.0,0.15
262659.0,0.145
262660.0,0.18
262663.0,0.08
262665.0,0.055
262666.0,0.14
262679.0,0.035
262681.0,0.23
262702.0,0.13
262705.0,0.12
262716.0,0.04
262725.0,0.265
262732.0,0.04
262743.0,0.08
262749.0,0.18
262752.0,0.11
262756.0,0.09
262758.0,0.125
262772.0,0.3
262784.0,0.045
262791.0,0.095
262793.0,0.26
262802.0,0.275
262814.0,0.085
262817.0,0.07
262820.0,0.02
262827.0,0.06
262832.0,0.035
262845.0,0.03
262847.0,0.115
262859.0,0.195
262862.0,0.13
262864.0,0.095
262865.0,0.19
262887.0,0.005
262914.0,0.075
262939.0,0.11
262943.0,0.095
262958.0,0.22
262963.0,0.1
262970.0,0.17
262979.0,0.315
262986.0,0.035
263004.0,0.065
263015.0,0.08
263016.0,0.095
263028.0,0.16
263029.0,0.32
263031.0,0.055
263044.0,0.1
263046.0,0.135
263056.0,0.115
263059.0,0.09
263061.0,0.275
263077.0,0.1
263087.0,0.105
263105.0,0.075
263116.0,0.095
263120.0,0.085
263127.0,0.415
263137.0,0.105
263166.0,0.07
263175.0,0.125
263184.0,0.12
263185.0,0.185
263205.0,0.085
263208.0,0.05
263210.0,0.175
263220.0,0.12
263224.0,0.22
263228.0,0.13
263240.0,0.08
263243.0,0.165
263288.0,0.08
263290.0,0.17
263306.0,0.035
263312.0,0.075
263319.0,0.08
263326.0,0.04
263331.0,0.215
263339.0,0.145
263347.0,0.045
263353.0,0.035
263355.0,0.19
263368.0,0.13
263408.0,0.085
263414.0,0.045
263421.0,0.045
263440.0,0.11
263458.0,0.055
263460.0,0.11
263475.0,0.05
263477.0,0.065
263479.0,0.075
263489.0,0.115
263492.0,0.325
263493.0,0.15
263498.0,0.04
263510.0,0.095
263513.0,0.045
263514.0,0.065
263517.0,0.25
263518.0,0.05
263548.0,0.04
263561.0,0.15
263564.0,0.135
263565.0,0.17
263576.0,0.035
263580.0,0.175
263582.0,0.025
263584.0,0.035
263593.0,0.31
263594.0,0.12
263598.0,0.06
263602.0,0.115
263611.0,0.07
263640.0,0.265
263642.0,0.075
263643.0,0.125
263646.0,0.155
263658.0,0.09
263664.0,0.025
263683.0,0.06
263703.0,0.125
263705.0,0.225
263709.0,0.005
263715.0,0.08
263728.0,0.13
263732.0,0.055
263735.0,0.07
263748.0,0.17
263750.0,0.035
263751.0,0.2
263759.0,0.075
263763.0,0.06
263765.0,0.025
263780.0,0.055
263783.0,0.075
263786.0,0.18
263794.0,0.145
263799.0,0.015
263802.0,0.095
263803.0,0.265
263820.0,0.07
263846.0,0.18
263857.0,0.09
263858.0,0.1
263860.0,0.12
263864.0,0.125
263870.0,0.01
263879.0,0.05
263881.0,0.11
263882.0,0.065
263895.0,0.13
263909.0,0.215
263918.0,0.09
263940.0,0.09
263945.0,0.025
263946.0,0.165
263947.0,0.155
263948.0,0.125
263962.0,0.18
263972.0,0.305
263974.0,0.055
263981.0,0.08
263984.0,0.125
263992.0,0.325
264001.0,0.05
264007.0,0.13
264010.0,0.03
264011.0,0.225
264015.0,0.05
264023.0,0.3
264030.0,0.055
264033.0,0.07
264037.0,0.065
264043.0,0.03
264044.0,0.09
264045.0,0.41
264050.0,0.045
264055.0,0.135
264059.0,0.075
264060.0,0.2
264062.0,0.13
264069.0,0.135
264077.0,0.05
264078.0,0.03
264087.0,0.0
264094.0,0.135
264095.0,0.335
264112.0,0.14
264113.0,0.14
264131.0,0.03
264145.0,0.08
264148.0,0.09
264157.0,0.205
264161.0,0.035
264173.0,0.17
264188.0,0.025
264195.0,0.115
264198.0,0.15
264199.0,0.05
264207.0,0.1
264209.0,0.065
264226.0,0.055
264227.0,0.14
264243.0,0.175
264246.0,0.4
264252.0,0.075
264254.0,0.165
264259.0,0.085
264274.0,0.125
264280.0,0.31
264285.0,0.015
264299.0,0.105
264331.0,0.015
264334.0,0.02
264338.0,0.065
264341.0,0.06
264344.0,0.205
264347.0,0.395
264350.0,0.1
264360.0,0.1
264365.0,0.065
264367.0,0.08
264378.0,0.095
264381.0,0.19
264397.0,0.065
264401.0,0.205
264405.0,0.045
264417.0,0.17
264422.0,0.17
264423.0,0.275
264424.0,0.085
264436.0,0.3
264441.0,0.055
264451.0,0.095
264453.0,0.11
264457.0,0.065
264460.0,0.045
264464.0,0.195
264469.0,0.19
264485.0,0.065
264491.0,0.105
264505.0,0.09
264535.0,0.24
264538.0,0.19
264541.0,0.055
264544.0,0.105
264545.0,0.085
264549.0,0.185
264557.0,0.2
264563.0,0.17
264569.0,0.065
264574.0,0.23
264587.0,0.23
264608.0,0.07
264610.0,0.235
264621.0,0.075
264627.0,0.07
264642.0,0.29
264644.0,0.035
264655.0,0.08
264660.0,0.105
264667.0,0.11
264691.0,0.17
264694.0,0.265
264695.0,0.02
264700.0,0.025
264709.0,0.06
264712.0,0.15
264714.0,0.055
264722.0,0.03
264728.0,0.03
264742.0,0.145
264744.0,0.05
264748.0,0.06
264760.0,0.11
264763.0,0.11
264771.0,0.21
264773.0,0.025
264782.0,0.225
264786.0,0.145
264787.0,0.08
264809.0,0.08
264811.0,0.05
264822.0,0.085
264823.0,0.27
264831.0,0.07
264834.0,0.135
264841.0,0.075
264848.0,0.16
264849.0,0.2
264863.0,0.305
264867.0,0.06
264874.0,0.13
264875.0,0.055
264877.0,0.035
264897.0,0.1
264900.0,0.225
264906.0,0.07
264909.0,0.14
264913.0,0.035
264922.0,0.11
264924.0,0.025
264927.0,0.195
264935.0,0.075
264938.0,0.3
264968.0,0.035
264975.0,0.245
264979.0,0.025
264989.0,0.09
265001.0,0.2
265009.0,0.12
265014.0,0.11
265016.0,0.145
265027.0,0.265
265049.0,0.075
265061.0,0.265
265062.0,0.06
265068.0,0.03
265072.0,0.17
265100.0,0.025
265105.0,0.05
265106.0,0.07
265110.0,0.08
265123.0,0.035
265126.0,0.27
265131.0,0.25
265134.0,0.165
265144.0,0.105
265146.0,0.325
265154.0,0.16
265164.0,0.175
265170.0,0.09
265172.0,0.025
265173.0,0.07
265178.0,0.125
265187.0,0.215
265191.0,0.165
265194.0,0.205
265216.0,0.125
265228.0,0.035
265231.0,0.04
265232.0,0.035
265233.0,0.04
265242.0,0.135
265243.0,0.04
265246.0,0.055
265259.0,0.18
265265.0,0.275
265266.0,0.07
265268.0,0.14
265280.0,0.035
265287.0,0.06
265297.0,0.1
265298.0,0.195
265300.0,0.1
265301.0,0.215
265305.0,0.36
265307.0,0.055
265314.0,0.135
265320.0,0.05
265331.0,0.16
265333.0,0.2
265336.0,0.035
265337.0,0.27
265344.0,0.07
265346.0,0.045
265371.0,0.045
265380.0,0.09
265386.0,0.07
265389.0,0.12
265409.0,0.2
265414.0,0.055
265415.0,0.055
265419.0,0.07
265422.0,0.085
265457.0,0.125
265461.0,0.15
265463.0,0.14
265468.0,0.255
265474.0,0.21
265478.0,0.02
265480.0,0.405
265488.0,0.135
265493.0,0.085
265510.0,0.215
265519.0,0.105
265521.0,0.165
265529.0,0.11
265533.0,0.27
265577.0,0.14
265591.0,0.215
265596.0,0.23
265607.0,0.09
265618.0,0.25
265619.0,0.09
265620.0,0.085
265628.0,0.09
265661.0,0.04
265669.0,0.115
265680.0,0.225
265707.0,0.16
265714.0,0.08
265716.0,0.035
265717.0,0.12
265718.0,0.14
265723.0,0.12
265730.0,0.055
265732.0,0.065
265744.0,0.19
265751.0,0.165
265760.0,0.175
265777.0,0.15
265783.0,0.09
265791.0,0.125
265792.0,0.07
265797.0,0.17
265798.0,0.05
265806.0,0.135
265815.0,0.1
265816.0,0.165
265821.0,0.13
265833.0,0.03
265854.0,0.12
265856.0,0.13
265858.0,0.09
265862.0,0.16
265863.0,0.1
265879.0,0.115
265881.0,0.06
265894.0,0.095
265895.0,0.485
265896.0,0.06
265898.0,0.09
265900.0,0.155
265907.0,0.04
265910.0,0.175
265917.0,0.09
265941.0,0.135
265955.0,0.07
265957.0,0.135
265961.0,0.02
265966.0,0.05
265969.0,0.245
265974.0,0.1
265976.0,0.075
265979.0,0.165
265985.0,0.07
265988.0,0.075
265990.0,0.385
265991.0,0.08
265993.0,0.08
265995.0,0.2
266009.0,0.32
266010.0,0.08
266014.0,0.215
266020.0,0.095
266022.0,0.155
266029.0,0.18
266045.0,0.06
266057.0,0.185
266060.0,0.24
266065.0,0.095
266071.0,0.04
266072.0,0.06
266074.0,0.025
266076.0,0.1
266089.0,0.145
266091.0,0.11
266097.0,0.08
266099.0,0.22
266106.0,0.185
266117.0,0.215
266120.0,0.1
266129.0,0.04
266132.0,0.145
266139.0,0.475
266140.0,0.195
266141.0,0.11
266146.0,0.23
266149.0,0.05
266159.0,0.05
266165.0,0.01
266171.0,0.435
266173.0,0.14
266177.0,0.17
266179.0,0.105
266186.0,0.045
266210.0,0.31
266227.0,0.055
266266.0,0.065
266291.0,0.11
266319.0,0.195
266321.0,0.05
266323.0,0.045
266329.0,0.14
266331.0,0.055
266333.0,0.37
266334.0,0.12
266338.0,0.07
266340.0,0.095
266344.0,0.195
266354.0,0.08
266359.0,0.175
266362.0,0.115
266364.0,0.02
266365.0,0.07
266379.0,0.14
266380.0,0.19
266387.0,0.055
266393.0,0.125
266396.0,0.045
266406.0,0.055
266418.0,0.225
266424.0,0.03
266440.0,0.14
266442.0,0.04
266444.0,0.185
266453.0,0.24
266455.0,0.115
266461.0,0.05
266462.0,0.05
266465.0,0.08
266466.0,0.235
266468.0,0.37
266471.0,0.15
266479.0,0.13
266499.0,0.26
266536.0,0.205
266543.0,0.165
266544.0,0.1
266556.0,0.12
266561.0,0.06
266573.0,0.05
266578.0,0.15
266590.0,0.215
266596.0,0.135
266624.0,0.205
266629.0,0.095
266635.0,0.075
266644.0,0.045
266650.0,0.035
266659.0,0.11
266666.0,0.1
266668.0,0.11
266674.0,0.27
266680.0,0.175
266686.0,0.13
266714.0,0.17
266730.0,0.04
266734.0,0.155
266740.0,0.215
266745.0,0.065
266749.0,0.145
266750.0,0.08
266751.0,0.07
266752.0,0.12
266753.0,0.16
266759.0,0.09
266763.0,0.13
266766.0,0.07
266783.0,0.13
266805.0,0.045
266812.0,0.01
266813.0,0.215
266816.0,0.115
266819.0,0.135
266820.0,0.325
266833.0,0.075
266842.0,0.06
266847.0,0.125
266848.0,0.115
266865.0,0.23
266867.0,0.15
266874.0,0.08
266885.0,0.075
266888.0,0.03
266890.0,0.37
266932.0,0.125
266941.0,0.25
266942.0,0.085
266948.0,0.04
266959.0,0.02
266977.0,0.04
266983.0,0.04
266984.0,0.26
266999.0,0.37
267000.0,0.235
267023.0,0.32
267031.0,0.19
267035.0,0.08
267046.0,0.11
267050.0,0.11
267058.0,0.11
267070.0,0.11
267079.0,0.18
267080.0,0.105
267093.0,0.115
267094.0,0.065
267102.0,0.035
267107.0,0.095
267108.0,0.115
267113.0,0.055
267127.0,0.095
267136.0,0.065
267143.0,0.05
267155.0,0.2
267180.0,0.045
267182.0,0.09
267184.0,0.06
267192.0,0.115
267195.0,0.2
267220.0,0.055
267228.0,0.05
267237.0,0.195
267241.0,0.08
267242.0,0.4
267247.0,0.14
267259.0,0.155
267260.0,0.185
267265.0,0.105
267269.0,0.35
267272.0,0.09
267275.0,0.06
267282.0,0.15
267284.0,0.245
267294.0,0.05
267298.0,0.1
267304.0,0.13
267316.0,0.095
267324.0,0.07
267327.0,0.095
267333.0,0.08
267338.0,0.04
267341.0,0.1
267342.0,0.13
267344.0,0.165
267345.0,0.22
267347.0,0.055
267361.0,0.255
267374.0,0.085
267379.0,0.025
267380.0,0.045
267382.0,0.06
267394.0,0.12
267403.0,0.18
267405.0,0.195
267412.0,0.07
267421.0,0.41
267437.0,0.065
267438.0,0.07
267443.0,0.055
267446.0,0.11
267460.0,0.225
267466.0,0.23
267469.0,0.085
267474.0,0.105
267488.0,0.02
267490.0,0.03
267496.0,0.215
267499.0,0.11
267501.0,0.16
267518.0,0.145
267522.0,0.29
267524.0,0.115
267532.0,0.07
267535.0,0.14
267547.0,0.125
267550.0,0.05
267559.0,0.195
267581.0,0.06
267586.0,0.13
267588.0,0.16
267592.0,0.06
267597.0,0.08
267600.0,0.025
267608.0,0.07
267620.0,0.025
267625.0,0.295
267628.0,0.1
267633.0,0.17
267639.0,0.15
267649.0,0.15
267659.0,0.215
267662.0,0.15
267671.0,0.12
267672.0,0.05
267677.0,0.17
267679.0,0.095
267682.0,0.075
267687.0,0.12
267689.0,0.04
267690.0,0.06
267707.0,0.28
267709.0,0.03
267716.0,0.035
267738.0,0.065
267744.0,0.185
267752.0,0.04
267754.0,0.335
267755.0,0.255
267757.0,0.17
267758.0,0.13
267767.0,0.365
267771.0,0.05
267808.0,0.115
267815.0,0.23
267833.0,0.23
267841.0,0.085
267843.0,0.065
267847.0,0.05
267857.0,0.05
267869.0,0.235
267881.0,0.19
267887.0,0.055
267890.0,0.045
267892.0,0.405
267895.0,0.145
267899.0,0.105
267906.0,0.035
267912.0,0.165
267917.0,0.275
267927.0,0.04
267930.0,0.04
267934.0,0.18
267950.0,0.07
267965.0,0.11
267966.0,0.035
267976.0,0.06
267998.0,0.11
267999.0,0.115
268012.0,0.11
268013.0,0.18
268014.0,0.12
268020.0,0.09
268028.0,0.25
268032.0,0.035
268039.0,0.12
268041.0,0.095
268046.0,0.065
268059.0,0.19
268064.0,0.305
268066.0,0.225
268073.0,0.16
268077.0,0.055
268085.0,0.005
268090.0,0.125
268109.0,0.21
268139.0,0.145
268151.0,0.09
268153.0,0.1
268155.0,0.24
268163.0,0.08
268166.0,0.06
268185.0,0.04
268189.0,0.03
268190.0,0.06
268192.0,0.105
268211.0,0.16
268213.0,0.085
268214.0,0.06
268220.0,0.085
268225.0,0.075
268227.0,0.315
268230.0,0.165
268247.0,0.355
268250.0,0.07
268268.0,0.095
268269.0,0.11
268271.0,0.07
268274.0,0.18
268280.0,0.075
268291.0,0.225
268299.0,0.085
268301.0,0.19
268306.0,0.055
268307.0,0.1
268310.0,0.065
268317.0,0.215
268328.0,0.04
268329.0,0.01
268337.0,0.06
268338.0,0.04
268357.0,0.03
268363.0,0.125
268373.0,0.045
268380.0,0.145
268386.0,0.105
268394.0,0.015
268407.0,0.105
268411.0,0.255
268417.0,0.135
268421.0,0.225
268422.0,0.365
268426.0,0.315
268427.0,0.12
268439.0,0.195
268445.0,0.045
268446.0,0.08
268459.0,0.285
268465.0,0.29
268466.0,0.05
268495.0,0.06
268497.0,0.065
268504.0,0.1
268508.0,0.08
268513.0,0.275
268525.0,0.13
268545.0,0.075
268546.0,0.07
268550.0,0.03
268568.0,0.06
268570.0,0.205
268590.0,0.065
268591.0,0.165
268602.0,0.095
268609.0,0.06
268616.0,0.06
268623.0,0.175
268645.0,0.425
268652.0,0.265
268668.0,0.185
268685.0,0.05
268707.0,0.045
268711.0,0.295
268714.0,0.055
268736.0,0.085
268746.0,0.28
268747.0,0.03
268749.0,0.21
268760.0,0.195
268761.0,0.01
268764.0,0.3
268781.0,0.01
268790.0,0.14
268799.0,0.11
268809.0,0.165
268814.0,0.115
268817.0,0.11
268822.0,0.05
268827.0,0.095
268828.0,0.085
268829.0,0.12
268845.0,0.105
268853.0,0.06
268859.0,0.065
268900.0,0.035
268911.0,0.06
268913.0,0.185
268917.0,0.335
268930.0,0.185
268934.0,0.035
268935.0,0.195
268938.0,0.14
268948.0,0.085
268950.0,0.06
268958.0,0.045
268975.0,0.06
268982.0,0.065
268983.0,0.085
268997.0,0.05
269009.0,0.04
269012.0,0.185
269017.0,0.23
269031.0,0.055
269038.0,0.21
269041.0,0.08
269045.0,0.185
269050.0,0.055
269056.0,0.03
269058.0,0.08
269060.0,0.065
269067.0,0.36
269082.0,0.1
269098.0,0.28
269105.0,0.06
269117.0,0.25
269123.0,0.21
269128.0,0.105
269143.0,0.095
269149.0,0.115
269162.0,0.17
269168.0,0.145
269172.0,0.28
269175.0,0.165
269189.0,0.065
269194.0,0.08
269197.0,0.115
269204.0,0.18
269211.0,0.06
269217.0,0.35
269222.0,0.12
269227.0,0.035
269228.0,0.12
269232.0,0.105
269250.0,0.175
269251.0,0.05
269257.0,0.155
269262.0,0.035
269263.0,0.18
269267.0,0.065
269275.0,0.12
269276.0,0.155
269279.0,0.13
269293.0,0.405
269300.0,0.14
269305.0,0.18
269309.0,0.105
269317.0,0.185
269352.0,0.3
269377.0,0.22
269378.0,0.035
269389.0,0.155
269392.0,0.08
269394.0,0.06
269402.0,0.16
269408.0,0.035
269410.0,0.045
269417.0,0.18
269421.0,0.21
269462.0,0.155
269481.0,0.065
269488.0,0.245
269489.0,0.06
269491.0,0.165
269495.0,0.055
269503.0,0.015
269510.0,0.155
269515.0,0.145
269522.0,0.035
269523.0,0.075
269536.0,0.035
269537.0,0.11
269549.0,0.03
269571.0,0.3
269576.0,0.05
269587.0,0.23
269595.0,0.01
269601.0,0.11
269610.0,0.315
269618.0,0.06
269620.0,0.16
269623.0,0.045
269637.0,0.07
269642.0,0.035
269652.0,0.205
269655.0,0.04
269661.0,0.115
269663.0,0.15
269665.0,0.03
269666.0,0.18
269667.0,0.065
269673.0,0.195
269693.0,0.05
269701.0,0.07
269702.0,0.055
269704.0,0.25
269718.0,0.09
269727.0,0.025
269732.0,0.075
269736.0,0.145
269738.0,0.08
269741.0,0.045
269744.0,0.04
269749.0,0.235
269750.0,0.085
269758.0,0.08
269775.0,0.14
269776.0,0.14
269777.0,0.105
269789.0,0.005
269794.0,0.09
269797.0,0.13
269807.0,0.235
269813.0,0.11
269844.0,0.095
269848.0,0.11
269871.0,0.05
269877.0,0.05
269878.0,0.06
269887.0,0.065
269904.0,0.13
269913.0,0.23
269938.0,0.155
269941.0,0.28
269953.0,0.165
269954.0,0.035
269955.0,0.105
269958.0,0.145
269960.0,0.095
269966.0,0.17
269975.0,0.105
269978.0,0.12
269989.0,0.13
269993.0,0.03
269998.0,0.04
270001.0,0.095
270020.0,0.08
270023.0,0.125
270028.0,0.14
270048.0,0.115
270061.0,0.09
270062.0,0.175
270096.0,0.295
270108.0,0.055
270118.0,0.04
270120.0,0.125
270122.0,0.08
270127.0,0.225
270131.0,0.2
270142.0,0.055
270146.0,0.085
270148.0,0.195
270152.0,0.025
270165.0,0.02
270170.0,0.05
270188.0,0.04
270204.0,0.115
270235.0,0.11
270243.0,0.33
270254.0,0.12
270265.0,0.06
270270.0,0.175
270287.0,0.05
270295.0,0.105
270296.0,0.025
270302.0,0.145
270304.0,0.245
270307.0,0.005
270310.0,0.11
270317.0,0.035
270324.0,0.19
270326.0,0.065
270337.0,0.055
270363.0,0.17
270371.0,0.015
270373.0,0.025
270375.0,0.045
270376.0,0.075
270379.0,0.03
270383.0,0.34
270390.0,0.08
270393.0,0.175
270402.0,0.015
270410.0,0.07
270411.0,0.05
270412.0,0.22
270415.0,0.07
270417.0,0.21
270436.0,0.15
270440.0,0.085
270449.0,0.085
270450.0,0.15
270457.0,0.09
270460.0,0.06
270461.0,0.055
270467.0,0.055
270473.0,0.175
270486.0,0.285
270488.0,0.07
270513.0,0.135
270518.0,0.2
270522.0,0.03
270526.0,0.055
270532.0,0.07
270545.0,0.275
270548.0,0.18
270550.0,0.02
270562.0,0.145
270564.0,0.105
270571.0,0.02
270572.0,0.155
270574.0,0.165
270575.0,0.27
270579.0,0.07
270612.0,0.285
270613.0,0.25
270622.0,0.035
270636.0,0.07
270643.0,0.08
270644.0,0.03
270645.0,0.095
270658.0,0.125
270661.0,0.045
270665.0,0.09
270676.0,0.135
270685.0,0.145
270695.0,0.145
270712.0,0.105
270719.0,0.165
270740.0,0.05
270753.0,0.065
270756.0,0.055
270759.0,0.24
270760.0,0.05
270764.0,0.095
270767.0,0.025
270778.0,0.02
270782.0,0.175
270794.0,0.165
270795.0,0.195
270799.0,0.11
270807.0,0.22
270821.0,0.105
270826.0,0.07
270829.0,0.09
270831.0,0.06
270843.0,0.135
270844.0,0.185
270847.0,0.12
270854.0,0.025
270856.0,0.27
270861.0,0.025
270862.0,0.12
270864.0,0.165
270881.0,0.085
270883.0,0.105
270885.0,0.235
270888.0,0.09
270894.0,0.025
270906.0,0.16
270914.0,0.065
270919.0,0.155
270935.0,0.04
270945.0,0.145
270957.0,0.155
270966.0,0.09
270970.0,0.22
270971.0,0.24
270976.0,0.085
270977.0,0.42
270978.0,0.055
270979.0,0.07
270982.0,0.09
270987.0,0.19
270989.0,0.22
270991.0,0.09
270992.0,0.055
270993.0,0.075
270997.0,0.28
271010.0,0.275
271025.0,0.095
271037.0,0.105
271038.0,0.045
271054.0,0.09
271056.0,0.085
271065.0,0.11
271070.0,0.025
271095.0,0.025
271099.0,0.07
271102.0,0.075
271103.0,0.19
271105.0,0.21
271106.0,0.085
271117.0,0.085
271134.0,0.24
271135.0,0.245
271137.0,0.21
271145.0,0.175
271149.0,0.25
271195.0,0.06
271199.0,0.195
271200.0,0.34
271220.0,0.07
271233.0,0.05
271234.0,0.27
271236.0,0.185
271248.0,0.05
271250.0,0.275
271251.0,0.075
271255.0,0.05
271261.0,0.12
271269.0,0.055
271276.0,0.025
271296.0,0.265
271304.0,0.33
271314.0,0.04
271318.0,0.045
271322.0,0.0
271325.0,0.15
271354.0,0.125
271355.0,0.035
271359.0,0.065
271361.0,0.035
271363.0,0.43
271367.0,0.145
271368.0,0.105
271369.0,0.035
271393.0,0.21
271409.0,0.19
271415.0,0.035
271418.0,0.24
271429.0,0.145
271431.0,0.125
271432.0,0.22
271442.0,0.14
271446.0,0.13
271448.0,0.1
271450.0,0.25
271452.0,0.035
271460.0,0.105
271461.0,0.19
271472.0,0.125
271496.0,0.055
271515.0,0.045
271527.0,0.175
271537.0,0.1
271544.0,0.135
271562.0,0.2
271565.0,0.1
271566.0,0.12
271567.0,0.205
271570.0,0.22
271576.0,0.105
271582.0,0.275
271586.0,0.215
271593.0,0.11
271598.0,0.09
271606.0,0.095
271607.0,0.075
271616.0,0.24
271617.0,0.14
271624.0,0.11
271638.0,0.15
271652.0,0.045
271657.0,0.045
271662.0,0.11
271665.0,0.065
271667.0,0.1
271670.0,0.085
271675.0,0.135
271679.0,0.225
271682.0,0.12
271696.0,0.095
271699.0,0.025
271733.0,0.12
271739.0,0.065
271746.0,0.055
271753.0,0.12
271756.0,0.25
271762.0,0.09
271777.0,0.045
271781.0,0.065
271785.0,0.025
271786.0,0.11
271790.0,0.035
271801.0,0.17
271806.0,0.14
271807.0,0.155
271810.0,0.125
271811.0,0.06
271815.0,0.2
271847.0,0.045
271875.0,0.025
271878.0,0.155
271880.0,0.12
271883.0,0.065
271911.0,0.145
271912.0,0.11
271914.0,0.165
271922.0,0.1
271933.0,0.09
271945.0,0.075
271952.0,0.06
271954.0,0.095
271961.0,0.055
271967.0,0.06
271969.0,0.035
271980.0,0.17
271989.0,0.06
271991.0,0.085
272000.0,0.03
272004.0,0.225
272010.0,0.125
272013.0,0.195
272029.0,0.18
272030.0,0.095
272031.0,0.03
272035.0,0.045
272040.0,0.285
272043.0,0.06
272055.0,0.14
272068.0,0.105
272075.0,0.345
272081.0,0.035
272090.0,0.13
272104.0,0.075
272116.0,0.045
272121.0,0.02
272129.0,0.165
272143.0,0.095
272146.0,0.15
272148.0,0.24
272152.0,0.205
272167.0,0.07
272180.0,0.125
272192.0,0.065
272201.0,0.105
272205.0,0.07
272209.0,0.14
272211.0,0.095
272228.0,0.045
272233.0,0.2
272235.0,0.165
272249.0,0.22
272267.0,0.105
272270.0,0.09
272276.0,0.06
272302.0,0.17
272303.0,0.005
272308.0,0.075
272309.0,0.12
272311.0,0.095
272313.0,0.05
272353.0,0.09
272366.0,0.09
272367.0,0.095
272371.0,0.05
272381.0,0.085
272404.0,0.2
272405.0,0.09
272418.0,0.105
272419.0,0.17
272425.0,0.145
272438.0,0.155
272444.0,0.07
272445.0,0.155
272462.0,0.075
272474.0,0.03
272478.0,0.14
272479.0,0.33
272480.0,0.155
272482.0,0.1
272511.0,0.215
272512.0,0.02
272516.0,0.05
272517.0,0.06
272522.0,0.1
272537.0,0.12
272555.0,0.03
272564.0,0.31
272566.0,0.08
272573.0,0.03
272575.0,0.075
272583.0,0.09
272593.0,0.135
272627.0,0.1
272628.0,0.105
272630.0,0.06
272632.0,0.02
272635.0,0.305
272636.0,0.11
272661.0,0.09
272669.0,0.075
272672.0,0.125
272681.0,0.27
272682.0,0.17
272691.0,0.07
272697.0,0.11
272706.0,0.105
272708.0,0.07
272717.0,0.09
272722.0,0.05
272723.0,0.06
272737.0,0.015
272744.0,0.045
272752.0,0.33
272757.0,0.085
272760.0,0.165
272763.0,0.135
272768.0,0.05
272779.0,0.05
272781.0,0.165
272787.0,0.135
272795.0,0.195
272799.0,0.08
272820.0,0.165
272821.0,0.08
272829.0,0.14
272852.0,0.105
272863.0,0.145
272878.0,0.04
272886.0,0.02
272891.0,0.235
272903.0,0.115
272914.0,0.06
272928.0,0.165
272937.0,0.165
272938.0,0.135
272944.0,0.155
272965.0,0.185
272967.0,0.115
272969.0,0.06
272983.0,0.18
272998.0,0.16
273002.0,0.135
273005.0,0.09
273010.0,0.08
273011.0,0.19
273017.0,0.04
273021.0,0.135
273023.0,0.125
273027.0,0.08
273035.0,0.085
273047.0,0.325
273053.0,0.065
273060.0,0.295
273062.0,0.135
273074.0,0.265
273078.0,0.045
273079.0,0.11
273087.0,0.185
273107.0,0.075
273109.0,0.035
273112.0,0.1
273113.0,0.12
273117.0,0.16
273121.0,0.36
273137.0,0.12
273156.0,0.135
273157.0,0.27
273177.0,0.1
273192.0,0.045
273193.0,0.04
273194.0,0.05
273198.0,0.22
273199.0,0.085
273206.0,0.195
273213.0,0.095
273235.0,0.1
273244.0,0.105
273247.0,0.17
273248.0,0.335
273254.0,0.08
273259.0,0.095
273270.0,0.085
273272.0,0.1
273287.0,0.085
273289.0,0.145
273294.0,0.045
273301.0,0.125
273304.0,0.165
273313.0,0.08
273314.0,0.09
273333.0,0.075
273336.0,0.35
273343.0,0.085
273353.0,0.145
273359.0,0.04
273371.0,0.085
273402.0,0.225
273415.0,0.03
273420.0,0.33
273424.0,0.095
273428.0,0.05
273429.0,0.015
273443.0,0.2
273457.0,0.03
273458.0,0.09
273467.0,0.185
273477.0,0.08
273482.0,0.105
273495.0,0.075
273496.0,0.025
273503.0,0.13
273507.0,0.165
273508.0,0.045
273510.0,0.095
273524.0,0.215
273552.0,0.055
273556.0,0.17
273566.0,0.135
273579.0,0.085
273584.0,0.11
273595.0,0.13
273606.0,0.04
273623.0,0.125
273625.0,0.105
273638.0,0.175
273660.0,0.02
273664.0,0.085
273683.0,0.15
273686.0,0.05
273687.0,0.32
273699.0,0.155
273700.0,0.305
273719.0,0.075
273721.0,0.225
273728.0,0.15
273764.0,0.075
273770.0,0.085
273774.0,0.06
273792.0,0.095
273806.0,0.025
273807.0,0.12
273818.0,0.085
273823.0,0.165
273835.0,0.42
273856.0,0.075
273861.0,0.06
273863.0,0.105
273864.0,0.21
273874.0,0.24
273879.0,0.185
273892.0,0.215
273895.0,0.185
273899.0,0.065
273900.0,0.165
273912.0,0.125
273921.0,0.07
273941.0,0.14
273946.0,0.025
273954.0,0.105
273956.0,0.09
273962.0,0.13
273968.0,0.15
273985.0,0.115
274000.0,0.19
274003.0,0.04
274004.0,0.065
274006.0,0.03
274019.0,0.235
274022.0,0.31
274023.0,0.195
274034.0,0.135
274043.0,0.05
274052.0,0.125
274054.0,0.315
274058.0,0.19
274063.0,0.115
274070.0,0.03
274072.0,0.1
274081.0,0.05
274108.0,0.135
274118.0,0.29
274125.0,0.13
274129.0,0.04
274140.0,0.135
274142.0,0.105
274146.0,0.095
274147.0,0.195
274155.0,0.05
274163.0,0.095
274165.0,0.02
274174.0,0.035
274182.0,0.15
274186.0,0.065
274188.0,0.09
274193.0,0.155
274198.0,0.11
274216.0,0.05
274219.0,0.045
274225.0,0.19
274229.0,0.06
274248.0,0.1
274268.0,0.09
274274.0,0.02
274286.0,0.165
274289.0,0.15
274297.0,0.03
274302.0,0.04
274326.0,0.145
274346.0,0.115
274348.0,0.125
274349.0,0.085
274350.0,0.04
274353.0,0.045
274359.0,0.14
274364.0,0.085
274368.0,0.075
274373.0,0.055
274378.0,0.095
274389.0,0.025
274390.0,0.05
274391.0,0.005
274392.0,0.09
274396.0,0.365
274408.0,0.185
274409.0,0.125
274424.0,0.13
274453.0,0.1
274460.0,0.04
274465.0,0.04
274468.0,0.08
274481.0,0.125
274482.0,0.055
274484.0,0.115
274490.0,0.255
274509.0,0.06
274511.0,0.075
274515.0,0.185
274521.0,0.165
274523.0,0.075
274525.0,0.225
274539.0,0.115
274541.0,0.135
274574.0,0.2
274585.0,0.075
274587.0,0.125
274594.0,0.125
274600.0,0.225
274605.0,0.105
274611.0,0.035
274619.0,0.12
274641.0,0.075
274666.0,0.175
274688.0,0.07
274690.0,0.13
274699.0,0.17
274703.0,0.035
274715.0,0.07
274717.0,0.065
274760.0,0.12
274774.0,0.135
274791.0,0.16
274801.0,0.075
274804.0,0.165
274808.0,0.185
274813.0,0.095
274815.0,0.135
274818.0,0.12
274820.0,0.065
274829.0,0.105
274847.0,0.27
274865.0,0.1
274870.0,0.04
274881.0,0.26
274890.0,0.14
274894.0,0.045
274902.0,0.075
274905.0,0.145
274911.0,0.08
274912.0,0.17
274914.0,0.025
274927.0,0.05
274931.0,0.02
274944.0,0.225
274951.0,0.175
274953.0,0.15
274954.0,0.075
274961.0,0.065
274965.0,0.16
274972.0,0.205
274978.0,0.055
274984.0,0.08
274993.0,0.085
274996.0,0.045
275043.0,0.03
275048.0,0.105
275052.0,0.22
275059.0,0.055
275060.0,0.065
275071.0,0.045
275077.0,0.11
275078.0,0.185
275091.0,0.03
275098.0,0.275
275111.0,0.13
275120.0,0.245
275121.0,0.1
275125.0,0.1
275129.0,0.09
275139.0,0.05
275150.0,0.085
275153.0,0.075
275166.0,0.325
275185.0,0.145
275199.0,0.235
275201.0,0.06
275203.0,0.195
275216.0,0.125
275225.0,0.305
275226.0,0.04
275232.0,0.085
275254.0,0.05
275256.0,0.42
275272.0,0.26
275278.0,0.03
275280.0,0.085
275286.0,0.065
275288.0,0.03
275299.0,0.085
275306.0,0.165
275313.0,0.025
275314.0,0.1
275319.0,0.195
275324.0,0.115
275330.0,0.07
275334.0,0.05
275335.0,0.21
275337.0,0.115
275339.0,0.185
275351.0,0.125
275352.0,0.1
275367.0,0.085
275384.0,0.07
275392.0,0.115
275393.0,0.155
275408.0,0.31
275411.0,0.12
275413.0,0.24
275415.0,0.06
275416.0,0.13
275422.0,0.06
275424.0,0.145
275438.0,0.125
275440.0,0.32
275468.0,0.07
275469.0,0.035
275473.0,0.315
275482.0,0.17
275488.0,0.08
275502.0,0.185
275503.0,0.04
275511.0,0.155
275518.0,0.025
275520.0,0.09
275524.0,0.075
275531.0,0.215
275537.0,0.145
275558.0,0.115
275574.0,0.165
275576.0,0.18
275583.0,0.045
275588.0,0.235
275605.0,0.26
275612.0,0.195
275627.0,0.2
275633.0,0.045
275646.0,0.095
275647.0,0.155
275653.0,0.405
275661.0,0.14
275683.0,0.095
275688.0,0.1
275691.0,0.11
275713.0,0.175
275731.0,0.015
275735.0,0.285
275739.0,0.06
275761.0,0.245
275762.0,0.12
275767.0,0.135
275768.0,0.19
275769.0,0.31
275774.0,0.07
275776.0,0.095
275783.0,0.07
275800.0,0.04
275805.0,0.195
275836.0,0.03
275842.0,0.085
275855.0,0.325
275860.0,0.045
275870.0,0.16
275884.0,0.15
275897.0,0.145
275899.0,0.04
275900.0,0.125
275906.0,0.09
275912.0,0.095
275922.0,0.27
275929.0,0.155
275931.0,0.19
275932.0,0.065
275936.0,0.285
275937.0,0.075
275947.0,0.195
275949.0,0.415
275954.0,0.21
275958.0,0.05
275966.0,0.33
275967.0,0.095
275970.0,0.225
275989.0,0.165
275993.0,0.11
275995.0,0.085
275998.0,0.09
276007.0,0.125
276011.0,0.24
276029.0,0.15
276047.0,0.055
276048.0,0.17
276050.0,0.17
276054.0,0.2
276056.0,0.075
276057.0,0.235
276060.0,0.065
276084.0,0.04
276089.0,0.08
276118.0,0.06
276121.0,0.205
276122.0,0.14
276130.0,0.08
276134.0,0.13
276135.0,0.09
276142.0,0.2
276164.0,0.065
276195.0,0.31
276210.0,0.18
276235.0,0.09
276238.0,0.06
276242.0,0.055
276244.0,0.33
276247.0,0.135
276263.0,0.23
276306.0,0.175
276309.0,0.045
276319.0,0.14
276334.0,0.21
276338.0,0.04
276343.0,0.085
276344.0,0.05
276345.0,0.025
276348.0,0.015
276359.0,0.07
276363.0,0.14
276365.0,0.08
276366.0,0.21
276373.0,0.09
276378.0,0.18
276386.0,0.25
276405.0,0.105
276419.0,0.025
276422.0,0.05
276430.0,0.1
276437.0,0.085
276442.0,0.185
276444.0,0.04
276446.0,0.075
276455.0,0.34
276470.0,0.02
276472.0,0.075
276475.0,0.31
276479.0,0.11
276484.0,0.025
276487.0,0.205
276488.0,0.285
276495.0,0.29
276497.0,0.205
276508.0,0.215
276509.0,0.245
276516.0,0.04
276521.0,0.04
276525.0,0.18
276550.0,0.04
276560.0,0.07
276569.0,0.055
276584.0,0.045
276603.0,0.065
276615.0,0.035
276617.0,0.04
276622.0,0.14
276625.0,0.065
276629.0,0.085
276642.0,0.155
276664.0,0.115
276674.0,0.04
276675.0,0.51
276678.0,0.215
276692.0,0.06
276693.0,0.08
276697.0,0.06
276703.0,0.105
276705.0,0.13
276717.0,0.155
276728.0,0.05
276744.0,0.1
276762.0,0.115
276764.0,0.085
276781.0,0.14
276793.0,0.09
276798.0,0.105
276800.0,0.14
276805.0,0.05
276824.0,0.065
276826.0,0.045
276848.0,0.255
276854.0,0.15
276862.0,0.34
276865.0,0.155
276869.0,0.155
276880.0,0.025
276882.0,0.125
276886.0,0.095
276889.0,0.165
276892.0,0.075
276903.0,0.05
276906.0,0.13
276936.0,0.07
276945.0,0.055
276956.0,0.04
276958.0,0.03
276963.0,0.005
276966.0,0.045
276987.0,0.11
276993.0,0.15
276994.0,0.115
277004.0,0.145
277015.0,0.025
277021.0,0.225
277024.0,0.035
277032.0,0.13
277054.0,0.135
277055.0,0.075
277061.0,0.065
277065.0,0.165
277070.0,0.08
277079.0,0.27
277088.0,0.045
277108.0,0.155
277114.0,0.13
277121.0,0.145
277137.0,0.085
277148.0,0.24
277158.0,0.26
277162.0,0.165
277165.0,0.415
277167.0,0.04
277170.0,0.165
277172.0,0.055
277177.0,0.06
277179.0,0.185
277182.0,0.065
277185.0,0.045
277191.0,0.145
277200.0,0.15
277211.0,0.02
277217.0,0.035
277221.0,0.07
277226.0,0.055
277227.0,0.195
277228.0,0.39
277229.0,0.15
277244.0,0.195
277271.0,0.065
277274.0,0.24
277282.0,0.035
277286.0,0.06
277288.0,0.205
277290.0,0.01
277291.0,0.035
277296.0,0.03
277297.0,0.06
277320.0,0.135
277327.0,0.225
277335.0,0.2
277336.0,0.13
277338.0,0.135
277342.0,0.275
277344.0,0.11
277345.0,0.1
277349.0,0.045
277356.0,0.075
277370.0,0.135
277371.0,0.3
277379.0,0.04
277386.0,0.38
277390.0,0.41
277400.0,0.11
277401.0,0.195
277412.0,0.105
277413.0,0.235
277415.0,0.075
277417.0,0.25
277419.0,0.155
277422.0,0.235
277423.0,0.08
277425.0,0.075
277432.0,0.075
277438.0,0.035
277445.0,0.055
277447.0,0.3
277456.0,0.16
277457.0,0.125
277474.0,0.17
277488.0,0.145
277494.0,0.13
277501.0,0.21
277503.0,0.19
277510.0,0.22
277516.0,0.25
277521.0,0.195
277522.0,0.1
277530.0,0.075
277531.0,0.28
277536.0,0.145
277548.0,0.095
277550.0,0.055
277554.0,0.135
277555.0,0.11
277562.0,0.12
277565.0,0.145
277566.0,0.02
277572.0,0.125
277592.0,0.15
277593.0,0.015
277610.0,0.115
277621.0,0.06
277654.0,0.17
277668.0,0.05
277673.0,0.09
277675.0,0.055
277694.0,0.07
277697.0,0.175
277699.0,0.055
277700.0,0.065
277701.0,0.095
277708.0,0.135
277710.0,0.08
277717.0,0.205
277725.0,0.085
277731.0,0.195
277746.0,0.465
277753.0,0.12
277757.0,0.285
277764.0,0.1
277772.0,0.11
277775.0,0.195
277777.0,0.04
277787.0,0.03
277797.0,0.095
277798.0,0.2
277802.0,0.31
277812.0,0.115
277816.0,0.14
277820.0,0.09
277821.0,0.025
277822.0,0.325
277838.0,0.125
277845.0,0.065
277846.0,0.01
277854.0,0.37
277856.0,0.225
277866.0,0.145
277874.0,0.185
277893.0,0.24
277900.0,0.07
277964.0,0.06
277970.0,0.02
277976.0,0.075
277983.0,0.095
277994.0,0.06
278011.0,0.155
278025.0,0.325
278045.0,0.11
278048.0,0.445
278066.0,0.085
278088.0,0.095
278098.0,0.105
278101.0,0.225
278113.0,0.05
278114.0,0.16
278128.0,0.215
278152.0,0.11
278157.0,0.13
278168.0,0.355
278169.0,0.125
278174.0,0.075
278176.0,0.08
278181.0,0.205
278185.0,0.16
278225.0,0.125
278236.0,0.29
278242.0,0.1
278244.0,0.045
278251.0,0.095
278252.0,0.075
278272.0,0.03
278279.0,0.025
278287.0,0.19
278288.0,0.12
278309.0,0.095
278310.0,0.05
278316.0,0.045
278318.0,0.325
278320.0,0.07
278344.0,0.15
278356.0,0.19
278359.0,0.07
278361.0,0.095
278368.0,0.065
278372.0,0.03
278384.0,0.23
278388.0,0.065
278409.0,0.195
278414.0,0.18
278415.0,0.28
278416.0,0.05
278422.0,0.11
278423.0,0.405
278432.0,0.135
278436.0,0.075
278455.0,0.09
278461.0,0.36
278469.0,0.2
278482.0,0.315
278487.0,0.145
278493.0,0.085
278501.0,0.23
278508.0,0.26
278511.0,0.045
278519.0,0.07
278526.0,0.04
278530.0,0.08
278533.0,0.02
278539.0,0.185
278545.0,0.07
278556.0,0.095
278559.0,0.06
278587.0,0.075
278601.0,0.105
278603.0,0.165
278604.0,0.24
278605.0,0.09
278606.0,0.03
278613.0,0.165
278616.0,0.14
278618.0,0.16
278632.0,0.14
278633.0,0.08
278637.0,0.03
278645.0,0.07
278649.0,0.14
278653.0,0.165
278662.0,0.055
278673.0,0.125
278700.0,0.11
278703.0,0.175
278704.0,0.205
278723.0,0.14
278725.0,0.17
278730.0,0.105
278750.0,0.09
278765.0,0.065
278770.0,0.03
278779.0,0.045
278787.0,0.055
278791.0,0.09
278804.0,0.09
278807.0,0.095
278810.0,0.09
278812.0,0.145
278815.0,0.23
278821.0,0.18
278825.0,0.095
278832.0,0.115
278836.0,0.185
278838.0,0.15
278840.0,0.14
278844.0,0.08
278862.0,0.065
278863.0,0.06
278871.0,0.115
278875.0,0.03
278892.0,0.275
278899.0,0.045
278903.0,0.045
278909.0,0.075
278913.0,0.395
278931.0,0.045
278932.0,0.145
278933.0,0.155
278937.0,0.095
278952.0,0.085
278954.0,0.02
278960.0,0.165
278967.0,0.085
278968.0,0.095
278972.0,0.165
278976.0,0.135
278982.0,0.17
278983.0,0.05
279001.0,0.22
279015.0,0.04
279018.0,0.075
279035.0,0.16
279040.0,0.245
279043.0,0.18
279046.0,0.155
279061.0,0.17
279063.0,0.03
279065.0,0.05
279068.0,0.02
279070.0,0.18
279074.0,0.195
279076.0,0.16
279086.0,0.035
279095.0,0.115
279107.0,0.12
279108.0,0.295
279109.0,0.015
279110.0,0.15
279111.0,0.12
279129.0,0.06
279134.0,0.07
279137.0,0.115
279142.0,0.235
279146.0,0.04
279153.0,0.06
279157.0,0.125
279165.0,0.02
279166.0,0.06
279172.0,0.17
279173.0,0.065
279174.0,0.155
279179.0,0.22
279182.0,0.06
279186.0,0.08
279187.0,0.095
279189.0,0.095
279201.0,0.165
279202.0,0.085
279213.0,0.03
279214.0,0.035
279217.0,0.05
279230.0,0.165
279232.0,0.09
279233.0,0.09
279235.0,0.095
279250.0,0.04
279252.0,0.05
279257.0,0.145
279265.0,0.175
279266.0,0.09
279279.0,0.05
279281.0,0.025
279282.0,0.055
279285.0,0.065
279286.0,0.085
279297.0,0.04
279300.0,0.07
279318.0,0.085
279324.0,0.015
279334.0,0.08
279335.0,0.04
279336.0,0.14
279341.0,0.2
279342.0,0.275
279353.0,0.115
279357.0,0.285
279371.0,0.215
279376.0,0.09
279391.0,0.125
279392.0,0.045
279402.0,0.14
279406.0,0.245
279408.0,0.1
279434.0,0.1
279439.0,0.025
279448.0,0.12
279450.0,0.07
279456.0,0.025
279461.0,0.145
279466.0,0.025
279470.0,0.08
279471.0,0.08
279493.0,0.095
279500.0,0.045
279506.0,0.035
279512.0,0.085
279519.0,0.175
279533.0,0.015
279549.0,0.095
279551.0,0.4
279556.0,0.045
279557.0,0.145
279558.0,0.155
279566.0,0.1
279592.0,0.19
279595.0,0.3
279604.0,0.145
279608.0,0.095
279614.0,0.125
279618.0,0.215
279622.0,0.06
279648.0,0.305
279652.0,0.055
279653.0,0.26
279679.0,0.03
279690.0,0.18
279691.0,0.15
279694.0,0.19
279698.0,0.065
279702.0,0.095
279712.0,0.05
279713.0,0.185
279715.0,0.07
279725.0,0.075
279727.0,0.21
279733.0,0.02
279742.0,0.12
279748.0,0.05
279754.0,0.13
279756.0,0.245
279776.0,0.25
279778.0,0.235
279779.0,0.045
279782.0,0.225
279793.0,0.07
279794.0,0.03
279804.0,0.31
279810.0,0.055
279817.0,0.39
279828.0,0.085
279830.0,0.065
279831.0,0.155
279834.0,0.11
279835.0,0.035
279840.0,0.035
279847.0,0.025
279852.0,0.1
279854.0,0.295
279856.0,0.085
279859.0,0.135
279862.0,0.085
279876.0,0.21
279878.0,0.125
279889.0,0.065
279894.0,0.075
279897.0,0.07
279903.0,0.1
279904.0,0.13
279906.0,0.1
279909.0,0.17
279922.0,0.355
279925.0,0.065
279939.0,0.21
279940.0,0.115
279942.0,0.11
279948.0,0.02
279952.0,0.105
279960.0,0.095
279968.0,0.01
279969.0,0.125
279977.0,0.325
279980.0,0.04
279994.0,0.21
279997.0,0.115
279998.0,0.185
280007.0,0.14
280009.0,0.235
280010.0,0.245
280020.0,0.03
280021.0,0.12
280022.0,0.165
280052.0,0.115
280058.0,0.05
280074.0,0.18
280076.0,0.055
280085.0,0.24
280091.0,0.075
280095.0,0.065
280107.0,0.475
280116.0,0.31
280140.0,0.19
280144.0,0.145
280156.0,0.095
280177.0,0.035
280191.0,0.025
280205.0,0.05
280226.0,0.225
280230.0,0.135
280234.0,0.03
280264.0,0.125
280274.0,0.05
280298.0,0.125
280299.0,0.115
280300.0,0.16
280301.0,0.065
280308.0,0.02
280317.0,0.1
280319.0,0.065
280322.0,0.055
280342.0,0.095
280348.0,0.34
280350.0,0.12
280353.0,0.15
280366.0,0.07
280372.0,0.04
280374.0,0.045
280376.0,0.24
280381.0,0.01
280384.0,0.11
280388.0,0.055
280397.0,0.38
280401.0,0.05
280409.0,0.19
280413.0,0.04
280422.0,0.23
280424.0,0.24
280426.0,0.115
280429.0,0.205
280430.0,0.215
280435.0,0.095
280444.0,0.055
280450.0,0.135
280455.0,0.325
280459.0,0.015
280462.0,0.165
280466.0,0.25
280470.0,0.125
280473.0,0.09
280517.0,0.11
280524.0,0.23
280527.0,0.015
280531.0,0.04
280548.0,0.1
280558.0,0.32
280563.0,0.09
280598.0,0.285
280599.0,0.565
280603.0,0.09
280607.0,0.065
280610.0,0.195
280612.0,0.085
280625.0,0.075
280631.0,0.03
280650.0,0.225
280653.0,0.54
280657.0,0.07
280669.0,0.025
280675.0,0.07
280679.0,0.195
280685.0,0.055
280691.0,0.18
280693.0,0.07
280706.0,0.075
280714.0,0.065
280719.0,0.25
280724.0,0.205
280725.0,0.055
280737.0,0.11
280738.0,0.245
280744.0,0.015
280746.0,0.19
280760.0,0.21
280772.0,0.175
280777.0,0.125
280784.0,0.05
280785.0,0.07
280791.0,0.135
280793.0,0.05
280794.0,0.01
280800.0,0.085
280805.0,0.065
280806.0,0.045
280815.0,0.165
280823.0,0.025
280831.0,0.06
280832.0,0.1
280841.0,0.145
280845.0,0.2
280846.0,0.085
280854.0,0.09
280857.0,0.03
280861.0,0.105
280862.0,0.17
280867.0,0.19
280877.0,0.16
280879.0,0.08
280890.0,0.105
280891.0,0.22
280903.0,0.315
280916.0,0.05
280929.0,0.035
280934.0,0.2
280941.0,0.285
280947.0,0.085
280962.0,0.06
280963.0,0.17
280966.0,0.085
280967.0,0.085
280971.0,0.365
281005.0,0.04
281007.0,0.14
281008.0,0.01
281009.0,0.06
281016.0,0.06
281024.0,0.195
281039.0,0.275
281045.0,0.015
281054.0,0.33
281055.0,0.085
281056.0,0.12
281068.0,0.205
281092.0,0.11
281094.0,0.04
281118.0,0.28
281133.0,0.05
281137.0,0.13
281164.0,0.115
281176.0,0.05
281177.0,0.115
281184.0,0.11
281187.0,0.23
281192.0,0.09
281195.0,0.185
281220.0,0.115
281222.0,0.095
281227.0,0.095
281234.0,0.11
281251.0,0.135
281278.0,0.07
281298.0,0.235
281303.0,0.235
281306.0,0.31
281314.0,0.035
281320.0,0.07
281322.0,0.135
281337.0,0.055
281347.0,0.095
281357.0,0.075
281362.0,0.115
281365.0,0.11
281366.0,0.07
281367.0,0.105
281373.0,0.095
281376.0,0.07
281400.0,0.205
281417.0,0.025
281420.0,0.065
281422.0,0.14
281435.0,0.06
281439.0,0.02
281448.0,0.095
281451.0,0.12
281453.0,0.025
281482.0,0.06
281494.0,0.15
281514.0,0.08
281515.0,0.13
281542.0,0.175
281556.0,0.125
281568.0,0.095
281592.0,0.095
281593.0,0.06
281607.0,0.19
281613.0,0.055
281618.0,0.22
281620.0,0.085
281628.0,0.325
281629.0,0.04
281633.0,0.1
281634.0,0.11
281642.0,0.125
281643.0,0.065
281653.0,0.15
281661.0,0.07
281671.0,0.215
281675.0,0.15
281684.0,0.05
281692.0,0.22
281697.0,0.055
281730.0,0.12
281731.0,0.14
281734.0,0.185
281737.0,0.06
281750.0,0.18
281752.0,0.09
281764.0,0.11
281782.0,0.15
281791.0,0.065
281793.0,0.2
281795.0,0.23
281824.0,0.105
281831.0,0.21
281845.0,0.215
281848.0,0.05
281854.0,0.075
281855.0,0.105
281867.0,0.175
281873.0,0.045
281875.0,0.05
281876.0,0.215
281881.0,0.01
281905.0,0.065
281906.0,0.185
281907.0,0.065
281914.0,0.275
281929.0,0.05
281936.0,0.27
281938.0,0.03
281940.0,0.045
281941.0,0.12
281950.0,0.08
281954.0,0.075
281955.0,0.135
281956.0,0.17
281957.0,0.04
281968.0,0.19
281972.0,0.2
281974.0,0.04
281987.0,0.085
281996.0,0.23
281998.0,0.06
282002.0,0.06
282004.0,0.065
282005.0,0.035
282020.0,0.145
282021.0,0.08
282041.0,0.225
282045.0,0.14
282046.0,0.04
282048.0,0.1
282056.0,0.185
282063.0,0.055
282068.0,0.185
282072.0,0.255
282100.0,0.1
282104.0,0.1
282105.0,0.07
282106.0,0.045
282108.0,0.11
282114.0,0.17
282132.0,0.21
282133.0,0.07
282136.0,0.125
282145.0,0.215
282146.0,0.295
282150.0,0.095
282151.0,0.075
282152.0,0.315
282157.0,0.285
282165.0,0.06
282167.0,0.065
282178.0,0.115
282179.0,0.2
282204.0,0.045
282208.0,0.04
282218.0,0.035
282221.0,0.35
282223.0,0.095
282226.0,0.055
282230.0,0.045
282232.0,0.105
282235.0,0.1
282236.0,0.08
282239.0,0.165
282246.0,0.055
282250.0,0.245
282259.0,0.075
282270.0,0.015
282272.0,0.055
282282.0,0.32
282292.0,0.075
282306.0,0.09
282311.0,0.055
282317.0,0.295
282318.0,0.085
282331.0,0.045
282338.0,0.185
282349.0,0.175
282350.0,0.2
282355.0,0.025
282359.0,0.37
282382.0,0.05
282396.0,0.22
282399.0,0.09
282408.0,0.085
282421.0,0.105
282427.0,0.12
282437.0,0.075
282446.0,0.115
282448.0,0.055
282453.0,0.015
282456.0,0.085
282457.0,0.145
282465.0,0.21
282476.0,0.075
282478.0,0.125
282482.0,0.06
282485.0,0.175
282492.0,0.05
282498.0,0.115
282503.0,0.07
282512.0,0.18
282521.0,0.13
282531.0,0.355
282548.0,0.025
282582.0,0.085
282585.0,0.05
282605.0,0.095
282618.0,0.065
282633.0,0.025
282642.0,0.145
282645.0,0.3
282647.0,0.135
282649.0,0.075
282654.0,0.09
282661.0,0.105
282667.0,0.09
282668.0,0.06
282678.0,0.115
282679.0,0.19
282687.0,0.045
282688.0,0.05
282691.0,0.115
282702.0,0.015
282709.0,0.05
282712.0,0.07
282715.0,0.09
282726.0,0.025
282735.0,0.115
282737.0,0.085
282746.0,0.375
282751.0,0.0
282754.0,0.3
282758.0,0.225
282773.0,0.425
282787.0,0.065
282794.0,0.05
282812.0,0.04
282822.0,0.26
282827.0,0.275
282836.0,0.05
282841.0,0.085
282854.0,0.135
282862.0,0.09
282873.0,0.115
282890.0,0.06
282900.0,0.18
282906.0,0.095
282910.0,0.09
282915.0,0.045
282929.0,0.025
282933.0,0.14
282944.0,0.285
282945.0,0.045
282950.0,0.02
282954.0,0.055
282960.0,0.04
282961.0,0.195
282962.0,0.055
282965.0,0.195
282971.0,0.145
282974.0,0.06
282975.0,0.015
282979.0,0.06
282984.0,0.235
282990.0,0.265
282998.0,0.125
283005.0,0.295
283013.0,0.225
283018.0,0.175
283029.0,0.375
283032.0,0.045
283036.0,0.16
283041.0,0.25
283046.0,0.21
283050.0,0.055
283057.0,0.1
283065.0,0.12
283069.0,0.3
283074.0,0.05
283076.0,0.115
283077.0,0.065
283089.0,0.13
283090.0,0.045
283094.0,0.115
283110.0,0.17
283118.0,0.17
283127.0,0.04
283130.0,0.11
283139.0,0.295
283143.0,0.285
283144.0,0.225
283146.0,0.06
283150.0,0.095
283161.0,0.41
283177.0,0.145
283180.0,0.055
283184.0,0.06
283191.0,0.125
283193.0,0.065
283196.0,0.13
283199.0,0.13
283202.0,0.24
283205.0,0.015
283213.0,0.035
283216.0,0.12
283218.0,0.145
283220.0,0.065
283227.0,0.09
283233.0,0.03
283248.0,0.105
283250.0,0.145
283261.0,0.015
283264.0,0.085
283267.0,0.105
283269.0,0.01
283271.0,0.085
283282.0,0.22
283283.0,0.065
283290.0,0.04
283295.0,0.05
283298.0,0.055
283303.0,0.29
283309.0,0.075
283310.0,0.06
283314.0,0.16
283317.0,0.02
283318.0,0.165
283323.0,0.19
283327.0,0.105
283328.0,0.15
283336.0,0.16
283340.0,0.135
283344.0,0.07
283345.0,0.255
283360.0,0.045
283361.0,0.055
283383.0,0.19
283387.0,0.06
283390.0,0.015
283412.0,0.02
283426.0,0.015
283429.0,0.075
283433.0,0.14
283437.0,0.08
283438.0,0.02
283461.0,0.07
283466.0,0.045
283477.0,0.04
283479.0,0.075
283483.0,0.135
283484.0,0.1
283486.0,0.04
283500.0,0.04
283512.0,0.245
283515.0,0.14
283517.0,0.345
283519.0,0.04
283523.0,0.055
283528.0,0.23
283555.0,0.105
283565.0,0.11
283572.0,0.145
283576.0,0.07
283586.0,0.245
283590.0,0.09
283606.0,0.085
283615.0,0.03
283619.0,0.105
283632.0,0.305
283635.0,0.105
283636.0,0.035
283641.0,0.215
283642.0,0.055
283647.0,0.05
283667.0,0.09
283683.0,0.12
283684.0,0.2
283687.0,0.17
283691.0,0.095
283693.0,0.08
283701.0,0.025
283702.0,0.115
283711.0,0.215
283713.0,0.43
283726.0,0.075
283730.0,0.105
283736.0,0.04
283737.0,0.275
283740.0,0.07
283748.0,0.115
283750.0,0.12
283756.0,0.105
283757.0,0.025
283774.0,0.19
283776.0,0.21
283784.0,0.21
283790.0,0.19
283796.0,0.06
283806.0,0.24
283816.0,0.07
283825.0,0.205
283827.0,0.075
283835.0,0.015
283839.0,0.155
283843.0,0.075
283874.0,0.34
283880.0,0.09
283881.0,0.105
283882.0,0.415
283887.0,0.035
283891.0,0.145
283893.0,0.09
283895.0,0.025
283900.0,0.19
283906.0,0.095
283938.0,0.08
283943.0,0.055
283953.0,0.235
283958.0,0.165
283961.0,0.02
283972.0,0.08
283973.0,0.07
283986.0,0.16
283990.0,0.015
283994.0,0.26
284000.0,0.055
284002.0,0.195
284003.0,0.14
284035.0,0.165
284049.0,0.075
284055.0,0.03
284060.0,0.12
284061.0,0.19
284069.0,0.175
284072.0,0.14
284075.0,0.16
284087.0,0.08
284093.0,0.055
284095.0,0.045
284096.0,0.14
284106.0,0.035
284109.0,0.065
284112.0,0.06
284126.0,0.125
284152.0,0.145
284155.0,0.145
284157.0,0.105
284159.0,0.13
284194.0,0.115
284207.0,0.105
284211.0,0.075
284220.0,0.22
284232.0,0.19
284239.0,0.265
284246.0,0.05
284257.0,0.225
284259.0,0.075
284272.0,0.11
284277.0,0.165
284279.0,0.285
284283.0,0.055
284294.0,0.045
284298.0,0.05
284305.0,0.095
284309.0,0.08
284311.0,0.035
284315.0,0.105
284338.0,0.27
284340.0,0.175
284342.0,0.16
284344.0,0.04
284348.0,0.055
284361.0,0.12
284373.0,0.03
284380.0,0.32
284408.0,0.025
284422.0,0.055
284423.0,0.19
284427.0,0.15
284433.0,0.24
284442.0,0.055
284462.0,0.185
284481.0,0.23
284487.0,0.15
284492.0,0.035
284495.0,0.075
284499.0,0.325
284503.0,0.06
284506.0,0.155
284507.0,0.03
284511.0,0.245
284512.0,0.1
284513.0,0.04
284520.0,0.13
284537.0,0.105
284557.0,0.19
284560.0,0.09
284571.0,0.145
284573.0,0.13
284574.0,0.045
284575.0,0.03
284576.0,0.1
284578.0,0.14
284592.0,0.075
284606.0,0.43
284609.0,0.18
284614.0,0.05
284627.0,0.02
284630.0,0.18
284633.0,0.065
284647.0,0.115
284650.0,0.14
284655.0,0.19
284661.0,0.04
284664.0,0.04
284668.0,0.07
284682.0,0.07
284683.0,0.215
284691.0,0.05
284692.0,0.145
284695.0,0.095
284751.0,0.305
284785.0,0.115
284796.0,0.025
284797.0,0.03
284799.0,0.085
284805.0,0.115
284811.0,0.08
284844.0,0.11
284856.0,0.28
284861.0,0.065
284864.0,0.075
284866.0,0.065
284867.0,0.03
284871.0,0.04
284873.0,0.055
284888.0,0.26
284895.0,0.055
284906.0,0.08
284907.0,0.17
284908.0,0.095
284914.0,0.05
284916.0,0.08
284920.0,0.15
284926.0,0.06
284934.0,0.06
284937.0,0.05
284949.0,0.085
284986.0,0.095
285002.0,0.095
285006.0,0.075
285007.0,0.185
285008.0,0.055
285016.0,0.115
285040.0,0.035
285041.0,0.015
285050.0,0.09
285051.0,0.045
285059.0,0.1
285077.0,0.155
285078.0,0.125
285097.0,0.005
285102.0,0.175
285104.0,0.04
285117.0,0.195
285119.0,0.165
285120.0,0.07
285122.0,0.23
285131.0,0.125
285137.0,0.05
285139.0,0.115
285147.0,0.06
285176.0,0.055
285177.0,0.065
285183.0,0.13
285184.0,0.095
285200.0,0.045
285213.0,0.2
285224.0,0.115
285232.0,0.185
285245.0,0.21
285249.0,0.06
285253.0,0.07
285268.0,0.105
285276.0,0.015
285282.0,0.155
285284.0,0.365
285297.0,0.17
285304.0,0.095
285305.0,0.115
285337.0,0.065
285346.0,0.06
285349.0,0.005
285354.0,0.125
285359.0,0.235
285366.0,0.29
285367.0,0.2
285368.0,0.24
285376.0,0.235
285382.0,0.02
285385.0,0.175
285389.0,0.07
285396.0,0.03
285398.0,0.1
285399.0,0.095
285403.0,0.035
285405.0,0.16
285407.0,0.2
285417.0,0.145
285419.0,0.19
285431.0,0.06
285457.0,0.15
285462.0,0.235
285463.0,0.03
285472.0,0.09
285476.0,0.04
285479.0,0.155
285482.0,0.175
285486.0,0.235
285487.0,0.13
285497.0,0.045
285498.0,0.09
285507.0,0.36
285509.0,0.07
285514.0,0.14
285516.0,0.05
285521.0,0.095
285525.0,0.03
285528.0,0.075
285555.0,0.13
285559.0,0.08
285561.0,0.08
285562.0,0.115
285565.0,0.12
285571.0,0.1
285583.0,0.15
285588.0,0.18
285603.0,0.09
285612.0,0.085
285628.0,0.26
285635.0,0.1
285649.0,0.145
285651.0,0.025
285653.0,0.12
285662.0,0.165
285665.0,0.045
285678.0,0.085
285681.0,0.085
285694.0,0.215
285695.0,0.095
285701.0,0.035
285721.0,0.15
285730.0,0.065
285733.0,0.025
285743.0,0.08
285744.0,0.285
285746.0,0.085
285778.0,0.095
285784.0,0.09
285808.0,0.07
285810.0,0.12
285831.0,0.185
285833.0,0.055
285841.0,0.04
285842.0,0.115
285844.0,0.105
285847.0,0.105
285853.0,0.025
285861.0,0.265
285863.0,0.065
285867.0,0.115
285870.0,0.25
285879.0,0.1
285880.0,0.02
285882.0,0.05
285893.0,0.045
285897.0,0.105
285912.0,0.12
285914.0,0.045
285918.0,0.1
285927.0,0.065
285931.0,0.185
285932.0,0.155
285962.0,0.065
285975.0,0.205
285978.0,0.12
285996.0,0.105
286000.0,0.07
286010.0,0.13
286011.0,0.21
286018.0,0.065
286033.0,0.09
286038.0,0.175
286042.0,0.21
286044.0,0.08
286047.0,0.065
286050.0,0.225
286052.0,0.04
286056.0,0.225
286058.0,0.03
286083.0,0.07
286088.0,0.22
286094.0,0.105
286107.0,0.255
286112.0,0.175
286124.0,0.02
286128.0,0.1
286141.0,0.245
286146.0,0.275
286147.0,0.095
286153.0,0.075
286163.0,0.05
286169.0,0.13
286175.0,0.175
286185.0,0.03
286194.0,0.05
286198.0,0.11
286201.0,0.085
286202.0,0.19
286213.0,0.12
286218.0,0.13
286250.0,0.045
286257.0,0.1
286264.0,0.165
286265.0,0.085
286266.0,0.085
286287.0,0.09
286292.0,0.025
286294.0,0.04
286295.0,0.12
286299.0,0.21
286300.0,0.115
286302.0,0.255
286310.0,0.28
286316.0,0.075
286332.0,0.17
286353.0,0.18
286354.0,0.055
286357.0,0.07
286375.0,0.05
286382.0,0.205
286389.0,0.175
286404.0,0.03
286405.0,0.16
286411.0,0.21
286412.0,0.09
286421.0,0.265
286423.0,0.155
286426.0,0.225
286433.0,0.05
286438.0,0.175
286441.0,0.04
286444.0,0.04
286447.0,0.035
286459.0,0.06
286473.0,0.025
286484.0,0.09
286485.0,0.27
286501.0,0.11
286502.0,0.11
286509.0,0.085
286511.0,0.305
286516.0,0.24
286547.0,0.215
286549.0,0.135
286553.0,0.115
286558.0,0.125
286566.0,0.04
286572.0,0.07
286582.0,0.08
286587.0,0.015
286590.0,0.19
286594.0,0.135
286598.0,0.065
286602.0,0.09
286608.0,0.19
286610.0,0.065
286627.0,0.11
286661.0,0.105
286664.0,0.185
286668.0,0.035
286683.0,0.07
286684.0,0.045
286689.0,0.045
286696.0,0.1
286697.0,0.095
286703.0,0.13
286705.0,0.1
286707.0,0.125
286708.0,0.215
286711.0,0.065
286714.0,0.135
286734.0,0.04
286747.0,0.1
286760.0,0.145
286763.0,0.045
286772.0,0.045
286773.0,0.05
286791.0,0.1
286813.0,0.28
286814.0,0.11
286817.0,0.05
286836.0,0.015
286838.0,0.06
286844.0,0.04
286854.0,0.125
286856.0,0.21
286859.0,0.2
286864.0,0.065
286865.0,0.145
286868.0,0.29
286881.0,0.14
286882.0,0.085
286888.0,0.05
286890.0,0.235
286892.0,0.175
286895.0,0.12
286906.0,0.105
286924.0,0.045
286930.0,0.05
286931.0,0.255
286942.0,0.055
286955.0,0.05
286960.0,0.21
286962.0,0.12
286966.0,0.02
286967.0,0.035
286971.0,0.12
286983.0,0.05
286985.0,0.045
286986.0,0.245
286987.0,0.325
286992.0,0.095
287003.0,0.13
287004.0,0.03
287006.0,0.11
287029.0,0.1
287036.0,0.095
287038.0,0.145
287049.0,0.11
287050.0,0.035
287057.0,0.085
287065.0,0.03
287066.0,0.145
287089.0,0.1
287093.0,0.335
287096.0,0.12
287103.0,0.1
287104.0,0.12
287109.0,0.07
287133.0,0.235
287137.0,0.01
287141.0,0.305
287146.0,0.095
287148.0,0.035
287177.0,0.06
287184.0,0.005
287197.0,0.13
287204.0,0.18
287206.0,0.125
287208.0,0.165
287225.0,0.025
287228.0,0.05
287252.0,0.19
287260.0,0.075
287264.0,0.18
287270.0,0.105
287271.0,0.09
287272.0,0.05
287274.0,0.1
287280.0,0.05
287281.0,0.145
287290.0,0.105
287298.0,0.08
287299.0,0.19
287301.0,0.015
287314.0,0.135
287321.0,0.21
287322.0,0.065
287329.0,0.265
287331.0,0.21
287337.0,0.085
287349.0,0.045
287358.0,0.095
287370.0,0.25
287371.0,0.07
287376.0,0.02
287378.0,0.075
287386.0,0.25
287394.0,0.185
287397.0,0.085
287419.0,0.1
287428.0,0.09
287438.0,0.105
287439.0,0.055
287449.0,0.16
287450.0,0.025
287460.0,0.155
287472.0,0.175
287474.0,0.245
287483.0,0.03
287495.0,0.07
287510.0,0.065
287512.0,0.055
287530.0,0.15
287531.0,0.025
287543.0,0.135
287549.0,0.17
287564.0,0.195
287574.0,0.03
287580.0,0.03
287587.0,0.075
287594.0,0.175
287605.0,0.135
287617.0,0.195
287621.0,0.145
287626.0,0.04
287629.0,0.11
287632.0,0.32
287636.0,0.155
287644.0,0.185
287648.0,0.16
287666.0,0.185
287672.0,0.105
287701.0,0.115
287708.0,0.06
287718.0,0.15
287724.0,0.215
287726.0,0.04
287729.0,0.1
287732.0,0.2
287733.0,0.02
287734.0,0.26
287750.0,0.27
287755.0,0.11
287762.0,0.355
287764.0,0.065
287766.0,0.035
287775.0,0.015
287781.0,0.045
287785.0,0.04
287789.0,0.095
287792.0,0.2
287796.0,0.01
287804.0,0.19
287822.0,0.07
287835.0,0.07
287840.0,0.11
287850.0,0.1
287851.0,0.165
287852.0,0.21
287858.0,0.195
287859.0,0.08
287860.0,0.135
287861.0,0.1
287866.0,0.065
287868.0,0.08
287873.0,0.18
287876.0,0.125
287877.0,0.09
287878.0,0.045
287879.0,0.2
287883.0,0.19
287888.0,0.025
287894.0,0.275
287895.0,0.085
287912.0,0.205
287915.0,0.18
287920.0,0.025
287922.0,0.115
287926.0,0.06
287929.0,0.23
287931.0,0.19
287936.0,0.125
287942.0,0.125
287946.0,0.085
287948.0,0.245
287963.0,0.4
288003.0,0.055
288005.0,0.065
288012.0,0.21
288013.0,0.22
288026.0,0.085
288027.0,0.12
288031.0,0.14
288039.0,0.04
288041.0,0.31
288045.0,0.175
288065.0,0.14
288068.0,0.135
288079.0,0.085
288084.0,0.28
288111.0,0.2
288129.0,0.11
288138.0,0.335
288154.0,0.185
288167.0,0.025
288178.0,0.095
288184.0,0.03
288193.0,0.035
288203.0,0.23
288207.0,0.28
288223.0,0.14
288226.0,0.145
288237.0,0.05
288257.0,0.375
288259.0,0.06
288269.0,0.135
288273.0,0.13
288276.0,0.13
288280.0,0.03
288283.0,0.14
288291.0,0.175
288299.0,0.1
288305.0,0.155
288316.0,0.065
288322.0,0.085
288333.0,0.015
288337.0,0.215
288341.0,0.045
288345.0,0.045
288348.0,0.035
288350.0,0.1
288353.0,0.28
288372.0,0.105
288375.0,0.255
288395.0,0.055
288408.0,0.095
288425.0,0.145
288430.0,0.28
288433.0,0.065
288459.0,0.18
288462.0,0.12
288463.0,0.11
288470.0,0.14
288472.0,0.115
288475.0,0.09
288495.0,0.28
288517.0,0.19
288530.0,0.34
288535.0,0.205
288539.0,0.05
288540.0,0.115
288547.0,0.325
288553.0,0.135
288555.0,0.43
288556.0,0.135
288562.0,0.02
288564.0,0.055
288567.0,0.17
288576.0,0.075
288579.0,0.015
288580.0,0.325
288589.0,0.075
288596.0,0.3
288597.0,0.175
288599.0,0.03
288601.0,0.11
288617.0,0.11
288621.0,0.275
288635.0,0.035
288656.0,0.065
288666.0,0.04
288670.0,0.235
288671.0,0.07
288673.0,0.11
288678.0,0.235
288693.0,0.445
288699.0,0.03
288706.0,0.245
288728.0,0.08
288739.0,0.12
288741.0,0.1
288755.0,0.105
288763.0,0.065
288766.0,0.12
288775.0,0.165
288780.0,0.045
288793.0,0.145
288811.0,0.08
288821.0,0.145
288829.0,0.1
288835.0,0.04
288836.0,0.065
288838.0,0.335
288851.0,0.02
288853.0,0.055
288854.0,0.09
288855.0,0.055
288876.0,0.09
288879.0,0.27
288884.0,0.245
288886.0,0.12
288891.0,0.11
288898.0,0.16
288911.0,0.245
288913.0,0.045
288927.0,0.1
288928.0,0.065
288931.0,0.165
288955.0,0.055
288961.0,0.045
288969.0,0.225
288971.0,0.06
288973.0,0.255
288982.0,0.055
288983.0,0.08
288986.0,0.08
288992.0,0.09
288993.0,0.05
288996.0,0.215
289007.0,0.22
289008.0,0.075
289014.0,0.12
289015.0,0.095
289016.0,0.05
289017.0,0.1
289028.0,0.055
289030.0,0.32
289040.0,0.07
289048.0,0.025
289051.0,0.145
289055.0,0.045
289057.0,0.04
289062.0,0.27
289063.0,0.13
289069.0,0.115
289073.0,0.045
289074.0,0.04
289085.0,0.085
289092.0,0.045
289097.0,0.08
289111.0,0.205
289112.0,0.23
289116.0,0.06
289123.0,0.045
289145.0,0.355
289146.0,0.2
289158.0,0.175
289165.0,0.11
289166.0,0.185
289167.0,0.19
289170.0,0.305
289193.0,0.13
289198.0,0.03
289209.0,0.215
289211.0,0.065
289215.0,0.095
289220.0,0.135
289232.0,0.105
289244.0,0.18
289258.0,0.1
289271.0,0.105
289274.0,0.125
289312.0,0.175
289321.0,0.18
289325.0,0.06
289333.0,0.095
289340.0,0.155
289368.0,0.03
289375.0,0.08
289380.0,0.21
289381.0,0.07
289384.0,0.185
289403.0,0.045
289408.0,0.125
289416.0,0.08
289463.0,0.36
289488.0,0.075
289495.0,0.285
289498.0,0.08
289499.0,0.06
289515.0,0.045
289531.0,0.035
289541.0,0.08
289554.0,0.05
289565.0,0.08
289590.0,0.08
289596.0,0.315
289601.0,0.25
289602.0,0.11
289603.0,0.045
289608.0,0.12
289622.0,0.105
289623.0,0.085
289625.0,0.035
289634.0,0.085
289648.0,0.1
289650.0,0.055
289662.0,0.055
289667.0,0.215
289674.0,0.015
289682.0,0.025
289702.0,0.115
289706.0,0.065
289709.0,0.17
289716.0,0.21
289725.0,0.06
289732.0,0.05
289743.0,0.08
289762.0,0.085
289766.0,0.12
289770.0,0.095
289775.0,0.24
289777.0,0.05
289783.0,0.135
289797.0,0.03
289798.0,0.045
289802.0,0.22
289812.0,0.245
289814.0,0.055
289819.0,0.12
289828.0,0.21
289831.0,0.19
289835.0,0.11
289844.0,0.125
289850.0,0.04
289851.0,0.265
289865.0,0.02
289869.0,0.11
289891.0,0.38
289907.0,0.125
289919.0,0.085
289923.0,0.175
289924.0,0.14
289927.0,0.08
289929.0,0.325
289951.0,0.055
289959.0,0.045
289964.0,0.14
289965.0,0.12
289966.0,0.08
289971.0,0.08
289988.0,0.21
289989.0,0.075
289995.0,0.175
290005.0,0.11
290013.0,0.12
290031.0,0.25
290036.0,0.215
290038.0,0.31
290041.0,0.21
290056.0,0.215
290058.0,0.04
290065.0,0.15
290069.0,0.115
290070.0,0.12
290074.0,0.27
290076.0,0.095
290082.0,0.155
290105.0,0.04
290111.0,0.06
290114.0,0.13
290116.0,0.065
290117.0,0.325
290128.0,0.12
290130.0,0.065
290139.0,0.1
290151.0,0.025
290154.0,0.045
290158.0,0.185
290180.0,0.08
290183.0,0.065
290190.0,0.24
290191.0,0.19
290199.0,0.135
290200.0,0.215
290202.0,0.06
290205.0,0.245
290206.0,0.01
290219.0,0.14
290227.0,0.055
290232.0,0.095
290233.0,0.095
290242.0,0.125
290246.0,0.095
290247.0,0.14
290257.0,0.13
290259.0,0.16
290260.0,0.11
290270.0,0.035
290273.0,0.175
290276.0,0.27
290281.0,0.235
290296.0,0.125
290303.0,0.08
290306.0,0.06
290331.0,0.09
290340.0,0.065
290349.0,0.26
290355.0,0.105
290365.0,0.12
290379.0,0.385
290389.0,0.03
290408.0,0.03
290409.0,0.21
290433.0,0.16
290437.0,0.095
290440.0,0.09
290448.0,0.115
290466.0,0.03
290467.0,0.12
290479.0,0.08
290490.0,0.115
290492.0,0.04
290503.0,0.155
290508.0,0.105
290524.0,0.22
290526.0,0.175
290527.0,0.075
290541.0,0.135
290557.0,0.16
290564.0,0.16
290572.0,0.07
290576.0,0.15
290588.0,0.07
290589.0,0.09
290595.0,0.08
290598.0,0.045
290605.0,0.115
290609.0,0.05
290610.0,0.055
290612.0,0.105
290634.0,0.1
290635.0,0.165
290644.0,0.25
290672.0,0.19
290681.0,0.155
290693.0,0.14
290695.0,0.05
290702.0,0.09
290703.0,0.025
290711.0,0.26
290713.0,0.2
290727.0,0.205
290730.0,0.065
290734.0,0.16
290745.0,0.145
290746.0,0.15
290751.0,0.12
290758.0,0.05
290766.0,0.14
290784.0,0.1
290786.0,0.045
290813.0,0.255
290849.0,0.215
290852.0,0.04
290881.0,0.245
290884.0,0.005
290885.0,0.075
290889.0,0.025
290911.0,0.08
290913.0,0.15
290923.0,0.035
290926.0,0.03
290936.0,0.08
290941.0,0.17
290945.0,0.185
290955.0,0.045
290961.0,0.15
290964.0,0.07
290967.0,0.045
290970.0,0.075
290974.0,0.055
290976.0,0.045
290978.0,0.05
290981.0,0.04
290991.0,0.075
291005.0,0.045
291009.0,0.095
291011.0,0.11
291012.0,0.34
291018.0,0.205
291023.0,0.08
291028.0,0.135
291034.0,0.145
291038.0,0.15
291039.0,0.215
291041.0,0.24
291045.0,0.13
291048.0,0.21
291052.0,0.13
291055.0,0.05
291082.0,0.185
291085.0,0.125
291086.0,0.075
291094.0,0.035
291103.0,0.18
291108.0,0.145
291110.0,0.15
291113.0,0.085
291117.0,0.065
291124.0,0.18
291129.0,0.07
291142.0,0.115
291155.0,0.25
291157.0,0.32
291177.0,0.05
291178.0,0.075
291180.0,0.045
291188.0,0.345
291198.0,0.13
291200.0,0.06
291202.0,0.085
291207.0,0.06
291218.0,0.065
291231.0,0.29
291232.0,0.1
291240.0,0.055
291241.0,0.31
291245.0,0.115
291256.0,0.03
291273.0,0.195
291274.0,0.255
291277.0,0.14
291290.0,0.19
291303.0,0.165
291310.0,0.045
291311.0,0.13
291319.0,0.28
291324.0,0.165
291331.0,0.115
291334.0,0.085
291348.0,0.27
291349.0,0.41
291359.0,0.085
291365.0,0.015
291379.0,0.16
291396.0,0.14
291411.0,0.15
291424.0,0.13
291425.0,0.025
291428.0,0.135
291446.0,0.135
291449.0,0.02
291461.0,0.18
291465.0,0.11
291480.0,0.285
291486.0,0.085
291487.0,0.05
291491.0,0.045
291499.0,0.035
291505.0,0.09
291512.0,0.195
291513.0,0.07
291521.0,0.015
291523.0,0.035
291543.0,0.18
291545.0,0.095
291546.0,0.27
291550.0,0.05
291552.0,0.145
291561.0,0.125
291579.0,0.1
291584.0,0.335
291586.0,0.075
291590.0,0.11
291592.0,0.395
291593.0,0.04
291599.0,0.16
291615.0,0.03
291617.0,0.035
291628.0,0.17
291654.0,0.1
291658.0,0.32
291659.0,0.025
291661.0,0.215
291671.0,0.11
291677.0,0.055
291689.0,0.095
291693.0,0.15
291695.0,0.085
291696.0,0.18
291697.0,0.135
291702.0,0.09
291711.0,0.055
291713.0,0.12
291715.0,0.185
291718.0,0.11
291733.0,0.1
291742.0,0.11
291748.0,0.095
291765.0,0.055
291771.0,0.06
291773.0,0.18
291788.0,0.035
291789.0,0.195
291796.0,0.125
291800.0,0.205
291817.0,0.05
291822.0,0.22
291840.0,0.245
291843.0,0.045
291855.0,0.15
291858.0,0.06
291870.0,0.14
291872.0,0.04
291874.0,0.055
291883.0,0.1
291888.0,0.07
291894.0,0.085
291901.0,0.025
291928.0,0.215
291930.0,0.065
291949.0,0.015
291951.0,0.1
291953.0,0.1
291955.0,0.09
291963.0,0.16
291969.0,0.2
291980.0,0.12
292010.0,0.07
292022.0,0.06
292023.0,0.075
292031.0,0.09
292034.0,0.065
292043.0,0.1
292049.0,0.145
292055.0,0.11
292062.0,0.225
292070.0,0.13
292072.0,0.235
292073.0,0.03
292082.0,0.09
292096.0,0.125
292098.0,0.135
292116.0,0.085
292118.0,0.2
292126.0,0.29
292128.0,0.085
292137.0,0.135
292138.0,0.025
292142.0,0.19
292149.0,0.185
292181.0,0.195
292189.0,0.06
292191.0,0.05
292205.0,0.125
292219.0,0.17
292227.0,0.025
292231.0,0.2
292238.0,0.145
292246.0,0.1
292248.0,0.18
292259.0,0.085
292261.0,0.155
292266.0,0.16
292267.0,0.055
292272.0,0.135
292278.0,0.34
292281.0,0.08
292286.0,0.035
292288.0,0.14
292289.0,0.025
292304.0,0.065
292307.0,0.065
292319.0,0.085
292320.0,0.065
292325.0,0.21
292326.0,0.195
292331.0,0.04
292332.0,0.025
292333.0,0.03
292334.0,0.09
292337.0,0.065
292338.0,0.15
292342.0,0.04
292347.0,0.055
292350.0,0.075
292355.0,0.04
292360.0,0.06
292362.0,0.035
292363.0,0.34
292364.0,0.055
292383.0,0.365
292397.0,0.12
292409.0,0.21
292417.0,0.225
292426.0,0.04
292428.0,0.085
292439.0,0.315
292443.0,0.21
292448.0,0.115
292451.0,0.06
292452.0,0.135
292456.0,0.05
292460.0,0.055
292463.0,0.13
292464.0,0.22
292476.0,0.075
292480.0,0.12
292483.0,0.02
292493.0,0.05
292501.0,0.245
292506.0,0.055
292508.0,0.03
292513.0,0.155
292525.0,0.125
292533.0,0.095
292540.0,0.155
292541.0,0.01
292544.0,0.095
292549.0,0.12
292550.0,0.075
292557.0,0.155
292558.0,0.06
292562.0,0.04
292564.0,0.04
292583.0,0.155
292612.0,0.07
292618.0,0.03
292623.0,0.185
292631.0,0.03
292633.0,0.085
292641.0,0.095
292643.0,0.075
292649.0,0.065
292650.0,0.125
292651.0,0.2
292655.0,0.135
292659.0,0.08
292677.0,0.075
292693.0,0.06
292697.0,0.125
292700.0,0.175
292702.0,0.1
292710.0,0.07
292727.0,0.185
292731.0,0.17
292732.0,0.06
292734.0,0.04
292735.0,0.065
292737.0,0.07
292739.0,0.14
292741.0,0.05
292767.0,0.025
292778.0,0.1
292807.0,0.255
292813.0,0.145
292834.0,0.155
292837.0,0.055
292839.0,0.085
292844.0,0.1
292869.0,0.065
292874.0,0.045
292892.0,0.11
292894.0,0.165
292916.0,0.175
292921.0,0.16
292925.0,0.21
292929.0,0.105
292933.0,0.09
292935.0,0.12
292938.0,0.025
292945.0,0.15
292946.0,0.14
292953.0,0.12
292966.0,0.165
292968.0,0.105
292983.0,0.055
292988.0,0.135
292992.0,0.06
292997.0,0.11
293002.0,0.07
293013.0,0.04
293030.0,0.255
293043.0,0.22
293070.0,0.315
293093.0,0.04
293103.0,0.245
293104.0,0.03
293117.0,0.3
293123.0,0.135
293126.0,0.34
293128.0,0.025
293136.0,0.045
293142.0,0.055
293146.0,0.245
293149.0,0.305
293159.0,0.085
293169.0,0.11
293172.0,0.085
293175.0,0.06
293176.0,0.13
293192.0,0.005
293213.0,0.135
293218.0,0.145
293219.0,0.105
293224.0,0.14
293225.0,0.095
293234.0,0.16
293243.0,0.155
293249.0,0.035
293256.0,0.06
293276.0,0.375
293283.0,0.175
293295.0,0.075
293308.0,0.11
293309.0,0.145
293316.0,0.145
293326.0,0.14
293330.0,0.05
293351.0,0.255
293361.0,0.05
293366.0,0.345
293376.0,0.105
293377.0,0.08
293382.0,0.14
293383.0,0.18
293385.0,0.07
293402.0,0.205
293403.0,0.145
293405.0,0.095
293412.0,0.135
293430.0,0.115
293435.0,0.055
293438.0,0.115
293445.0,0.045
293447.0,0.215
293451.0,0.125
293463.0,0.015
293471.0,0.05
293482.0,0.05
293485.0,0.12
293493.0,0.15
293496.0,0.1
293505.0,0.255
293507.0,0.07
293508.0,0.21
293518.0,0.125
293524.0,0.06
293527.0,0.06
293537.0,0.025
293542.0,0.15
293556.0,0.04
293560.0,0.165
293563.0,0.19
293565.0,0.03
293597.0,0.34
293603.0,0.06
293607.0,0.075
293621.0,0.05
293622.0,0.04
293623.0,0.22
293636.0,0.25
293643.0,0.19
293659.0,0.175
293678.0,0.095
293679.0,0.125
293681.0,0.105
293684.0,0.125
293692.0,0.11
293696.0,0.045
293733.0,0.035
293734.0,0.055
293745.0,0.06
293751.0,0.07
293770.0,0.265
293778.0,0.135
293789.0,0.055
293809.0,0.06
293815.0,0.025
293816.0,0.205
293819.0,0.21
293822.0,0.14
293846.0,0.255
293849.0,0.025
293850.0,0.195
293851.0,0.155
293860.0,0.035
293863.0,0.14
293881.0,0.15
293900.0,0.11
293907.0,0.165
293915.0,0.075
293931.0,0.02
293935.0,0.03
293942.0,0.13
293944.0,0.285
293967.0,0.105
293968.0,0.135
293971.0,0.07
293972.0,0.12
293974.0,0.115
293976.0,0.105
293985.0,0.07
293996.0,0.395
294004.0,0.095
294007.0,0.155
294010.0,0.055
294013.0,0.165
294016.0,0.285
294018.0,0.26
294028.0,0.18
294041.0,0.065
294047.0,0.02
294055.0,0.07
294062.0,0.095
294069.0,0.1
294075.0,0.22
294091.0,0.095
294108.0,0.135
294116.0,0.135
294125.0,0.045
294129.0,0.115
294130.0,0.055
294134.0,0.045
294135.0,0.15
294136.0,0.11
294141.0,0.085
294160.0,0.09
294164.0,0.1
294184.0,0.14
294191.0,0.105
294195.0,0.045
294199.0,0.01
294208.0,0.16
294221.0,0.02
294225.0,0.15
294230.0,0.1
294236.0,0.29
294256.0,0.03
294257.0,0.07
294258.0,0.19
294282.0,0.12
294287.0,0.125
294290.0,0.145
294300.0,0.145
294302.0,0.095
294313.0,0.04
294314.0,0.22
294322.0,0.055
294336.0,0.1
294339.0,0.295
294348.0,0.145
294365.0,0.325
294373.0,0.14
294383.0,0.035
294403.0,0.045
294406.0,0.125
294417.0,0.275
294452.0,0.425
294463.0,0.2
294471.0,0.105
294486.0,0.035
294501.0,0.125
294504.0,0.21
294509.0,0.13
294511.0,0.085
294519.0,0.04
294530.0,0.205
294532.0,0.175
294547.0,0.225
294548.0,0.08
294554.0,0.04
294577.0,0.24
294578.0,0.095
294580.0,0.09
294583.0,0.09
294592.0,0.03
294595.0,0.085
294602.0,0.035
294613.0,0.29
294617.0,0.055
294631.0,0.445
294641.0,0.235
294653.0,0.215
294657.0,0.05
294661.0,0.175
294665.0,0.035
294668.0,0.06
294671.0,0.075
294682.0,0.055
294685.0,0.065
294688.0,0.13
294690.0,0.315
294698.0,0.08
294717.0,0.11
294724.0,0.095
294726.0,0.03
294738.0,0.14
294744.0,0.105
294758.0,0.405
294762.0,0.03
294776.0,0.155
294777.0,0.07
294807.0,0.1
294816.0,0.115
294821.0,0.065
294825.0,0.125
294834.0,0.06
294835.0,0.06
294836.0,0.165
294840.0,0.07
294842.0,0.21
294864.0,0.06
294874.0,0.12
294880.0,0.21
294881.0,0.015
294897.0,0.08
294898.0,0.075
294920.0,0.14
294923.0,0.185
294926.0,0.075
294937.0,0.19
294941.0,0.11
294951.0,0.305
294952.0,0.03
294953.0,0.02
294982.0,0.07
294989.0,0.09
294995.0,0.2
295009.0,0.16
295010.0,0.2
295013.0,0.045
295016.0,0.05
295022.0,0.07
295024.0,0.12
295040.0,0.23
295045.0,0.165
295047.0,0.13
295056.0,0.135
295073.0,0.18
295080.0,0.045
295093.0,0.12
295094.0,0.32
295095.0,0.095
295107.0,0.035
295116.0,0.2
295140.0,0.1
295150.0,0.22
295154.0,0.205
295155.0,0.23
295162.0,0.135
295163.0,0.04
295168.0,0.185
295176.0,0.075
295182.0,0.085
295183.0,0.155
295216.0,0.15
295219.0,0.05
295239.0,0.05
295246.0,0.03
295255.0,0.08
295257.0,0.175
295261.0,0.04
295263.0,0.06
295265.0,0.125
295274.0,0.22
295281.0,0.12
295286.0,0.1
295299.0,0.115
295304.0,0.055
295306.0,0.085
295321.0,0.035
295339.0,0.1
295342.0,0.115
295346.0,0.16
295348.0,0.085
295354.0,0.025
295367.0,0.225
295372.0,0.1
295373.0,0.04
295374.0,0.1
295387.0,0.035
295389.0,0.15
295396.0,0.225
295415.0,0.215
295418.0,0.165
295421.0,0.045
295425.0,0.035
295431.0,0.09
295434.0,0.09
295443.0,0.125
295453.0,0.065
295473.0,0.035
295476.0,0.12
295477.0,0.19
295488.0,0.175
295499.0,0.085
295504.0,0.05
295505.0,0.22
295524.0,0.11
295529.0,0.08
295533.0,0.17
295534.0,0.065
295549.0,0.05
295565.0,0.055
295584.0,0.065
295585.0,0.08
295597.0,0.06
295599.0,0.31
295604.0,0.03
295616.0,0.135
295635.0,0.105
295637.0,0.07
295670.0,0.04
295678.0,0.035
295701.0,0.11
295711.0,0.25
295713.0,0.155
295734.0,0.165
295739.0,0.06
295750.0,0.05
295773.0,0.31
295783.0,0.14
295787.0,0.105
295790.0,0.08
295795.0,0.155
295820.0,0.02
295821.0,0.045
295826.0,0.05
295836.0,0.11
295837.0,0.155
295842.0,0.045
295848.0,0.015
295850.0,0.2
295869.0,0.105
295871.0,0.14
295873.0,0.115
295879.0,0.12
295880.0,0.175
295892.0,0.095
295904.0,0.17
295907.0,0.025
295908.0,0.09
295913.0,0.065
295918.0,0.055
295921.0,0.18
295924.0,0.175
295949.0,0.025
295953.0,0.03
295961.0,0.03
295968.0,0.14
295971.0,0.145
295985.0,0.095
295986.0,0.095
295987.0,0.12
295993.0,0.21
295997.0,0.185
296005.0,0.1
296007.0,0.095
296012.0,0.165
296022.0,0.11
296024.0,0.06
296032.0,0.055
296034.0,0.055
296062.0,0.035
296070.0,0.015
296074.0,0.07
296084.0,0.045
296087.0,0.05
296088.0,0.09
296089.0,0.205
296143.0,0.07
296172.0,0.085
296183.0,0.08
296185.0,0.08
296194.0,0.12
296199.0,0.37
296204.0,0.195
296206.0,0.215
296209.0,0.245
296229.0,0.115
296239.0,0.0
296253.0,0.1
296259.0,0.4
296264.0,0.03
296270.0,0.28
296273.0,0.15
296284.0,0.195
296285.0,0.1
296287.0,0.06
296288.0,0.065
296292.0,0.2
296300.0,0.225
296301.0,0.065
296321.0,0.245
296324.0,0.12
296335.0,0.445
296348.0,0.03
296354.0,0.045
296369.0,0.275
296376.0,0.145
296391.0,0.05
296393.0,0.115
296398.0,0.165
296428.0,0.105
296432.0,0.125
296433.0,0.095
296449.0,0.19
296450.0,0.11
296490.0,0.13
296498.0,0.1
296499.0,0.07
296500.0,0.125
296509.0,0.08
296514.0,0.075
296518.0,0.055
296527.0,0.065
296532.0,0.04
296541.0,0.055
296544.0,0.14
296546.0,0.035
296573.0,0.22
296578.0,0.085
296589.0,0.085
296594.0,0.19
296616.0,0.18
296623.0,0.16
296624.0,0.095
296632.0,0.1
296633.0,0.1
296639.0,0.155
296647.0,0.1
296656.0,0.18
296678.0,0.02
296679.0,0.115
296695.0,0.07
296696.0,0.165
296714.0,0.05
296721.0,0.105
296739.0,0.065
296744.0,0.315
296747.0,0.21
296758.0,0.135
296760.0,0.045
296766.0,0.08
296769.0,0.025
296776.0,0.05
296780.0,0.11
296782.0,0.37
296790.0,0.14
296795.0,0.135
296801.0,0.045
296803.0,0.155
296806.0,0.12
296811.0,0.045
296813.0,0.04
296818.0,0.27
296822.0,0.105
296839.0,0.185
296848.0,0.025
296863.0,0.12
296871.0,0.09
296872.0,0.195
296877.0,0.035
296882.0,0.185
296885.0,0.075
296903.0,0.25
296906.0,0.16
296912.0,0.03
296916.0,0.06
296922.0,0.09
296926.0,0.165
296927.0,0.04
296935.0,0.11
296939.0,0.065
296942.0,0.125
296954.0,0.215
296968.0,0.08
296971.0,0.13
296984.0,0.135
297004.0,0.045
297011.0,0.1
297017.0,0.07
297019.0,0.19
297021.0,0.055
297025.0,0.075
297033.0,0.125
297038.0,0.2
297042.0,0.245
297065.0,0.065
297089.0,0.115
297093.0,0.19
297098.0,0.14
297100.0,0.03
297111.0,0.055
297115.0,0.26
297121.0,0.17
297123.0,0.17
297129.0,0.1
297132.0,0.085
297139.0,0.105
297147.0,0.2
297148.0,0.35
297161.0,0.165
297167.0,0.075
297171.0,0.15
297173.0,0.05
297179.0,0.05
297189.0,0.2
297200.0,0.025
297201.0,0.18
297220.0,0.08
297229.0,0.095
297234.0,0.025
297252.0,0.19
297266.0,0.29
297269.0,0.03
297276.0,0.145
297292.0,0.045
297300.0,0.18
297303.0,0.035
297305.0,0.235
297307.0,0.19
297313.0,0.29
297336.0,0.13
297340.0,0.195
297344.0,0.07
297349.0,0.03
297358.0,0.115
297363.0,0.14
297369.0,0.1
297372.0,0.045
297380.0,0.215
297384.0,0.11
297385.0,0.24
297389.0,0.025
297390.0,0.2
297415.0,0.175
297419.0,0.26
297421.0,0.32
297424.0,0.03
297431.0,0.085
297447.0,0.09
297456.0,0.09
297457.0,0.065
297463.0,0.095
297464.0,0.15
297474.0,0.115
297479.0,0.085
297480.0,0.36
297494.0,0.1
297495.0,0.095
297507.0,0.04
297514.0,0.105
297515.0,0.015
297516.0,0.18
297521.0,0.08
297534.0,0.13
297553.0,0.02
297575.0,0.18
297584.0,0.14
297586.0,0.06
297606.0,0.055
297630.0,0.06
297636.0,0.055
297646.0,0.175
297650.0,0.055
297651.0,0.14
297656.0,0.075
297675.0,0.095
297681.0,0.125
297699.0,0.045
297702.0,0.12
297712.0,0.11
297718.0,0.165
297730.0,0.21
297731.0,0.055
297745.0,0.045
297768.0,0.14
297771.0,0.1
297774.0,0.06
297781.0,0.08
297786.0,0.34
297798.0,0.25
297809.0,0.07
297822.0,0.15
297828.0,0.04
297840.0,0.03
297852.0,0.1
297859.0,0.04
297868.0,0.075
297883.0,0.09
297887.0,0.045
297896.0,0.165
297898.0,0.08
297917.0,0.24
297943.0,0.01
297954.0,0.195
297965.0,0.08
297992.0,0.055
297993.0,0.065
298001.0,0.145
298005.0,0.155
298010.0,0.08
298013.0,0.06
298014.0,0.245
298015.0,0.14
298025.0,0.39
298026.0,0.085
298032.0,0.24
298039.0,0.31
298049.0,0.1
298051.0,0.055
298058.0,0.04
298062.0,0.065
298070.0,0.14
298078.0,0.17
298084.0,0.28
298108.0,0.2
298113.0,0.085
298115.0,0.08
298126.0,0.06
298131.0,0.015
298134.0,0.095
298135.0,0.075
298139.0,0.06
298142.0,0.045
298152.0,0.07
298154.0,0.09
298155.0,0.055
298161.0,0.305
298165.0,0.355
298166.0,0.39
298171.0,0.005
298179.0,0.115
298182.0,0.2
298187.0,0.08
298192.0,0.05
298194.0,0.1
298213.0,0.205
298215.0,0.185
298216.0,0.045
298217.0,0.06
298223.0,0.11
298256.0,0.23
298275.0,0.045
298277.0,0.155
298279.0,0.115
298285.0,0.105
298286.0,0.405
298296.0,0.035
298309.0,0.22
298312.0,0.125
298323.0,0.04
298330.0,0.035
298340.0,0.12
298341.0,0.055
298349.0,0.1
298353.0,0.075
298363.0,0.11
298367.0,0.04
298378.0,0.205
298380.0,0.155
298392.0,0.245
298395.0,0.13
298405.0,0.2
298426.0,0.305
298427.0,0.105
298444.0,0.025
298450.0,0.065
298458.0,0.01
298462.0,0.135
298463.0,0.01
298479.0,0.06
298480.0,0.085
298487.0,0.1
298499.0,0.07
298500.0,0.125
298506.0,0.065
298507.0,0.085
298512.0,0.17
298515.0,0.11
298517.0,0.17
298532.0,0.355
298533.0,0.07
298560.0,0.17
298564.0,0.165
298567.0,0.43
298568.0,0.065
298569.0,0.34
298570.0,0.34
298579.0,0.05
298583.0,0.075
298591.0,0.06
298593.0,0.32
298600.0,0.09
298609.0,0.04
298620.0,0.225
298622.0,0.06
298628.0,0.055
298633.0,0.16
298657.0,0.125
298669.0,0.125
298671.0,0.265
298677.0,0.11
298692.0,0.03
298703.0,0.09
298705.0,0.05
298711.0,0.075
298713.0,0.105
298757.0,0.165
298766.0,0.035
298768.0,0.165
298770.0,0.195
298776.0,0.265
298785.0,0.09
298787.0,0.13
298792.0,0.195
298795.0,0.065
298799.0,0.075
298806.0,0.255
298810.0,0.19
298818.0,0.07
298822.0,0.1
298823.0,0.04
298834.0,0.025
298837.0,0.115
298841.0,0.125
298845.0,0.065
298852.0,0.165
298855.0,0.05
298858.0,0.165
298860.0,0.08
298861.0,0.035
298863.0,0.055
298866.0,0.17
298873.0,0.195
298880.0,0.175
298889.0,0.055
298896.0,0.28
298917.0,0.22
298929.0,0.055
298940.0,0.175
298946.0,0.19
298949.0,0.05
298966.0,0.145
298984.0,0.08
298994.0,0.075
299004.0,0.375
299012.0,0.1
299022.0,0.235
299024.0,0.1
299026.0,0.12
299035.0,0.115
299036.0,0.08
299039.0,0.085
299061.0,0.105
299064.0,0.11
299067.0,0.15
299074.0,0.225
299075.0,0.045
299078.0,0.155
299109.0,0.19
299117.0,0.11
299121.0,0.105
299127.0,0.165
299134.0,0.165
299136.0,0.055
299137.0,0.105
299139.0,0.19
299168.0,0.03
299176.0,0.01
299184.0,0.08
299188.0,0.215
299191.0,0.28
299208.0,0.1
299229.0,0.07
299238.0,0.175
299241.0,0.315
299257.0,0.06
299260.0,0.125
299264.0,0.26
299279.0,0.075
299308.0,0.055
299310.0,0.075
299311.0,0.09
299317.0,0.29
299325.0,0.145
299329.0,0.085
299334.0,0.145
299335.0,0.23
299339.0,0.13
299351.0,0.125
299352.0,0.02
299365.0,0.375
299393.0,0.105
299400.0,0.11
299404.0,0.05
299406.0,0.165
299410.0,0.195
299413.0,0.115
299434.0,0.33
299448.0,0.075
299463.0,0.14
299464.0,0.22
299470.0,0.16
299480.0,0.08
299488.0,0.03
299496.0,0.165
299501.0,0.11
299504.0,0.195
299532.0,0.105
299536.0,0.2
299550.0,0.02
299554.0,0.05
299564.0,0.32
299577.0,0.05
299581.0,0.08
299594.0,0.085
299632.0,0.075
299633.0,0.2
299650.0,0.355
299678.0,0.16
299682.0,0.055
299705.0,0.14
299719.0,0.195
299720.0,0.105
299724.0,0.255
299730.0,0.05
299750.0,0.05
299766.0,0.115
299774.0,0.21
299787.0,0.03
299817.0,0.075
299818.0,0.165
299826.0,0.055
299833.0,0.09
299845.0,0.1
299847.0,0.37
299850.0,0.09
299866.0,0.075
299869.0,0.09
299870.0,0.17
299874.0,0.045
299877.0,0.2
299891.0,0.115
299898.0,0.17
299900.0,0.18
299904.0,0.07
299912.0,0.135
299914.0,0.04
299919.0,0.09
299931.0,0.04
299934.0,0.095
299941.0,0.295
299946.0,0.035
299947.0,0.22
299972.0,0.135
299973.0,0.325
299975.0,0.055
299979.0,0.09
299981.0,0.095
299983.0,0.255
299985.0,0.095
299986.0,0.075
300011.0,0.215
300013.0,0.05
300028.0,0.035
300042.0,0.095
300043.0,0.285
300058.0,0.13
300073.0,0.095
300075.0,0.17
300087.0,0.065
300090.0,0.075
300107.0,0.085
300115.0,0.12
300119.0,0.025
300122.0,0.5
300125.0,0.155
300126.0,0.11
300137.0,0.35
300139.0,0.195
300145.0,0.205
300155.0,0.035
300169.0,0.045
300170.0,0.195
300175.0,0.04
300177.0,0.185
300186.0,0.035
300188.0,0.085
300194.0,0.115
300207.0,0.265
300210.0,0.205
300217.0,0.18
300221.0,0.035
300235.0,0.035
300238.0,0.05
300240.0,0.27
300241.0,0.085
300249.0,0.05
300255.0,0.165
300259.0,0.145
300272.0,0.09
300274.0,0.24
300276.0,0.26
300284.0,0.045
300293.0,0.045
300306.0,0.03
300310.0,0.22
300324.0,0.175
300339.0,0.025
300346.0,0.095
300348.0,0.09
300354.0,0.05
300356.0,0.075
300358.0,0.17
300363.0,0.11
300366.0,0.23
300368.0,0.15
300370.0,0.06
300385.0,0.17
300392.0,0.21
300393.0,0.03
300403.0,0.215
300411.0,0.075
300420.0,0.095
300421.0,0.11
300435.0,0.205
300437.0,0.1
300440.0,0.135
300443.0,0.185
300456.0,0.12
300458.0,0.115
300459.0,0.19
300460.0,0.045
300462.0,0.075
300481.0,0.17
300486.0,0.145
300488.0,0.1
300503.0,0.15
300506.0,0.06
300517.0,0.105
300523.0,0.04
300525.0,0.06
300526.0,0.215
300552.0,0.1
300560.0,0.055
300570.0,0.03
300583.0,0.095
300585.0,0.145
300587.0,0.075
300598.0,0.13
300600.0,0.14
300608.0,0.215
300612.0,0.07
300618.0,0.04
300621.0,0.13
300640.0,0.075
300641.0,0.13
300651.0,0.105
300653.0,0.08
300667.0,0.09
300678.0,0.08
300680.0,0.07
300687.0,0.075
300702.0,0.215
300717.0,0.085
300722.0,0.01
300723.0,0.16
300732.0,0.285
300752.0,0.135
300761.0,0.33
300775.0,0.075
300786.0,0.185
300787.0,0.04
300788.0,0.125
300789.0,0.195
300794.0,0.11
300808.0,0.15
300834.0,0.04
300842.0,0.175
300844.0,0.135
300850.0,0.035
300851.0,0.195
300854.0,0.095
300866.0,0.065
300867.0,0.065
300868.0,0.135
300882.0,0.24
300883.0,0.07
300891.0,0.145
300894.0,0.02
300901.0,0.255
300904.0,0.125
300910.0,0.155
300914.0,0.155
300918.0,0.255
300948.0,0.435
300954.0,0.21
300958.0,0.175
300959.0,0.045
300970.0,0.01
300971.0,0.1
300975.0,0.17
300981.0,0.075
300983.0,0.145
300993.0,0.54
300996.0,0.03
301001.0,0.04
301005.0,0.125
301010.0,0.225
301021.0,0.385
301026.0,0.08
301029.0,0.01
301032.0,0.09
301061.0,0.215
301073.0,0.055
301083.0,0.065
301089.0,0.115
301093.0,0.115
301098.0,0.045
301103.0,0.2
301105.0,0.27
301112.0,0.245
301120.0,0.04
301122.0,0.105
301124.0,0.26
301137.0,0.09
301169.0,0.08
301173.0,0.17
301177.0,0.11
301179.0,0.02
301180.0,0.225
301185.0,0.055
301195.0,0.22
301199.0,0.145
301201.0,0.12
301206.0,0.175
301209.0,0.06
301210.0,0.115
301216.0,0.265
301224.0,0.24
301226.0,0.12
301227.0,0.135
301243.0,0.14
301246.0,0.015
301248.0,0.155
301252.0,0.05
301259.0,0.19
301260.0,0.04
301267.0,0.085
301268.0,0.11
301274.0,0.09
301281.0,0.04
301287.0,0.115
301288.0,0.05
301299.0,0.065
301304.0,0.04
301325.0,0.175
301327.0,0.17
301331.0,0.25
301332.0,0.06
301336.0,0.115
301345.0,0.255
301348.0,0.105
301356.0,0.205
301358.0,0.055
301360.0,0.015
301364.0,0.15
301389.0,0.1
301415.0,0.035
301421.0,0.145
301422.0,0.055
301424.0,0.135
301426.0,0.065
301433.0,0.14
301459.0,0.255
301460.0,0.145
301478.0,0.095
301483.0,0.06
301493.0,0.065
301494.0,0.05
301503.0,0.08
301510.0,0.255
301516.0,0.03
301530.0,0.09
301531.0,0.03
301549.0,0.04
301550.0,0.05
301555.0,0.135
301573.0,0.07
301588.0,0.075
301593.0,0.175
301613.0,0.115
301625.0,0.2
301643.0,0.11
301650.0,0.105
301651.0,0.225
301652.0,0.04
301653.0,0.2
301665.0,0.095
301684.0,0.11
301686.0,0.24
301694.0,0.08
301697.0,0.09
301698.0,0.17
301717.0,0.09
301725.0,0.11
301728.0,0.09
301734.0,0.055
301749.0,0.08
301761.0,0.19
301766.0,0.15
301775.0,0.35
301782.0,0.14
301784.0,0.16
301787.0,0.065
301789.0,0.21
301790.0,0.18
301804.0,0.34
301806.0,0.15
301817.0,0.11
301826.0,0.075
301837.0,0.105
301842.0,0.05
301848.0,0.035
301859.0,0.205
301860.0,0.06
301867.0,0.06
301877.0,0.025
301883.0,0.02
301902.0,0.165
301908.0,0.075
301916.0,0.05
301920.0,0.09
301921.0,0.08
301931.0,0.04
301939.0,0.09
301941.0,0.135
301943.0,0.06
301949.0,0.045
301955.0,0.115
301963.0,0.05
301968.0,0.065
301975.0,0.26
301988.0,0.05
302000.0,0.09
302005.0,0.1
302007.0,0.125
302016.0,0.31
302028.0,0.1
302038.0,0.08
302043.0,0.025
302051.0,0.035
302056.0,0.02
302063.0,0.37
302072.0,0.055
302074.0,0.16
302080.0,0.03
302093.0,0.2
302096.0,0.145
302123.0,0.04
302125.0,0.02
302128.0,0.07
302145.0,0.26
302146.0,0.08
302160.0,0.155
302166.0,0.095
302174.0,0.02
302175.0,0.055
302186.0,0.24
302190.0,0.08
302202.0,0.12
302207.0,0.145
302211.0,0.04
302215.0,0.06
302216.0,0.075
302217.0,0.07
302225.0,0.38
302231.0,0.06
302233.0,0.04
302259.0,0.045
302263.0,0.115
302281.0,0.105
302285.0,0.065
302288.0,0.13
302292.0,0.3
302303.0,0.14
302306.0,0.045
302309.0,0.1
302332.0,0.015
302341.0,0.02
302350.0,0.215
302352.0,0.205
302356.0,0.15
302361.0,0.06
302364.0,0.295
302373.0,0.075
302378.0,0.165
302385.0,0.06
302389.0,0.12
302393.0,0.22
302403.0,0.045
302422.0,0.075
302425.0,0.085
302431.0,0.335
302443.0,0.085
302448.0,0.04
302449.0,0.135
302455.0,0.165
302460.0,0.04
302462.0,0.08
302466.0,0.03
302467.0,0.12
302470.0,0.21
302472.0,0.025
302480.0,0.235
302481.0,0.055
302491.0,0.115
302494.0,0.035
302503.0,0.145
302504.0,0.16
302507.0,0.235
302527.0,0.2
302571.0,0.145
302580.0,0.165
302583.0,0.035
302591.0,0.025
302601.0,0.13
302613.0,0.14
302621.0,0.11
302638.0,0.15
302639.0,0.12
302655.0,0.065
302670.0,0.145
302673.0,0.275
302675.0,0.07
302691.0,0.09
302701.0,0.04
302705.0,0.075
302727.0,0.125
302750.0,0.095
302751.0,0.05
302757.0,0.1
302758.0,0.16
302761.0,0.22
302767.0,0.19
302787.0,0.02
302797.0,0.03
302799.0,0.255
302800.0,0.105
302815.0,0.055
302826.0,0.4
302827.0,0.02
302842.0,0.005
302856.0,0.025
302877.0,0.065
302879.0,0.055
302881.0,0.09
302882.0,0.175
302885.0,0.135
302905.0,0.09
302911.0,0.05
302916.0,0.18
302919.0,0.21
302947.0,0.055
302957.0,0.22
302968.0,0.025
302978.0,0.05
302984.0,0.16
302991.0,0.07
303007.0,0.11
303010.0,0.045
303012.0,0.38
303013.0,0.275
303024.0,0.095
303027.0,0.11
303034.0,0.08
303036.0,0.255
303037.0,0.06
303050.0,0.085
303060.0,0.18
303062.0,0.11
303066.0,0.04
303068.0,0.2
303077.0,0.23
303080.0,0.055
303082.0,0.05
303083.0,0.025
303085.0,0.125
303087.0,0.045
303089.0,0.125
303103.0,0.035
303105.0,0.03
303106.0,0.175
303120.0,0.065
303121.0,0.065
303127.0,0.075
303130.0,0.135
303142.0,0.055
303162.0,0.095
303169.0,0.225
303189.0,0.05
303220.0,0.095
303222.0,0.24
303223.0,0.08
303227.0,0.035
303262.0,0.1
303264.0,0.12
303277.0,0.075
303288.0,0.025
303292.0,0.095
303294.0,0.11
303301.0,0.375
303312.0,0.11
303328.0,0.13
303330.0,0.04
303347.0,0.03
303354.0,0.045
303356.0,0.02
303362.0,0.08
303377.0,0.11
303386.0,0.085
303393.0,0.045
303397.0,0.04
303403.0,0.265
303413.0,0.045
303416.0,0.125
303428.0,0.055
303429.0,0.1
303432.0,0.085
303446.0,0.155
303455.0,0.365
303464.0,0.07
303465.0,0.065
303473.0,0.125
303476.0,0.1
303479.0,0.09
303482.0,0.025
303484.0,0.105
303492.0,0.18
303493.0,0.265
303497.0,0.165
303498.0,0.12
303499.0,0.055
303509.0,0.035
303513.0,0.135
303524.0,0.02
303525.0,0.21
303540.0,0.025
303544.0,0.03
303548.0,0.085
303551.0,0.095
303569.0,0.135
303584.0,0.06
303592.0,0.145
303602.0,0.215
303607.0,0.135
303619.0,0.14
303630.0,0.065
303643.0,0.38
303644.0,0.24
303670.0,0.12
303671.0,0.12
303678.0,0.195
303689.0,0.07
303698.0,0.105
303702.0,0.075
303704.0,0.09
303711.0,0.08
303727.0,0.13
303728.0,0.065
303741.0,0.265
303752.0,0.05
303755.0,0.06
303777.0,0.05
303790.0,0.25
303798.0,0.06
303804.0,0.43
303812.0,0.065
303814.0,0.12
303817.0,0.235
303818.0,0.165
303848.0,0.145
303850.0,0.015
303854.0,0.045
303857.0,0.115
303860.0,0.04
303870.0,0.155
303877.0,0.1
303884.0,0.125
303893.0,0.03
303899.0,0.055
303900.0,0.505
303902.0,0.09
303906.0,0.185
303920.0,0.19
303937.0,0.23
303939.0,0.01
303941.0,0.03
303962.0,0.08
303963.0,0.19
303971.0,0.055
303978.0,0.11
303980.0,0.215
303986.0,0.095
304018.0,0.155
304025.0,0.025
304027.0,0.07
304028.0,0.2
304029.0,0.085
304030.0,0.06
304035.0,0.085
304040.0,0.125
304058.0,0.155
304083.0,0.185
304089.0,0.345
304092.0,0.17
304093.0,0.065
304100.0,0.04
304121.0,0.095
304142.0,0.12
304154.0,0.145
304158.0,0.305
304164.0,0.08
304173.0,0.24
304175.0,0.1
304182.0,0.065
304194.0,0.06
304201.0,0.21
304202.0,0.1
304206.0,0.045
304210.0,0.105
304226.0,0.03
304237.0,0.03
304256.0,0.18
304257.0,0.055
304265.0,0.08
304271.0,0.205
304274.0,0.095
304286.0,0.095
304292.0,0.155
304299.0,0.095
304350.0,0.08
304352.0,0.085
304355.0,0.075
304360.0,0.095
304361.0,0.285
304363.0,0.21
304375.0,0.21
304378.0,0.015
304382.0,0.195
304385.0,0.26
304386.0,0.165
304387.0,0.21
304388.0,0.055
304391.0,0.075
304398.0,0.045
304406.0,0.095
304420.0,0.085
304431.0,0.12
304436.0,0.4
304438.0,0.01
304440.0,0.055
304441.0,0.055
304450.0,0.07
304451.0,0.255
304454.0,0.155
304462.0,0.215
304466.0,0.09
304469.0,0.365
304472.0,0.09
304475.0,0.165
304481.0,0.075
304483.0,0.08
304485.0,0.12
304486.0,0.04
304504.0,0.14
304505.0,0.1
304512.0,0.045
304516.0,0.195
304517.0,0.02
304528.0,0.15
304530.0,0.07
304536.0,0.05
304549.0,0.06
304552.0,0.215
304554.0,0.26
304581.0,0.075
304593.0,0.06
304596.0,0.21
304604.0,0.11
304610.0,0.135
304614.0,0.1
304628.0,0.255
304629.0,0.06
304637.0,0.105
304644.0,0.06
304654.0,0.12
304664.0,0.255
304676.0,0.08
304680.0,0.165
304687.0,0.035
304696.0,0.205
304698.0,0.17
304700.0,0.18
304703.0,0.17
304704.0,0.065
304710.0,0.1
304717.0,0.075
304729.0,0.175
304732.0,0.02
304736.0,0.11
304738.0,0.145
304756.0,0.03
304771.0,0.065
304773.0,0.07
304776.0,0.13
304778.0,0.105
304779.0,0.195
304780.0,0.03
304790.0,0.235
304793.0,0.03
304805.0,0.235
304811.0,0.015
304825.0,0.065
304828.0,0.165
304829.0,0.135
304842.0,0.14
304851.0,0.145
304857.0,0.04
304884.0,0.165
304891.0,0.07
304897.0,0.29
304898.0,0.125
304905.0,0.08
304907.0,0.24
304917.0,0.05
304931.0,0.05
304935.0,0.055
304942.0,0.095
304954.0,0.205
304959.0,0.035
304968.0,0.16
304971.0,0.06
304977.0,0.135
304982.0,0.09
304985.0,0.05
304991.0,0.135
304992.0,0.205
304997.0,0.2
305004.0,0.07
305008.0,0.06
305019.0,0.06
305020.0,0.205
305025.0,0.065
305037.0,0.045
305046.0,0.23
305056.0,0.06
305062.0,0.06
305064.0,0.38
305065.0,0.04
305076.0,0.12
305108.0,0.125
305110.0,0.08
305115.0,0.23
305121.0,0.2
305125.0,0.02
305141.0,0.055
305151.0,0.025
305159.0,0.035
305162.0,0.095
305165.0,0.04
305174.0,0.13
305178.0,0.155
305180.0,0.145
305182.0,0.1
305183.0,0.075
305194.0,0.085
305199.0,0.255
305210.0,0.15
305214.0,0.45
305215.0,0.1
305218.0,0.135
305225.0,0.03
305229.0,0.075
305231.0,0.015
305233.0,0.055
305237.0,0.015
305260.0,0.04
305261.0,0.085
305278.0,0.18
305286.0,0.215
305293.0,0.025
305300.0,0.065
305301.0,0.275
305326.0,0.24
305334.0,0.11
305340.0,0.15
305348.0,0.065
305352.0,0.06
305359.0,0.065
305360.0,0.02
305362.0,0.085
305383.0,0.035
305406.0,0.065
305408.0,0.165
305412.0,0.33
305413.0,0.07
305414.0,0.305
305417.0,0.06
305421.0,0.135
305422.0,0.075
305447.0,0.07
305448.0,0.14
305450.0,0.06
305452.0,0.035
305459.0,0.025
305460.0,0.125
305474.0,0.085
305475.0,0.04
305481.0,0.2
305494.0,0.175
305503.0,0.295
305507.0,0.035
305508.0,0.135
305513.0,0.115
305518.0,0.05
305523.0,0.16
305526.0,0.155
305529.0,0.04
305532.0,0.115
305543.0,0.195
305555.0,0.01
305562.0,0.035
305571.0,0.055
305578.0,0.165
305579.0,0.05
305584.0,0.075
305603.0,0.09
305620.0,0.205
305626.0,0.1
305636.0,0.105
305640.0,0.04
305653.0,0.14
305662.0,0.11
305663.0,0.13
305667.0,0.11
305683.0,0.145
305698.0,0.055
305699.0,0.155
305707.0,0.14
305717.0,0.23
305723.0,0.03
305735.0,0.07
305738.0,0.155
305746.0,0.115
305766.0,0.11
305773.0,0.015
305776.0,0.025
305777.0,0.04
305809.0,0.12
305813.0,0.09
305816.0,0.085
305820.0,0.095
305826.0,0.195
305838.0,0.155
305839.0,0.065
305846.0,0.17
305861.0,0.235
305863.0,0.175
305869.0,0.065
305872.0,0.065
305876.0,0.035
305881.0,0.18
305887.0,0.14
305894.0,0.045
305898.0,0.04
305905.0,0.08
305908.0,0.02
305914.0,0.21
305915.0,0.04
305922.0,0.03
305938.0,0.21
305946.0,0.1
305956.0,0.105
305963.0,0.03
305965.0,0.08
305988.0,0.095
305990.0,0.075
305991.0,0.105
305994.0,0.11
305998.0,0.08
306003.0,0.075
306012.0,0.12
306016.0,0.065
306021.0,0.38
306025.0,0.135
306030.0,0.145
306047.0,0.07
306051.0,0.085
306063.0,0.21
306066.0,0.14
306069.0,0.04
306074.0,0.14
306091.0,0.095
306094.0,0.145
306095.0,0.08
306114.0,0.12
306116.0,0.02
306121.0,0.075
306127.0,0.39
306128.0,0.155
306133.0,0.15
306142.0,0.075
306144.0,0.19
306150.0,0.045
306153.0,0.03
306156.0,0.145
306159.0,0.23
306161.0,0.025
306173.0,0.08
306175.0,0.115
306193.0,0.115
306194.0,0.045
306198.0,0.16
306203.0,0.39
306209.0,0.35
306212.0,0.045
306216.0,0.27
306233.0,0.035
306247.0,0.145
306264.0,0.09
306267.0,0.085
306293.0,0.055
306302.0,0.33
306305.0,0.045
306311.0,0.095
306345.0,0.085
306357.0,0.045
306368.0,0.01
306372.0,0.2
306378.0,0.355
306389.0,0.105
306398.0,0.07
306414.0,0.12
306419.0,0.115
306437.0,0.07
306438.0,0.16
306441.0,0.255
306443.0,0.14
306450.0,0.145
306464.0,0.23
306468.0,0.225
306469.0,0.03
306484.0,0.06
306527.0,0.08
306538.0,0.135
306547.0,0.285
306554.0,0.185
306557.0,0.245
306560.0,0.04
306561.0,0.14
306565.0,0.035
306569.0,0.06
306576.0,0.175
306587.0,0.245
306604.0,0.135
306624.0,0.05
306625.0,0.52
306628.0,0.2
306647.0,0.175
306651.0,0.125
306658.0,0.06
306660.0,0.29
306664.0,0.095
306670.0,0.235
306699.0,0.255
306701.0,0.13
306712.0,0.075
306716.0,0.125
306727.0,0.1
306729.0,0.145
306735.0,0.065
306739.0,0.115
306756.0,0.175
306757.0,0.09
306767.0,0.105
306775.0,0.065
306795.0,0.055
306799.0,0.285
306800.0,0.07
306805.0,0.125
306812.0,0.03
306820.0,0.15
306840.0,0.155
306845.0,0.1
306848.0,0.08
306856.0,0.085
306862.0,0.135
306863.0,0.03
306868.0,0.245
306873.0,0.09
306876.0,0.11
306893.0,0.045
306896.0,0.115
306899.0,0.02
306907.0,0.12
306908.0,0.09
306917.0,0.115
306927.0,0.095
306930.0,0.04
306935.0,0.085
306942.0,0.035
306951.0,0.02
306961.0,0.065
306970.0,0.315
306972.0,0.26
306973.0,0.075
306976.0,0.07
306978.0,0.125
306990.0,0.19
306992.0,0.3
306995.0,0.09
307001.0,0.335
307004.0,0.29
307005.0,0.16
307006.0,0.01
307010.0,0.045
307011.0,0.085
307014.0,0.075
307016.0,0.12
307022.0,0.03
307027.0,0.39
307052.0,0.14
307061.0,0.13
307072.0,0.425
307078.0,0.045
307111.0,0.035
307112.0,0.09
307134.0,0.225
307143.0,0.2
307147.0,0.075
307148.0,0.13
307162.0,0.145
307166.0,0.09
307168.0,0.06
307174.0,0.08
307177.0,0.035
307197.0,0.19
307198.0,0.1
307199.0,0.2
307205.0,0.11
307207.0,0.105
307210.0,0.085
307212.0,0.02
307223.0,0.04
307224.0,0.06
307236.0,0.245
307241.0,0.17
307242.0,0.13
307259.0,0.145
307271.0,0.3
307274.0,0.12
307281.0,0.195
307288.0,0.15
307294.0,0.045
307302.0,0.07
307308.0,0.09
307313.0,0.115
307344.0,0.39
307350.0,0.165
307366.0,0.1
307372.0,0.06
307373.0,0.175
307374.0,0.075
307378.0,0.075
307384.0,0.15
307398.0,0.135
307406.0,0.16
307416.0,0.06
307420.0,0.11
307424.0,0.085
307427.0,0.115
307429.0,0.055
307436.0,0.04
307456.0,0.085
307491.0,0.075
307494.0,0.07
307496.0,0.045
307500.0,0.14
307504.0,0.13
307509.0,0.2
307511.0,0.195
307520.0,0.03
307527.0,0.05
307537.0,0.175
307539.0,0.1
307558.0,0.185
307561.0,0.16
307575.0,0.27
307577.0,0.125
307588.0,0.06
307636.0,0.075
307639.0,0.255
307641.0,0.085
307646.0,0.23
307653.0,0.15
307661.0,0.26
307669.0,0.22
307674.0,0.035
307678.0,0.04
307691.0,0.1
307697.0,0.16
307699.0,0.055
307702.0,0.065
307708.0,0.205
307712.0,0.2
307716.0,0.05
307729.0,0.02
307753.0,0.085
307765.0,0.495
307781.0,0.15
307787.0,0.325
307788.0,0.04
307798.0,0.19
307799.0,0.115
307800.0,0.11
307801.0,0.235
307804.0,0.045
307816.0,0.045
307820.0,0.035
307824.0,0.13
307828.0,0.0
307832.0,0.13
307836.0,0.085
307842.0,0.125
307851.0,0.415
307856.0,0.035
307861.0,0.095
307879.0,0.14
307904.0,0.265
307911.0,0.08
307912.0,0.035
307913.0,0.325
307922.0,0.05
307924.0,0.21
307925.0,0.16
307929.0,0.13
307933.0,0.205
307945.0,0.045
307948.0,0.07
307961.0,0.185
307962.0,0.1
307963.0,0.035
307971.0,0.08
307983.0,0.255
307984.0,0.185
307988.0,0.145
307993.0,0.075
307994.0,0.14
308007.0,0.19
308008.0,0.09
308018.0,0.2
308023.0,0.06
308026.0,0.015
308028.0,0.07
308030.0,0.145
308034.0,0.165
308053.0,0.045
308065.0,0.14
308095.0,0.04
308096.0,0.11
308100.0,0.07
308114.0,0.14
308116.0,0.25
308120.0,0.035
308128.0,0.185
308132.0,0.075
308134.0,0.195
308140.0,0.15
308142.0,0.11
308164.0,0.07
308168.0,0.17
308169.0,0.3
308171.0,0.25
308176.0,0.095
308177.0,0.09
308179.0,0.035
308180.0,0.185
308184.0,0.035
308188.0,0.14
308189.0,0.06
308190.0,0.05
308200.0,0.17
308210.0,0.075
308211.0,0.255
308218.0,0.11
308220.0,0.055
308228.0,0.055
308231.0,0.085
308236.0,0.135
308247.0,0.1
308251.0,0.095
308260.0,0.04
308266.0,0.14
308267.0,0.065
308280.0,0.27
308298.0,0.015
308301.0,0.055
308309.0,0.095
308312.0,0.235
308325.0,0.11
308334.0,0.265
308339.0,0.13
308346.0,0.155
308359.0,0.045
308360.0,0.13
308380.0,0.17
308391.0,0.2
308403.0,0.07
308408.0,0.095
308410.0,0.41
308415.0,0.24
308420.0,0.07
308427.0,0.085
308442.0,0.005
308447.0,0.26
308462.0,0.095
308464.0,0.12
308465.0,0.085
308467.0,0.165
308468.0,0.075
308476.0,0.135
308488.0,0.18
308498.0,0.1
308504.0,0.075
308507.0,0.02
308509.0,0.055
308521.0,0.08
308536.0,0.105
308537.0,0.125
308543.0,0.03
308547.0,0.06
308559.0,0.105
308565.0,0.11
308569.0,0.165
308584.0,0.015
308591.0,0.145
308608.0,0.055
308610.0,0.065
308613.0,0.035
308618.0,0.19
308623.0,0.095
308632.0,0.035
308636.0,0.2
308641.0,0.035
308643.0,0.115
308664.0,0.14
308678.0,0.05
308679.0,0.3
308691.0,0.045
308692.0,0.245
308701.0,0.055
308709.0,0.205
308711.0,0.23
308719.0,0.27
308723.0,0.045
308727.0,0.17
308732.0,0.095
308738.0,0.035
308747.0,0.025
308749.0,0.065
308755.0,0.11
308756.0,0.32
308761.0,0.04
308779.0,0.09
308780.0,0.15
308784.0,0.075
308789.0,0.375
308807.0,0.1
308818.0,0.535
308819.0,0.265
308822.0,0.325
308827.0,0.08
308831.0,0.095
308833.0,0.12
308842.0,0.065
308868.0,0.04
308871.0,0.055
308881.0,0.05
308889.0,0.025
308892.0,0.105
308900.0,0.095
308903.0,0.075
308912.0,0.185
308916.0,0.1
308919.0,0.175
308920.0,0.13
308921.0,0.065
308928.0,0.09
308929.0,0.255
308934.0,0.13
308940.0,0.185
308941.0,0.04
308946.0,0.045
308956.0,0.08
308958.0,0.02
308963.0,0.02
308965.0,0.045
308971.0,0.09
308977.0,0.065
308985.0,0.11
308987.0,0.13
308995.0,0.12
309005.0,0.05
309007.0,0.175
309015.0,0.05
309016.0,0.085
309018.0,0.115
309019.0,0.09
309035.0,0.03
309042.0,0.19
309044.0,0.01
309052.0,0.22
309061.0,0.09
309064.0,0.145
309072.0,0.19
309075.0,0.08
309083.0,0.09
309099.0,0.3
309124.0,0.05
309125.0,0.15
309146.0,0.05
309159.0,0.05
309161.0,0.06
309168.0,0.2
309180.0,0.035
309185.0,0.135
309195.0,0.165
309198.0,0.02
309200.0,0.155
309202.0,0.195
309204.0,0.175
309213.0,0.17
309227.0,0.17
309234.0,0.055
309241.0,0.065
309242.0,0.12
309244.0,0.155
309246.0,0.13
309250.0,0.05
309251.0,0.21
309274.0,0.12
309276.0,0.125
309280.0,0.145
309298.0,0.195
309301.0,0.195
309302.0,0.065
309326.0,0.05
309335.0,0.09
309341.0,0.05
309343.0,0.145
309344.0,0.14
309354.0,0.06
309362.0,0.12
309399.0,0.18
309406.0,0.16
309409.0,0.14
309411.0,0.16
309418.0,0.235
309421.0,0.08
309435.0,0.1
309443.0,0.325
309455.0,0.195
309462.0,0.19
309473.0,0.2
309476.0,0.36
309478.0,0.06
309493.0,0.06
309502.0,0.145
309508.0,0.265
309526.0,0.225
309536.0,0.04
309544.0,0.055
309547.0,0.07
309555.0,0.035
309562.0,0.08
309569.0,0.205
309574.0,0.14
309577.0,0.06
309578.0,0.22
309579.0,0.12
309585.0,0.035
309588.0,0.09
309603.0,0.05
309604.0,0.07
309617.0,0.245
309620.0,0.055
309623.0,0.075
309648.0,0.335
309665.0,0.12
309682.0,0.065
309694.0,0.045
309702.0,0.07
309711.0,0.075
309713.0,0.19
309729.0,0.08
309735.0,0.03
309744.0,0.085
309749.0,0.215
309750.0,0.085
309759.0,0.09
309761.0,0.095
309770.0,0.15
309776.0,0.075
309777.0,0.03
309789.0,0.06
309790.0,0.035
309800.0,0.12
309813.0,0.075
309814.0,0.155
309815.0,0.29
309825.0,0.14
309826.0,0.04
309829.0,0.03
309831.0,0.03
309837.0,0.035
309846.0,0.1
309849.0,0.21
309855.0,0.065
309860.0,0.17
309879.0,0.115
309882.0,0.24
309887.0,0.125
309892.0,0.135
309895.0,0.09
309902.0,0.11
309915.0,0.055
309923.0,0.045
309941.0,0.31
309942.0,0.19
309945.0,0.05
309950.0,0.18
309955.0,0.12
309963.0,0.11
309964.0,0.075
309967.0,0.18
309969.0,0.075
309971.0,0.05
309978.0,0.24
309987.0,0.285
309990.0,0.2
309992.0,0.165
309993.0,0.155
310010.0,0.075
310012.0,0.05
310017.0,0.06
310018.0,0.06
310022.0,0.105
310031.0,0.035
310033.0,0.075
310034.0,0.15
310038.0,0.235
310044.0,0.165
310062.0,0.08
310071.0,0.095
310075.0,0.07
310082.0,0.115
310093.0,0.245
310101.0,0.07
310106.0,0.025
310118.0,0.295
310123.0,0.05
310126.0,0.075
310130.0,0.095
310141.0,0.07
310145.0,0.15
310148.0,0.075
310150.0,0.105
310159.0,0.25
310162.0,0.13
310163.0,0.16
310166.0,0.01
310167.0,0.0
310170.0,0.12
310181.0,0.04
310187.0,0.09
310191.0,0.03
310192.0,0.165
310197.0,0.195
310200.0,0.09
310201.0,0.17
310203.0,0.1
310204.0,0.035
310213.0,0.1
310215.0,0.225
310218.0,0.245
310236.0,0.13
310238.0,0.065
310241.0,0.075
310245.0,0.41
310252.0,0.195
310259.0,0.06
310260.0,0.235
310261.0,0.09
310262.0,0.03
310274.0,0.1
310294.0,0.32
310296.0,0.24
310298.0,0.07
310306.0,0.06
310307.0,0.12
310316.0,0.06
310329.0,0.18
310338.0,0.36
310342.0,0.2
310343.0,0.18
310360.0,0.12
310362.0,0.35
310378.0,0.105
310379.0,0.075
310383.0,0.14
310385.0,0.125
310387.0,0.09
310388.0,0.065
310400.0,0.045
310408.0,0.195
310414.0,0.15
310423.0,0.03
310424.0,0.155
310428.0,0.255
310432.0,0.19
310456.0,0.04
310463.0,0.245
310475.0,0.11
310476.0,0.105
310482.0,0.155
310485.0,0.035
310490.0,0.115
310496.0,0.095
310505.0,0.26
310519.0,0.02
310546.0,0.17
310547.0,0.055
310553.0,0.13
310555.0,0.04
310556.0,0.25
310568.0,0.04
310573.0,0.12
310574.0,0.07
310577.0,0.07
310580.0,0.09
310581.0,0.07
310583.0,0.185
310586.0,0.115
310591.0,0.065
310598.0,0.105
310606.0,0.225
310628.0,0.055
310634.0,0.245
310638.0,0.1
310646.0,0.015
310648.0,0.235
310654.0,0.04
310659.0,0.17
310663.0,0.08
310669.0,0.085
310670.0,0.115
310674.0,0.125
310691.0,0.15
310693.0,0.175
310702.0,0.055
310706.0,0.085
310709.0,0.08
310711.0,0.12
310720.0,0.315
310739.0,0.225
310742.0,0.135
310743.0,0.07
310752.0,0.075
310753.0,0.11
310757.0,0.275
310763.0,0.115
310764.0,0.045
310769.0,0.02
310771.0,0.2
310775.0,0.04
310779.0,0.115
310781.0,0.1
310784.0,0.055
310793.0,0.28
310794.0,0.05
310816.0,0.17
310823.0,0.1
310837.0,0.055
310856.0,0.065
310865.0,0.075
310866.0,0.145
310872.0,0.17
310877.0,0.195
310879.0,0.07
310883.0,0.055
310884.0,0.235
310908.0,0.035
310928.0,0.045
310935.0,0.02
310954.0,0.105
310964.0,0.3
310971.0,0.165
310972.0,0.19
310983.0,0.175
310988.0,0.05
310994.0,0.11
311003.0,0.07
311020.0,0.105
311024.0,0.145
311037.0,0.065
311064.0,0.085
311070.0,0.08
311086.0,0.28
311087.0,0.2
311108.0,0.025
311110.0,0.11
311115.0,0.085
311116.0,0.265
311117.0,0.095
311128.0,0.15
311136.0,0.13
311146.0,0.05
311155.0,0.13
311157.0,0.09
311159.0,0.17
311170.0,0.265
311184.0,0.05
311199.0,0.025
311208.0,0.16
311209.0,0.135
311220.0,0.315
311230.0,0.085
311233.0,0.045
311241.0,0.22
311261.0,0.03
311262.0,0.02
311268.0,0.075
311277.0,0.225
311296.0,0.175
311298.0,0.085
311310.0,0.475
311313.0,0.23
311316.0,0.18
311324.0,0.08
311327.0,0.095
311331.0,0.055
311335.0,0.055
311343.0,0.12
311346.0,0.08
311357.0,0.17
311358.0,0.03
311365.0,0.035
311370.0,0.05
311376.0,0.08
311380.0,0.26
311393.0,0.085
311399.0,0.075
311404.0,0.095
311409.0,0.09
311425.0,0.105
311436.0,0.195
311455.0,0.04
311459.0,0.17
311475.0,0.17
311499.0,0.165
311509.0,0.03
311518.0,0.015
311535.0,0.055
311536.0,0.065
311540.0,0.155
311542.0,0.265
311552.0,0.36
311562.0,0.23
311580.0,0.04
311583.0,0.115
311588.0,0.185
311595.0,0.105
311601.0,0.12
311605.0,0.125
311609.0,0.29
311612.0,0.155
311621.0,0.205
311623.0,0.035
311625.0,0.11
311636.0,0.115
311637.0,0.075
311646.0,0.305
311648.0,0.01
311654.0,0.075
311663.0,0.205
311676.0,0.14
311679.0,0.04
311683.0,0.195
311685.0,0.09
311691.0,0.07
311695.0,0.075
311700.0,0.045
311710.0,0.095
311714.0,0.05
311716.0,0.175
311725.0,0.11
311727.0,0.155
311728.0,0.065
311737.0,0.2
311738.0,0.05
311743.0,0.125
311746.0,0.04
311747.0,0.225
311761.0,0.285
311765.0,0.045
311773.0,0.115
311776.0,0.07
311786.0,0.25
311801.0,0.105
311820.0,0.095
311822.0,0.23
311829.0,0.025
311835.0,0.06
311846.0,0.105
311851.0,0.1
311854.0,0.06
311872.0,0.075
311875.0,0.02
311888.0,0.11
311916.0,0.125
311928.0,0.12
311931.0,0.095
311933.0,0.225
311934.0,0.045
311948.0,0.06
311949.0,0.24
311950.0,0.095
311952.0,0.07
311954.0,0.245
311962.0,0.17
311965.0,0.095
311968.0,0.19
311976.0,0.13
311977.0,0.135
311983.0,0.09
311989.0,0.02
311996.0,0.185
311999.0,0.055
312007.0,0.275
312022.0,0.16
312023.0,0.09
312034.0,0.15
312042.0,0.08
312049.0,0.07
312077.0,0.08
312088.0,0.11
312091.0,0.17
312114.0,0.085
312115.0,0.09
312117.0,0.18
312119.0,0.3
312126.0,0.265
312127.0,0.02
312134.0,0.16
312164.0,0.11
312176.0,0.105
312178.0,0.055
312184.0,0.03
312185.0,0.19
312186.0,0.1
312191.0,0.06
312197.0,0.125
312213.0,0.305
312223.0,0.32
312224.0,0.38
312225.0,0.095
312226.0,0.15
312231.0,0.0
312239.0,0.22
312251.0,0.115
312271.0,0.035
312278.0,0.045
312281.0,0.05
312289.0,0.05
312291.0,0.085
312301.0,0.13
312302.0,0.075
312316.0,0.195
312324.0,0.19
312338.0,0.025
312361.0,0.025
312363.0,0.26
312368.0,0.015
312382.0,0.03
312384.0,0.15
312390.0,0.045
312395.0,0.115
312396.0,0.305
312400.0,0.19
312406.0,0.18
312412.0,0.005
312414.0,0.145
312417.0,0.145
312425.0,0.2
312428.0,0.085
312431.0,0.12
312437.0,0.26
312442.0,0.035
312451.0,0.25
312460.0,0.05
312464.0,0.125
312466.0,0.06
312470.0,0.115
312473.0,0.17
312490.0,0.115
312493.0,0.28
312503.0,0.045
312509.0,0.24
312520.0,0.065
312528.0,0.065
312543.0,0.09
312544.0,0.06
312553.0,0.095
312558.0,0.075
312565.0,0.215
312568.0,0.235
312579.0,0.09
312581.0,0.2
312582.0,0.065
312596.0,0.16
312597.0,0.045
312598.0,0.065
312617.0,0.185
312627.0,0.11
312635.0,0.025
312637.0,0.14
312639.0,0.02
312640.0,0.19
312642.0,0.36
312651.0,0.18
312663.0,0.04
312668.0,0.15
312685.0,0.085
312691.0,0.055
312693.0,0.18
312710.0,0.05
312711.0,0.025
312712.0,0.06
312720.0,0.125
312746.0,0.315
312763.0,0.045
312770.0,0.125
312791.0,0.235
312795.0,0.12
312796.0,0.065
312797.0,0.205
312804.0,0.055
312812.0,0.04
312813.0,0.07
312825.0,0.065
312827.0,0.175
312841.0,0.055
312842.0,0.255
312845.0,0.07
312856.0,0.075
312866.0,0.075
312870.0,0.47
312879.0,0.125
312895.0,0.075
312901.0,0.08
312909.0,0.075
312910.0,0.05
312916.0,0.105
312926.0,0.255
312942.0,0.15
312946.0,0.065
312950.0,0.11
312952.0,0.205
312963.0,0.075
312968.0,0.21
312976.0,0.05
312980.0,0.12
312984.0,0.11
312987.0,0.17
312994.0,0.09
312996.0,0.13
312997.0,0.27
313019.0,0.12
313020.0,0.02
313028.0,0.14
313041.0,0.34
313045.0,0.035
313048.0,0.225
313052.0,0.145
313062.0,0.08
313063.0,0.105
313066.0,0.12
313071.0,0.1
313085.0,0.1
313099.0,0.23
313109.0,0.225
313131.0,0.04
313139.0,0.065
313141.0,0.035
313142.0,0.24
313145.0,0.125
313153.0,0.28
313157.0,0.07
313161.0,0.14
313165.0,0.155
313179.0,0.23
313208.0,0.13
313228.0,0.315
313236.0,0.075
313243.0,0.04
313245.0,0.06
313249.0,0.155
313275.0,0.07
313276.0,0.145
313280.0,0.115
313284.0,0.39
313285.0,0.125
313292.0,0.06
313297.0,0.055
313304.0,0.05
313322.0,0.08
313323.0,0.205
313325.0,0.005
313326.0,0.035
313334.0,0.045
313336.0,0.07
313337.0,0.235
313339.0,0.095
313340.0,0.065
313341.0,0.225
313343.0,0.17
313346.0,0.3
313348.0,0.445
313359.0,0.03
313365.0,0.1
313375.0,0.315
313381.0,0.165
313382.0,0.04
313389.0,0.055
313390.0,0.03
313391.0,0.175
313410.0,0.175
313416.0,0.06
313417.0,0.09
313426.0,0.175
313429.0,0.09
313469.0,0.08
313479.0,0.04
313485.0,0.265
313494.0,0.045
313496.0,0.085
313501.0,0.055
313506.0,0.08
313521.0,0.04
313524.0,0.105
313538.0,0.14
313550.0,0.185
313557.0,0.075
313573.0,0.05
313583.0,0.045
313592.0,0.115
313602.0,0.065
313604.0,0.12
313606.0,0.215
313617.0,0.145
313622.0,0.06
313625.0,0.16
313638.0,0.08
313639.0,0.06
313645.0,0.175
313655.0,0.07
313656.0,0.365
313663.0,0.115
313669.0,0.165
313670.0,0.08
313676.0,0.135
313689.0,0.305
313699.0,0.105
313711.0,0.055
313720.0,0.155
313731.0,0.225
313736.0,0.215
313741.0,0.165
313744.0,0.115
313749.0,0.365
313750.0,0.08
313753.0,0.17
313763.0,0.07
313765.0,0.265
313776.0,0.075
313778.0,0.27
313781.0,0.115
313786.0,0.365
313787.0,0.035
313795.0,0.06
313809.0,0.105
313810.0,0.08
313811.0,0.38
313818.0,0.425
313825.0,0.075
313830.0,0.05
313831.0,0.08
313834.0,0.055
313837.0,0.31
313841.0,0.055
313859.0,0.035
313882.0,0.05
313887.0,0.29
313900.0,0.04
313902.0,0.115
313906.0,0.03
313930.0,0.045
313932.0,0.165
313943.0,0.115
313944.0,0.03
313957.0,0.015
313970.0,0.18
313980.0,0.12
313982.0,0.075
313999.0,0.21
314000.0,0.16
314003.0,0.34
314004.0,0.06
314005.0,0.245
314007.0,0.09
314010.0,0.375
314011.0,0.055
314016.0,0.19
314023.0,0.115
314024.0,0.085
314031.0,0.09
314038.0,0.245
314041.0,0.105
314061.0,0.14
314073.0,0.07
314091.0,0.19
314097.0,0.16
314099.0,0.13
314107.0,0.11
314124.0,0.19
314127.0,0.185
314131.0,0.05
314132.0,0.025
314137.0,0.155
314139.0,0.025
314143.0,0.08
314149.0,0.025
314153.0,0.05
314154.0,0.225
314160.0,0.055
314167.0,0.06
314171.0,0.055
314182.0,0.08
314190.0,0.035
314194.0,0.07
314198.0,0.12
314211.0,0.06
314220.0,0.165
314245.0,0.01
314247.0,0.065
314256.0,0.03
314259.0,0.12
314267.0,0.07
314271.0,0.045
314278.0,0.165
314282.0,0.045
314283.0,0.15
314294.0,0.135
314298.0,0.075
314299.0,0.31
314306.0,0.115
314307.0,0.18
314308.0,0.05
314309.0,0.065
314317.0,0.19
314323.0,0.125
314332.0,0.065
314334.0,0.075
314335.0,0.26
314337.0,0.09
314343.0,0.12
314344.0,0.145
314346.0,0.065
314351.0,0.07
314354.0,0.07
314355.0,0.045
314359.0,0.025
314364.0,0.08
314366.0,0.065
314367.0,0.265
314374.0,0.04
314376.0,0.08
314387.0,0.165
314405.0,0.25
314412.0,0.025
314418.0,0.22
314429.0,0.155
314438.0,0.205
314442.0,0.03
314477.0,0.11
314480.0,0.095
314486.0,0.11
314487.0,0.165
314488.0,0.205
314490.0,0.105
314523.0,0.04
314528.0,0.18
314535.0,0.055
314542.0,0.09
314560.0,0.11
314585.0,0.24
314594.0,0.1
314596.0,0.155
314601.0,0.165
314603.0,0.055
314612.0,0.265
314615.0,0.265
314619.0,0.05
314621.0,0.215
314627.0,0.14
314629.0,0.09
314635.0,0.34
314639.0,0.04
314646.0,0.1
314650.0,0.26
314661.0,0.045
314690.0,0.05
314699.0,0.07
314705.0,0.255
314709.0,0.02
314710.0,0.03
314711.0,0.09
314714.0,0.11
314719.0,0.09
314722.0,0.065
314723.0,0.12
314729.0,0.075
314732.0,0.145
314734.0,0.265
314746.0,0.05
314761.0,0.26
314769.0,0.09
314773.0,0.24
314774.0,0.13
314776.0,0.09
314780.0,0.045
314785.0,0.105
314789.0,0.39
314796.0,0.185
314810.0,0.06
314812.0,0.055
314817.0,0.035
314822.0,0.13
314840.0,0.215
314843.0,0.045
314853.0,0.06
314856.0,0.095
314862.0,0.175
314864.0,0.01
314878.0,0.085
314894.0,0.065
314906.0,0.465
314912.0,0.025
314914.0,0.025
314933.0,0.195
314941.0,0.04
314949.0,0.095
314950.0,0.14
314952.0,0.125
314961.0,0.18
314970.0,0.16
314972.0,0.165
314975.0,0.24
314985.0,0.065
314986.0,0.13
314991.0,0.14
314995.0,0.105
314997.0,0.02
315003.0,0.07
315035.0,0.08
315038.0,0.165
315040.0,0.065
315046.0,0.125
315053.0,0.065
315054.0,0.195
315060.0,0.155
315061.0,0.055
315067.0,0.385
315076.0,0.195
315079.0,0.125
315083.0,0.12
315084.0,0.075
315092.0,0.145
315095.0,0.21
315112.0,0.37
315122.0,0.1
315123.0,0.02
315125.0,0.09
315136.0,0.33
315143.0,0.32
315145.0,0.205
315153.0,0.06
315164.0,0.21
315169.0,0.03
315178.0,0.24
315179.0,0.105
315189.0,0.035
315192.0,0.285
315194.0,0.25
315198.0,0.05
315210.0,0.12
315211.0,0.135
315221.0,0.425
315222.0,0.12
315228.0,0.24
315231.0,0.3
315233.0,0.15
315235.0,0.135
315240.0,0.07
315244.0,0.14
315257.0,0.16
315261.0,0.21
315271.0,0.13
315278.0,0.12
315282.0,0.365
315287.0,0.1
315288.0,0.29
315291.0,0.19
315306.0,0.03
315309.0,0.07
315312.0,0.03
315330.0,0.095
315335.0,0.12
315337.0,0.125
315343.0,0.3
315344.0,0.35
315366.0,0.03
315389.0,0.18
315403.0,0.05
315414.0,0.24
315425.0,0.01
315430.0,0.11
315432.0,0.265
315436.0,0.1
315437.0,0.1
315445.0,0.055
315451.0,0.05
315460.0,0.015
315462.0,0.075
315476.0,0.22
315480.0,0.125
315489.0,0.055
315494.0,0.01
315499.0,0.015
315503.0,0.115
315507.0,0.155
315540.0,0.06
315541.0,0.08
315546.0,0.205
315553.0,0.15
315569.0,0.275
315571.0,0.035
315574.0,0.13
315580.0,0.035
315587.0,0.035
315609.0,0.12
315610.0,0.11
315617.0,0.13
315623.0,0.09
315629.0,0.07
315635.0,0.135
315637.0,0.085
315641.0,0.07
315644.0,0.095
315654.0,0.155
315662.0,0.06
315663.0,0.215
315673.0,0.09
315677.0,0.125
315679.0,0.175
315680.0,0.355
315681.0,0.05
315682.0,0.155
315684.0,0.135
315693.0,0.11
315701.0,0.11
315705.0,0.11
315706.0,0.065
315711.0,0.14
315714.0,0.125
315725.0,0.175
315738.0,0.19
315740.0,0.175
315749.0,0.275
315753.0,0.07
315757.0,0.04
315778.0,0.095
315781.0,0.08
315793.0,0.2
315813.0,0.085
315822.0,0.09
315827.0,0.22
315831.0,0.025
315843.0,0.285
315857.0,0.155
315864.0,0.16
315869.0,0.165
315870.0,0.085
315878.0,0.195
315891.0,0.105
315894.0,0.2
315895.0,0.21
315903.0,0.125
315917.0,0.055
315920.0,0.055
315937.0,0.105
315938.0,0.1
315947.0,0.16
315970.0,0.275
315971.0,0.02
315974.0,0.05
315984.0,0.205
315985.0,0.16
315988.0,0.025
315993.0,0.14
315995.0,0.215
315997.0,0.07
316000.0,0.06
316009.0,0.035
316011.0,0.2
316014.0,0.125
316021.0,0.115
316022.0,0.155
316023.0,0.12
316060.0,0.065
316063.0,0.09
316065.0,0.185
316066.0,0.07
316077.0,0.185
316083.0,0.02
316093.0,0.135
316100.0,0.015
316110.0,0.04
316118.0,0.07
316135.0,0.085
316139.0,0.25
316154.0,0.185
316156.0,0.025
316171.0,0.135
316173.0,0.04
316186.0,0.1
316188.0,0.04
316190.0,0.195
316195.0,0.16
316205.0,0.095
316214.0,0.045
316216.0,0.155
316220.0,0.07
316222.0,0.035
316224.0,0.125
316226.0,0.025
316230.0,0.175
316248.0,0.355
316258.0,0.205
316269.0,0.125
316270.0,0.07
316279.0,0.145
316286.0,0.08
316295.0,0.14
316297.0,0.05
316305.0,0.045
316312.0,0.05
316313.0,0.055
316314.0,0.08
316320.0,0.16
316321.0,0.09
316328.0,0.15
316329.0,0.1
316334.0,0.095
316364.0,0.055
316372.0,0.075
316382.0,0.015
316407.0,0.045
316411.0,0.21
316433.0,0.23
316435.0,0.11
316441.0,0.19
316456.0,0.025
316457.0,0.16
316462.0,0.17
316465.0,0.05
316466.0,0.12
316468.0,0.095
316469.0,0.145
316479.0,0.18
316481.0,0.06
316484.0,0.08
316502.0,0.07
316517.0,0.11
316525.0,0.14
316531.0,0.02
316546.0,0.055
316549.0,0.125
316557.0,0.05
316561.0,0.2
316564.0,0.11
316565.0,0.085
316594.0,0.275
316595.0,0.23
316600.0,0.05
316625.0,0.12
316645.0,0.135
316647.0,0.115
316659.0,0.13
316683.0,0.125
316694.0,0.1
316697.0,0.01
316701.0,0.125
316702.0,0.055
316703.0,0.06
316718.0,0.18
316723.0,0.155
316748.0,0.285
316756.0,0.055
316758.0,0.1
316763.0,0.12
316764.0,0.325
316768.0,0.15
316769.0,0.075
316772.0,0.065
316777.0,0.225
316781.0,0.045
316785.0,0.24
316786.0,0.105
316815.0,0.155
316816.0,0.175
316828.0,0.125
316831.0,0.06
316837.0,0.045
316843.0,0.135
316849.0,0.115
316854.0,0.09
316862.0,0.085
316867.0,0.055
316902.0,0.045
316903.0,0.04
316906.0,0.045
316914.0,0.09
316915.0,0.07
316923.0,0.06
316928.0,0.155
316930.0,0.19
316932.0,0.21
316940.0,0.1
316947.0,0.075
316948.0,0.07
316977.0,0.19
316983.0,0.06
316987.0,0.145
317003.0,0.165
317005.0,0.12
317035.0,0.04
317036.0,0.05
317043.0,0.1
317048.0,0.11
317056.0,0.03
317065.0,0.025
317079.0,0.06
317080.0,0.015
317083.0,0.095
317087.0,0.065
317103.0,0.06
317117.0,0.235
317119.0,0.075
317125.0,0.07
317126.0,0.23
317134.0,0.155
317138.0,0.05
317142.0,0.06
317150.0,0.04
317184.0,0.225
317190.0,0.13
317196.0,0.04
317197.0,0.175
317206.0,0.035
317210.0,0.04
317221.0,0.075
317226.0,0.195
317227.0,0.375
317236.0,0.03
317237.0,0.2
317241.0,0.045
317249.0,0.095
317256.0,0.055
317282.0,0.075
317294.0,0.1
317298.0,0.085
317300.0,0.05
317307.0,0.11
317311.0,0.045
317318.0,0.06
317322.0,0.195
317323.0,0.155
317332.0,0.085
317338.0,0.085
317346.0,0.1
317347.0,0.035
317349.0,0.105
317354.0,0.225
317369.0,0.275
317386.0,0.145
317389.0,0.04
317410.0,0.175
317411.0,0.17
317422.0,0.125
317434.0,0.03
317446.0,0.055
317449.0,0.17
317455.0,0.1
317469.0,0.075
317475.0,0.055
317476.0,0.05
317487.0,0.115
317488.0,0.11
317499.0,0.235
317500.0,0.05
317506.0,0.05
317515.0,0.095
317518.0,0.035
317520.0,0.3
317546.0,0.125
317549.0,0.275
317554.0,0.035
317565.0,0.085
317579.0,0.1
317591.0,0.095
317592.0,0.25
317593.0,0.28
317594.0,0.03
317601.0,0.125
317603.0,0.12
317606.0,0.115
317608.0,0.115
317611.0,0.14
317618.0,0.035
317628.0,0.12
317629.0,0.095
317642.0,0.065
317644.0,0.085
317648.0,0.14
317650.0,0.055
317665.0,0.17
317675.0,0.065
317695.0,0.185
317696.0,0.105
317704.0,0.19
317713.0,0.035
317730.0,0.225
317735.0,0.29
317736.0,0.14
317738.0,0.245
317747.0,0.175
317764.0,0.14
317765.0,0.21
317772.0,0.3
317774.0,0.05
317786.0,0.105
317788.0,0.095
317806.0,0.27
317809.0,0.195
317811.0,0.055
317814.0,0.11
317815.0,0.16
317830.0,0.11
317835.0,0.2
317843.0,0.125
317856.0,0.09
317863.0,0.205
317876.0,0.31
317889.0,0.19
317902.0,0.19
317910.0,0.045
317914.0,0.085
317933.0,0.14
317936.0,0.215
317940.0,0.135
317944.0,0.125
317952.0,0.13
317955.0,0.155
317958.0,0.025
317965.0,0.09
317966.0,0.16
317978.0,0.055
318000.0,0.045
318007.0,0.21
318008.0,0.28
318012.0,0.055
318016.0,0.04
318019.0,0.26
318020.0,0.075
318021.0,0.04
318025.0,0.125
318036.0,0.03
318044.0,0.045
318055.0,0.02
318056.0,0.19
318057.0,0.2
318065.0,0.165
318075.0,0.045
318081.0,0.27
318094.0,0.015
318096.0,0.05
318104.0,0.185
318105.0,0.04
318109.0,0.23
318113.0,0.08
318121.0,0.15
318122.0,0.145
318126.0,0.095
318127.0,0.11
318131.0,0.23
318135.0,0.155
318155.0,0.025
318156.0,0.055
318161.0,0.08
318164.0,0.115
318169.0,0.16
318173.0,0.205
318176.0,0.22
318177.0,0.17
318181.0,0.085
318187.0,0.06
318193.0,0.115
318203.0,0.175
318206.0,0.06
318214.0,0.045
318220.0,0.055
318232.0,0.185
318250.0,0.1
318251.0,0.1
318252.0,0.04
318254.0,0.115
318260.0,0.055
318261.0,0.025
318263.0,0.13
318264.0,0.145
318266.0,0.03
318267.0,0.13
318268.0,0.115
318270.0,0.09
318274.0,0.115
318282.0,0.14
318286.0,0.07
318292.0,0.05
318297.0,0.095
318320.0,0.125
318337.0,0.085
318343.0,0.175
318347.0,0.12
318351.0,0.25
318357.0,0.295
318360.0,0.055
318384.0,0.035
318385.0,0.07
318387.0,0.21
318390.0,0.115
318391.0,0.025
318393.0,0.055
318406.0,0.01
318408.0,0.2
318410.0,0.325
318424.0,0.2
318428.0,0.11
318432.0,0.08
318433.0,0.265
318445.0,0.14
318452.0,0.295
318467.0,0.165
318473.0,0.17
318480.0,0.14
318486.0,0.18
318496.0,0.015
318505.0,0.295
318511.0,0.22
318517.0,0.03
318522.0,0.065
318527.0,0.075
318530.0,0.085
318531.0,0.14
318533.0,0.09
318535.0,0.085
318536.0,0.095
318548.0,0.155
318551.0,0.09
318557.0,0.28
318576.0,0.05
318581.0,0.18
318607.0,0.14
318609.0,0.085
318615.0,0.495
318634.0,0.185
318640.0,0.28
318651.0,0.23
318657.0,0.255
318669.0,0.085
318674.0,0.115
318675.0,0.05
318686.0,0.075
318694.0,0.045
318760.0,0.135
318762.0,0.025
318763.0,0.04
318765.0,0.055
318766.0,0.13
318769.0,0.275
318775.0,0.065
318782.0,0.075
318786.0,0.375
318792.0,0.015
318801.0,0.185
318802.0,0.065
318803.0,0.12
318805.0,0.21
318813.0,0.17
318817.0,0.105
318821.0,0.055
318827.0,0.145
318834.0,0.2
318835.0,0.05
318851.0,0.06
318857.0,0.035
318862.0,0.09
318874.0,0.14
318878.0,0.085
318897.0,0.055
318909.0,0.435
318924.0,0.165
318927.0,0.075
318942.0,0.195
318946.0,0.15
318957.0,0.21
318959.0,0.01
318975.0,0.04
318982.0,0.045
318987.0,0.01
318993.0,0.035
318995.0,0.175
318996.0,0.035
318997.0,0.095
318999.0,0.155
319012.0,0.36
319014.0,0.11
319018.0,0.035
319020.0,0.175
319048.0,0.06
319052.0,0.25
319067.0,0.055
319083.0,0.06
319088.0,0.09
319089.0,0.12
319090.0,0.32
319096.0,0.055
319099.0,0.18
319108.0,0.035
319116.0,0.1
319117.0,0.135
319119.0,0.035
319126.0,0.27
319133.0,0.185
319135.0,0.095
319137.0,0.035
319143.0,0.175
319168.0,0.085
319170.0,0.08
319174.0,0.07
319181.0,0.065
319192.0,0.06
319193.0,0.085
319198.0,0.035
319211.0,0.04
319219.0,0.12
319220.0,0.075
319226.0,0.125
319240.0,0.135
319248.0,0.045
319257.0,0.09
319261.0,0.165
319264.0,0.065
319268.0,0.075
319289.0,0.175
319292.0,0.065
319295.0,0.175
319302.0,0.065
319308.0,0.155
319310.0,0.175
319313.0,0.09
319322.0,0.025
319329.0,0.03
319331.0,0.12
319334.0,0.065
319346.0,0.03
319352.0,0.305
319358.0,0.255
319363.0,0.09
319365.0,0.125
319370.0,0.02
319371.0,0.185
319372.0,0.06
319385.0,0.19
319387.0,0.015
319393.0,0.045
319396.0,0.125
319406.0,0.05
319439.0,0.035
319440.0,0.095
319441.0,0.42
319462.0,0.11
319471.0,0.085
319475.0,0.075
319476.0,0.095
319486.0,0.22
319487.0,0.11
319489.0,0.3
319491.0,0.08
319494.0,0.045
319496.0,0.155
319512.0,0.035
319519.0,0.07
319522.0,0.035
319530.0,0.09
319540.0,0.02
319547.0,0.075
319549.0,0.105
319559.0,0.085
319561.0,0.105
319566.0,0.065
319569.0,0.105
319574.0,0.1
319579.0,0.08
319580.0,0.11
319582.0,0.045
319583.0,0.18
319585.0,0.11
319598.0,0.06
319600.0,0.15
319602.0,0.04
319603.0,0.095
319604.0,0.04
319608.0,0.04
319622.0,0.18
319623.0,0.14
319625.0,0.08
319628.0,0.085
319637.0,0.185
319639.0,0.145
319658.0,0.075
319669.0,0.09
319677.0,0.145
319683.0,0.17
319688.0,0.055
319697.0,0.09
319700.0,0.04
319727.0,0.165
319747.0,0.07
319751.0,0.07
319758.0,0.135
319759.0,0.1
319765.0,0.1
319768.0,0.065
319774.0,0.1
319776.0,0.07
319777.0,0.09
319785.0,0.045
319789.0,0.05
319792.0,0.035
319799.0,0.045
319814.0,0.035
319815.0,0.05
319822.0,0.15
319829.0,0.05
319836.0,0.265
319837.0,0.04
319839.0,0.205
319843.0,0.07
319860.0,0.245
319876.0,0.24
319877.0,0.06
319887.0,0.185
319889.0,0.04
319892.0,0.115
319893.0,0.105
319897.0,0.06
319898.0,0.105
319911.0,0.095
319917.0,0.045
319923.0,0.085
319927.0,0.115
319929.0,0.14
319931.0,0.35
319948.0,0.185
319949.0,0.09
319992.0,0.115
319999.0,0.07
320001.0,0.225
320003.0,0.035
320004.0,0.255
320011.0,0.21
320012.0,0.15
320021.0,0.155
320026.0,0.115
320034.0,0.035
320041.0,0.2
320042.0,0.08
320046.0,0.085
320056.0,0.06
320062.0,0.065
320093.0,0.175
320094.0,0.13
320101.0,0.215
320114.0,0.095
320126.0,0.275
320128.0,0.075
320137.0,0.065
320149.0,0.1
320165.0,0.08
320172.0,0.095
320173.0,0.125
320175.0,0.2
320179.0,0.085
320181.0,0.05
320191.0,0.11
320192.0,0.1
320195.0,0.07
320199.0,0.13
320202.0,0.045
320203.0,0.33
320205.0,0.075
320224.0,0.15
320227.0,0.215
320228.0,0.065
320248.0,0.335
320252.0,0.03
320254.0,0.23
320259.0,0.05
320267.0,0.275
320276.0,0.06
320287.0,0.19
320291.0,0.1
320295.0,0.17
320297.0,0.06
320305.0,0.275
320321.0,0.4
320331.0,0.235
320336.0,0.145
320341.0,0.135
320344.0,0.09
320356.0,0.015
320362.0,0.125
320369.0,0.04
320379.0,0.13
320387.0,0.065
320397.0,0.06
320412.0,0.085
320421.0,0.19
320428.0,0.275
320429.0,0.21
320430.0,0.2
320434.0,0.045
320453.0,0.085
320462.0,0.075
320469.0,0.03
320475.0,0.125
320478.0,0.205
320484.0,0.085
320494.0,0.045
320499.0,0.095
320541.0,0.305
320550.0,0.075
320561.0,0.055
320562.0,0.13
320564.0,0.07
320566.0,0.42
320568.0,0.115
320593.0,0.08
320609.0,0.075
320614.0,0.105
320621.0,0.08
320639.0,0.28
320640.0,0.13
320656.0,0.06
320657.0,0.045
320670.0,0.075
320672.0,0.015
320691.0,0.16
320693.0,0.045
320698.0,0.105
320699.0,0.03
320704.0,0.045
320709.0,0.03
320711.0,0.045
320724.0,0.08
320737.0,0.075
320744.0,0.115
320747.0,0.07
320750.0,0.275
320752.0,0.105
320760.0,0.22
320765.0,0.265
320767.0,0.095
320778.0,0.35
320784.0,0.02
320789.0,0.125
320793.0,0.035
320795.0,0.2
320805.0,0.235
320806.0,0.245
320823.0,0.17
320828.0,0.26
320833.0,0.175
320843.0,0.155
320846.0,0.085
320851.0,0.16
320852.0,0.13
320869.0,0.08
320873.0,0.27
320890.0,0.055
320905.0,0.105
320912.0,0.1
320914.0,0.005
320915.0,0.065
320920.0,0.06
320924.0,0.05
320925.0,0.05
320936.0,0.14
320937.0,0.065
320940.0,0.285
320943.0,0.2
320954.0,0.035
320959.0,0.14
320960.0,0.055
320966.0,0.095
320968.0,0.095
320975.0,0.08
320978.0,0.015
320979.0,0.095
320981.0,0.045
320987.0,0.11
320989.0,0.19
321009.0,0.265
321021.0,0.15
321035.0,0.33
321038.0,0.085
321039.0,0.155
321051.0,0.05
321058.0,0.095
321066.0,0.415
321075.0,0.17
321092.0,0.045
321098.0,0.22
321107.0,0.37
321116.0,0.245
321118.0,0.045
321124.0,0.105
321131.0,0.065
321134.0,0.13
321140.0,0.095
321143.0,0.22
321145.0,0.115
321150.0,0.055
321151.0,0.01
321153.0,0.315
321154.0,0.13
321156.0,0.075
321160.0,0.065
321176.0,0.04
321183.0,0.14
321187.0,0.17
321196.0,0.045
321197.0,0.155
321204.0,0.43
321208.0,0.1
321209.0,0.09
321223.0,0.105
321226.0,0.05
321227.0,0.04
321236.0,0.09
321249.0,0.19
321250.0,0.075
321253.0,0.11
321256.0,0.095
321276.0,0.16
321298.0,0.185
321303.0,0.03
321309.0,0.125
321313.0,0.17
321322.0,0.175
321345.0,0.09
321350.0,0.12
321355.0,0.065
321358.0,0.125
321370.0,0.175
321377.0,0.245
321385.0,0.185
321398.0,0.105
321401.0,0.045
321415.0,0.04
321416.0,0.265
321419.0,0.045
321427.0,0.075
321433.0,0.015
321439.0,0.155
321455.0,0.16
321463.0,0.285
321465.0,0.065
321480.0,0.02
321486.0,0.09
321498.0,0.15
321502.0,0.105
321510.0,0.085
321524.0,0.07
321526.0,0.205
321528.0,0.2
321533.0,0.335
321536.0,0.05
321548.0,0.16
321557.0,0.075
321564.0,0.13
321567.0,0.05
321602.0,0.195
321625.0,0.18
321627.0,0.07
321640.0,0.1
321645.0,0.065
321648.0,0.105
321649.0,0.2
321652.0,0.055
321659.0,0.135
321667.0,0.04
321676.0,0.05
321696.0,0.095
321697.0,0.09
321702.0,0.06
321704.0,0.06
321706.0,0.1
321710.0,0.075
321722.0,0.13
321760.0,0.105
321770.0,0.14
321779.0,0.085
321784.0,0.175
321786.0,0.16
321792.0,0.125
321795.0,0.19
321801.0,0.11
321804.0,0.035
321806.0,0.09
321807.0,0.12
321808.0,0.345
321809.0,0.105
321825.0,0.085
321828.0,0.165
321843.0,0.11
321848.0,0.075
321854.0,0.065
321869.0,0.14
321870.0,0.2
321887.0,0.075
321896.0,0.065
321898.0,0.17
321908.0,0.07
321910.0,0.095
321915.0,0.18
321919.0,0.09
321922.0,0.07
321928.0,0.26
321929.0,0.065
321932.0,0.12
321934.0,0.14
321936.0,0.3
321956.0,0.095
321957.0,0.115
321965.0,0.045
321970.0,0.075
321974.0,0.095
321980.0,0.045
321985.0,0.065
321992.0,0.05
321999.0,0.08
322005.0,0.03
322018.0,0.085
322020.0,0.025
322021.0,0.19
322023.0,0.06
322024.0,0.125
322039.0,0.01
322054.0,0.115
322061.0,0.135
322082.0,0.03
322088.0,0.255
322093.0,0.09
322105.0,0.185
322111.0,0.08
322113.0,0.33
322117.0,0.105
322120.0,0.07
322123.0,0.155
322132.0,0.105
322136.0,0.15
322141.0,0.115
322147.0,0.135
322169.0,0.14
322170.0,0.31
322172.0,0.21
322196.0,0.065
322198.0,0.3
322217.0,0.14
322226.0,0.18
322227.0,0.07
322229.0,0.035
322242.0,0.04
322244.0,0.025
322249.0,0.035
322250.0,0.155
322253.0,0.045
322254.0,0.235
322267.0,0.05
322269.0,0.075
322274.0,0.23
322285.0,0.185
322309.0,0.15
322320.0,0.04
322327.0,0.125
322331.0,0.11
322332.0,0.055
322334.0,0.21
322339.0,0.25
322348.0,0.23
322350.0,0.265
322354.0,0.175
322356.0,0.1
322367.0,0.21
322369.0,0.07
322372.0,0.25
322374.0,0.15
322383.0,0.225
322388.0,0.365
322393.0,0.085
322395.0,0.145
322407.0,0.045
322413.0,0.065
322416.0,0.04
322419.0,0.02
322424.0,0.135
322432.0,0.105
322442.0,0.08
322447.0,0.09
322448.0,0.24
322460.0,0.05
322461.0,0.265
322468.0,0.075
322472.0,0.385
322473.0,0.24
322488.0,0.075
322490.0,0.145
322491.0,0.075
322497.0,0.12
322503.0,0.14
322521.0,0.22
322525.0,0.205
322533.0,0.175
322549.0,0.145
322561.0,0.105
322566.0,0.05
322570.0,0.34
322574.0,0.09
322578.0,0.035
322579.0,0.105
322586.0,0.085
322596.0,0.09
322598.0,0.19
322603.0,0.255
322614.0,0.13
322626.0,0.025
322630.0,0.085
322639.0,0.24
322640.0,0.105
322642.0,0.16
322651.0,0.185
322652.0,0.24
322656.0,0.045
322662.0,0.065
322664.0,0.135
322681.0,0.245
322684.0,0.07
322685.0,0.175
322711.0,0.265
322717.0,0.21
322719.0,0.12
322730.0,0.135
322740.0,0.02
322743.0,0.195
322749.0,0.04
322757.0,0.04
322759.0,0.175
322760.0,0.135
322770.0,0.045
322786.0,0.195
322797.0,0.135
322800.0,0.14
322815.0,0.025
322831.0,0.07
322835.0,0.14
322841.0,0.06
322845.0,0.025
322846.0,0.065
322851.0,0.16
322852.0,0.02
322877.0,0.075
322880.0,0.14
322893.0,0.115
322911.0,0.07
322928.0,0.32
322934.0,0.175
322938.0,0.335
322950.0,0.125
322959.0,0.065
322961.0,0.16
322965.0,0.21
322966.0,0.075
322968.0,0.025
322977.0,0.1
322979.0,0.17
322986.0,0.26
322990.0,0.23
322998.0,0.12
323005.0,0.085
323008.0,0.03
323014.0,0.105
323015.0,0.015
323025.0,0.105
323030.0,0.12
323033.0,0.11
323036.0,0.065
323043.0,0.17
323049.0,0.14
323051.0,0.295
323053.0,0.08
323056.0,0.165
323059.0,0.165
323076.0,0.065
323088.0,0.135
323108.0,0.35
323112.0,0.05
323127.0,0.16
323135.0,0.135
323137.0,0.09
323141.0,0.095
323142.0,0.08
323147.0,0.24
323150.0,0.19
323153.0,0.13
323156.0,0.13
323161.0,0.05
323171.0,0.075
323173.0,0.125
323176.0,0.055
323184.0,0.07
323189.0,0.11
323193.0,0.11
323209.0,0.255
323218.0,0.21
323224.0,0.255
323235.0,0.065
323236.0,0.07
323242.0,0.035
323252.0,0.025
323253.0,0.34
323254.0,0.035
323271.0,0.055
323276.0,0.13
323278.0,0.085
323281.0,0.065
323285.0,0.055
323289.0,0.085
323292.0,0.035
323297.0,0.24
323312.0,0.025
323318.0,0.09
323319.0,0.02
323324.0,0.085
323325.0,0.185
323328.0,0.24
323334.0,0.1
323338.0,0.27
323340.0,0.115
323343.0,0.105
323354.0,0.085
323373.0,0.075
323376.0,0.03
323381.0,0.145
323382.0,0.085
323383.0,0.175
323387.0,0.085
323394.0,0.11
323398.0,0.125
323405.0,0.15
323407.0,0.14
323428.0,0.26
323436.0,0.23
323451.0,0.19
323455.0,0.09
323463.0,0.04
323466.0,0.1
323475.0,0.08
323477.0,0.07
323481.0,0.03
323485.0,0.04
323488.0,0.11
323493.0,0.065
323494.0,0.125
323505.0,0.135
323506.0,0.175
323509.0,0.045
323518.0,0.11
323530.0,0.28
323539.0,0.06
323549.0,0.04
323557.0,0.185
323568.0,0.21
323569.0,0.03
323571.0,0.095
323573.0,0.22
323585.0,0.085
323588.0,0.09
323599.0,0.245
323615.0,0.02
323617.0,0.06
323620.0,0.225
323636.0,0.15
323665.0,0.09
323670.0,0.04
323675.0,0.07
323688.0,0.1
323693.0,0.05
323694.0,0.05
323696.0,0.095
323710.0,0.11
323716.0,0.215
323718.0,0.095
323719.0,0.055
323720.0,0.135
323722.0,0.075
323729.0,0.125
323738.0,0.07
323740.0,0.085
323787.0,0.07
323795.0,0.1
323801.0,0.045
323810.0,0.045
323822.0,0.07
323825.0,0.11
323833.0,0.105
323860.0,0.085
323871.0,0.04
323879.0,0.13
323888.0,0.145
323891.0,0.485
323894.0,0.105
323909.0,0.1
323911.0,0.115
323920.0,0.265
323923.0,0.07
323930.0,0.05
323935.0,0.2
323937.0,0.105
323938.0,0.055
323948.0,0.155
323956.0,0.11
323962.0,0.25
323964.0,0.04
323966.0,0.07
323970.0,0.07
323972.0,0.045
323977.0,0.13
323985.0,0.17
323989.0,0.135
323994.0,0.095
324010.0,0.085
324020.0,0.11
324033.0,0.11
324052.0,0.16
324055.0,0.035
324075.0,0.02
324087.0,0.27
324088.0,0.07
324091.0,0.105
324104.0,0.14
324109.0,0.17
324114.0,0.035
324118.0,0.09
324125.0,0.185
324130.0,0.2
324146.0,0.115
324149.0,0.025
324156.0,0.035
324170.0,0.17
324171.0,0.16
324172.0,0.1
324178.0,0.295
324180.0,0.1
324220.0,0.04
324222.0,0.055
324227.0,0.115
324229.0,0.33
324230.0,0.155
324235.0,0.09
324243.0,0.03
324247.0,0.245
324264.0,0.215
324269.0,0.145
324270.0,0.065
324271.0,0.185
324291.0,0.165
324293.0,0.075
324296.0,0.18
324298.0,0.175
324302.0,0.235
324305.0,0.03
324310.0,0.035
324325.0,0.055
324339.0,0.07
324345.0,0.105
324347.0,0.085
324356.0,0.035
324383.0,0.155
324387.0,0.17
324393.0,0.15
324400.0,0.08
324401.0,0.04
324412.0,0.1
324414.0,0.1
324415.0,0.28
324416.0,0.13
324420.0,0.26
324437.0,0.06
324445.0,0.175
324464.0,0.145
324472.0,0.105
324496.0,0.285
324499.0,0.055
324512.0,0.05
324544.0,0.165
324545.0,0.09
324552.0,0.14
324553.0,0.14
324558.0,0.27
324559.0,0.08
324572.0,0.045
324582.0,0.16
324595.0,0.24
324596.0,0.235
324598.0,0.15
324614.0,0.18
324620.0,0.225
324621.0,0.05
324624.0,0.205
324651.0,0.23
324655.0,0.205
324669.0,0.045
324674.0,0.26
324677.0,0.08
324681.0,0.12
324689.0,0.025
324708.0,0.025
324714.0,0.215
324716.0,0.28
324719.0,0.07
324731.0,0.33
324733.0,0.125
324741.0,0.445
324745.0,0.2
324747.0,0.16
324748.0,0.015
324764.0,0.16
324772.0,0.145
324788.0,0.07
324795.0,0.075
324801.0,0.035
324811.0,0.085
324816.0,0.325
324821.0,0.13
324825.0,0.06
324840.0,0.22
324841.0,0.31
324854.0,0.095
324866.0,0.095
324884.0,0.16
324894.0,0.09
324895.0,0.04
324913.0,0.07
324914.0,0.1
324944.0,0.19
324949.0,0.23
324978.0,0.065
324983.0,0.075
324987.0,0.095
324995.0,0.04
325000.0,0.05
325001.0,0.25
325005.0,0.075
325017.0,0.14
325019.0,0.155
325020.0,0.055
325021.0,0.4
325041.0,0.12
325063.0,0.31
325066.0,0.095
325070.0,0.075
325102.0,0.14
325117.0,0.1
325121.0,0.14
325136.0,0.05
325153.0,0.035
325157.0,0.075
325158.0,0.105
325163.0,0.225
325180.0,0.18
325181.0,0.04
325185.0,0.24
325194.0,0.14
325196.0,0.115
325206.0,0.115
325212.0,0.05
325217.0,0.15
325218.0,0.22
325223.0,0.065
325238.0,0.315
325254.0,0.215
325258.0,0.095
325268.0,0.07
325269.0,0.155
325275.0,0.125
325277.0,0.095
325282.0,0.04
325284.0,0.03
325289.0,0.15
325291.0,0.335
325300.0,0.33
325303.0,0.07
325306.0,0.045
325313.0,0.045
325316.0,0.135
325318.0,0.055
325332.0,0.12
325344.0,0.19
325354.0,0.14
325360.0,0.035
325364.0,0.08
325375.0,0.325
325377.0,0.05
325380.0,0.035
325390.0,0.12
325392.0,0.015
325395.0,0.115
325411.0,0.06
325412.0,0.185
325420.0,0.125
325424.0,0.09
325433.0,0.105
325438.0,0.05
325439.0,0.02
325443.0,0.065
325454.0,0.105
325464.0,0.105
325473.0,0.025
325476.0,0.035
325495.0,0.07
325525.0,0.035
325529.0,0.065
325552.0,0.045
325553.0,0.24
325564.0,0.1
325565.0,0.27
325580.0,0.08
325590.0,0.33
325591.0,0.03
325596.0,0.04
325601.0,0.05
325602.0,0.08
325623.0,0.06
325625.0,0.095
325641.0,0.29
325645.0,0.045
325657.0,0.245
325680.0,0.07
325691.0,0.08
325701.0,0.08
325710.0,0.22
325712.0,0.115
325714.0,0.295
325716.0,0.105
325724.0,0.2
325744.0,0.1
325751.0,0.2
325757.0,0.04
325765.0,0.1
325767.0,0.325
325770.0,0.24
325778.0,0.145
325784.0,0.145
325791.0,0.145
325809.0,0.295
325814.0,0.21
325817.0,0.11
325820.0,0.405
325822.0,0.13
325830.0,0.14
325832.0,0.22
325840.0,0.075
325849.0,0.03
325852.0,0.11
325859.0,0.105
325864.0,0.105
325865.0,0.205
325879.0,0.07
325890.0,0.065
325899.0,0.055
325908.0,0.095
325916.0,0.06
325918.0,0.08
325919.0,0.045
325922.0,0.07
325925.0,0.02
325934.0,0.065
325939.0,0.03
325942.0,0.025
325948.0,0.295
325954.0,0.035
325962.0,0.035
325966.0,0.195
325969.0,0.05
325971.0,0.06
325972.0,0.025
325976.0,0.14
325981.0,0.09
325992.0,0.145
326013.0,0.075
326017.0,0.08
326019.0,0.085
326027.0,0.06
326028.0,0.06
326033.0,0.055
326041.0,0.045
326043.0,0.085
326049.0,0.1
326054.0,0.07
326057.0,0.185
326074.0,0.045
326078.0,0.17
326083.0,0.085
326084.0,0.035
326085.0,0.145
326087.0,0.06
326088.0,0.175
326102.0,0.24
326117.0,0.025
326145.0,0.1
326150.0,0.14
326160.0,0.205
326166.0,0.09
326170.0,0.06
326180.0,0.085
326182.0,0.225
326186.0,0.04
326188.0,0.215
326190.0,0.26
326196.0,0.33
326199.0,0.195
326201.0,0.19
326204.0,0.075
326209.0,0.05
326211.0,0.055
326218.0,0.115
326239.0,0.085
326259.0,0.065
326260.0,0.185
326284.0,0.335
326289.0,0.165
326290.0,0.095
326295.0,0.09
326299.0,0.245
326305.0,0.085
326309.0,0.1
326323.0,0.13
326364.0,0.125
326369.0,0.045
326385.0,0.05
326410.0,0.075
326411.0,0.07
326418.0,0.1
326428.0,0.095
326435.0,0.14
326437.0,0.085
326438.0,0.2
326451.0,0.05
326464.0,0.285
326471.0,0.06
326472.0,0.405
326475.0,0.19
326477.0,0.045
326480.0,0.095
326486.0,0.145
326502.0,0.095
326506.0,0.29
326513.0,0.095
326516.0,0.035
326528.0,0.09
326530.0,0.055
326531.0,0.115
326532.0,0.03
326538.0,0.02
326551.0,0.1
326559.0,0.03
326576.0,0.145
326577.0,0.18
326602.0,0.11
326606.0,0.12
326618.0,0.195
326620.0,0.055
326624.0,0.16
326639.0,0.1
326647.0,0.31
326652.0,0.195
326661.0,0.23
326667.0,0.175
326670.0,0.05
326672.0,0.03
326693.0,0.235
326704.0,0.05
326723.0,0.125
326734.0,0.03
326738.0,0.2
326746.0,0.115
326753.0,0.06
326754.0,0.055
326763.0,0.135
326779.0,0.08
326785.0,0.265
326786.0,0.025
326787.0,0.275
326789.0,0.02
326799.0,0.03
326802.0,0.155
326804.0,0.115
326823.0,0.06
326827.0,0.09
326833.0,0.11
326838.0,0.105
326842.0,0.09
326856.0,0.225
326867.0,0.075
326870.0,0.045
326871.0,0.09
326875.0,0.125
326879.0,0.115
326884.0,0.16
326900.0,0.14
326904.0,0.045
326905.0,0.155
326917.0,0.05
326919.0,0.06
326921.0,0.205
326929.0,0.17
326942.0,0.275
326944.0,0.055
326953.0,0.135
326968.0,0.07
326985.0,0.14
326987.0,0.185
326988.0,0.07
326994.0,0.105
327005.0,0.065
327010.0,0.135
327017.0,0.105
327026.0,0.125
327030.0,0.03
327031.0,0.09
327045.0,0.15
327054.0,0.035
327078.0,0.025
327080.0,0.04
327087.0,0.345
327137.0,0.135
327147.0,0.235
327150.0,0.11
327153.0,0.1
327160.0,0.115
327164.0,0.055
327169.0,0.3
327187.0,0.185
327188.0,0.115
327189.0,0.08
327194.0,0.08
327196.0,0.275
327202.0,0.12
327207.0,0.01
327215.0,0.055
327216.0,0.15
327220.0,0.105
327222.0,0.08
327230.0,0.075
327231.0,0.28
327238.0,0.125
327247.0,0.035
327262.0,0.08
327265.0,0.08
327267.0,0.035
327273.0,0.04
327276.0,0.18
327280.0,0.135
327287.0,0.105
327301.0,0.1
327307.0,0.155
327309.0,0.225
327316.0,0.195
327327.0,0.315
327334.0,0.21
327335.0,0.155
327338.0,0.055
327341.0,0.06
327350.0,0.07
327355.0,0.035
327370.0,0.075
327386.0,0.09
327391.0,0.21
327393.0,0.235
327408.0,0.115
327415.0,0.22
327431.0,0.065
327445.0,0.07
327449.0,0.185
327457.0,0.27
327488.0,0.005
327489.0,0.05
327523.0,0.095
327537.0,0.1
327550.0,0.265
327556.0,0.05
327562.0,0.05
327567.0,0.19
327587.0,0.09
327594.0,0.235
327602.0,0.045
327604.0,0.105
327609.0,0.125
327618.0,0.08
327620.0,0.055
327626.0,0.22
327628.0,0.025
327629.0,0.175
327631.0,0.12
327633.0,0.065
327638.0,0.055
327665.0,0.035
327689.0,0.085
327697.0,0.055
327702.0,0.12
327704.0,0.165
327723.0,0.07
327726.0,0.06
327732.0,0.24
327739.0,0.06
327750.0,0.065
327751.0,0.025
327765.0,0.155
327766.0,0.05
327771.0,0.065
327772.0,0.35
327774.0,0.22
327784.0,0.04
327789.0,0.04
327794.0,0.03
327799.0,0.13
327803.0,0.125
327817.0,0.115
327819.0,0.08
327823.0,0.14
327828.0,0.475
327834.0,0.21
327835.0,0.115
327866.0,0.315
327871.0,0.08
327886.0,0.13
327900.0,0.13
327901.0,0.125
327904.0,0.04
327906.0,0.335
327908.0,0.055
327909.0,0.04
327914.0,0.375
327917.0,0.235
327928.0,0.12
327947.0,0.035
327949.0,0.085
327952.0,0.11
327954.0,0.05
327962.0,0.12
327964.0,0.29
327985.0,0.075
327996.0,0.175
327997.0,0.15
328013.0,0.03
328017.0,0.165
328027.0,0.085
328029.0,0.145
328042.0,0.17
328043.0,0.06
328064.0,0.255
328072.0,0.02
328074.0,0.185
328080.0,0.08
328086.0,0.115
328122.0,0.12
328126.0,0.05
328127.0,0.23
328142.0,0.04
328144.0,0.065
328150.0,0.185
328154.0,0.185
328160.0,0.09
328171.0,0.21
328179.0,0.18
328192.0,0.035
328195.0,0.105
328196.0,0.06
328201.0,0.02
328203.0,0.11
328217.0,0.15
328218.0,0.075
328228.0,0.33
328231.0,0.135
328246.0,0.13
328252.0,0.105
328255.0,0.08
328264.0,0.02
328281.0,0.045
328282.0,0.015
328291.0,0.11
328303.0,0.06
328305.0,0.18
328313.0,0.05
328336.0,0.12
328340.0,0.06
328343.0,0.075
328368.0,0.24
328372.0,0.08
328381.0,0.12
328383.0,0.135
328385.0,0.04
328393.0,0.065
328395.0,0.115
328409.0,0.06
328424.0,0.135
328427.0,0.145
328456.0,0.11
328463.0,0.195
328489.0,0.195
328491.0,0.115
328509.0,0.055
328516.0,0.155
328524.0,0.065
328535.0,0.15
328536.0,0.04
328539.0,0.06
328542.0,0.38
328545.0,0.32
328549.0,0.135
328554.0,0.025
328558.0,0.175
328571.0,0.125
328576.0,0.045
328578.0,0.135
328588.0,0.165
328601.0,0.04
328604.0,0.13
328624.0,0.025
328629.0,0.115
328632.0,0.05
328634.0,0.135
328636.0,0.13
328637.0,0.075
328647.0,0.025
328668.0,0.02
328669.0,0.055
328678.0,0.09
328684.0,0.12
328694.0,0.155
328705.0,0.145
328712.0,0.07
328720.0,0.18
328729.0,0.365
328730.0,0.085
328733.0,0.045
328758.0,0.245
328761.0,0.115
328764.0,0.1
328777.0,0.09
328783.0,0.115
328813.0,0.215
328819.0,0.085
328826.0,0.07
328829.0,0.15
328834.0,0.05
328845.0,0.015
328856.0,0.135
328865.0,0.425
328868.0,0.11
328878.0,0.265
328896.0,0.045
328899.0,0.06
328909.0,0.055
328914.0,0.015
328926.0,0.16
328934.0,0.165
328935.0,0.04
328949.0,0.185
328954.0,0.04
328957.0,0.095
328968.0,0.13
328974.0,0.105
328984.0,0.025
328991.0,0.085
328997.0,0.115
329000.0,0.115
329005.0,0.15
329007.0,0.135
329018.0,0.125
329034.0,0.1
329051.0,0.3
329052.0,0.085
329055.0,0.18
329062.0,0.27
329064.0,0.25
329070.0,0.245
329075.0,0.06
329078.0,0.09
329081.0,0.05
329086.0,0.27
329101.0,0.105
329105.0,0.13
329113.0,0.3
329119.0,0.285
329133.0,0.105
329135.0,0.105
329138.0,0.055
329143.0,0.09
329157.0,0.105
329165.0,0.255
329170.0,0.04
329176.0,0.26
329177.0,0.16
329179.0,0.055
329196.0,0.19
329209.0,0.1
329219.0,0.215
329241.0,0.02
329245.0,0.145
329248.0,0.105
329249.0,0.075
329251.0,0.075
329252.0,0.055
329256.0,0.14
329261.0,0.015
329264.0,0.4
329297.0,0.275
329310.0,0.15
329320.0,0.07
329328.0,0.015
329340.0,0.265
329347.0,0.045
329351.0,0.145
329356.0,0.065
329360.0,0.625
329364.0,0.055
329365.0,0.085
329381.0,0.115
329383.0,0.175
329385.0,0.085
329388.0,0.125
329390.0,0.1
329393.0,0.17
329403.0,0.13
329409.0,0.03
329418.0,0.355
329428.0,0.035
329433.0,0.085
329439.0,0.03
329459.0,0.1
329463.0,0.14
329475.0,0.145
329479.0,0.09
329494.0,0.15
329500.0,0.18
329503.0,0.04
329512.0,0.06
329514.0,0.13
329521.0,0.11
329526.0,0.28
329531.0,0.02
329534.0,0.14
329545.0,0.075
329553.0,0.05
329569.0,0.13
329571.0,0.175
329580.0,0.035
329585.0,0.23
329588.0,0.13
329603.0,0.055
329605.0,0.01
329611.0,0.11
329613.0,0.17
329615.0,0.145
329618.0,0.125
329623.0,0.055
329626.0,0.065
329678.0,0.03
329690.0,0.1
329693.0,0.2
329698.0,0.15
329700.0,0.015
329706.0,0.07
329709.0,0.105
329713.0,0.305
329716.0,0.125
329717.0,0.13
329719.0,0.075
329720.0,0.065
329737.0,0.065
329741.0,0.065
329742.0,0.025
329749.0,0.145
329765.0,0.07
329771.0,0.165
329775.0,0.085
329779.0,0.075
329781.0,0.075
329788.0,0.05
329798.0,0.235
329799.0,0.05
329810.0,0.145
329811.0,0.03
329812.0,0.065
329819.0,0.185
329822.0,0.115
329826.0,0.05
329843.0,0.085
329846.0,0.04
329856.0,0.245
329871.0,0.17
329882.0,0.045
329885.0,0.08
329893.0,0.065
329898.0,0.09
329903.0,0.17
329916.0,0.05
329918.0,0.02
329934.0,0.015
329942.0,0.07
329949.0,0.06
329958.0,0.23
329965.0,0.18
329969.0,0.07
329972.0,0.19
329981.0,0.24
329988.0,0.095
329989.0,0.065
330004.0,0.21
330006.0,0.295
330014.0,0.16
330025.0,0.205
330040.0,0.025
330047.0,0.245
330070.0,0.12
330074.0,0.055
330075.0,0.02
330085.0,0.105
330095.0,0.135
330106.0,0.19
330119.0,0.13
330122.0,0.065
330129.0,0.215
330145.0,0.28
330148.0,0.09
330154.0,0.16
330156.0,0.045
330162.0,0.075
330164.0,0.11
330187.0,0.145
330188.0,0.22
330189.0,0.11
330192.0,0.06
330193.0,0.105
330200.0,0.145
330205.0,0.08
330207.0,0.08
330220.0,0.075
330228.0,0.175
330243.0,0.025
330245.0,0.08
330270.0,0.085
330272.0,0.12
330279.0,0.02
330288.0,0.28
330289.0,0.08
330299.0,0.11
330308.0,0.13
330314.0,0.155
330317.0,0.125
330322.0,0.045
330332.0,0.075
330356.0,0.35
330358.0,0.19
330360.0,0.015
330363.0,0.075
330364.0,0.15
330368.0,0.08
330376.0,0.045
330378.0,0.215
330381.0,0.09
330386.0,0.175
330387.0,0.02
330395.0,0.15
330396.0,0.06
330406.0,0.14
330423.0,0.04
330430.0,0.095
330467.0,0.13
330469.0,0.05
330473.0,0.205
330479.0,0.15
330486.0,0.28
330523.0,0.405
330524.0,0.165
330540.0,0.095
330564.0,0.09
330565.0,0.1
330567.0,0.08
330568.0,0.08
330602.0,0.1
330616.0,0.07
330617.0,0.04
330625.0,0.38
330635.0,0.055
330636.0,0.17
330639.0,0.25
330661.0,0.08
330666.0,0.02
330670.0,0.02
330682.0,0.095
330690.0,0.055
330708.0,0.12
330726.0,0.025
330730.0,0.025
330765.0,0.085
330776.0,0.05
330789.0,0.03
330791.0,0.035
330803.0,0.18
330805.0,0.05
330807.0,0.055
330821.0,0.05
330822.0,0.095
330836.0,0.085
330837.0,0.14
330839.0,0.07
330840.0,0.025
330861.0,0.055
330878.0,0.17
330881.0,0.035
330888.0,0.065
330890.0,0.345
330903.0,0.26
330904.0,0.055
330905.0,0.07
330907.0,0.265
330915.0,0.07
330921.0,0.185
330922.0,0.05
330925.0,0.055
330942.0,0.21
330945.0,0.125
330957.0,0.135
330965.0,0.16
330973.0,0.15
330979.0,0.045
330981.0,0.125
331005.0,0.08
331018.0,0.145
331026.0,0.065
331032.0,0.005
331033.0,0.185
331036.0,0.05
331037.0,0.075
331048.0,0.09
331054.0,0.145
331058.0,0.035
331063.0,0.135
331077.0,0.26
331079.0,0.025
331081.0,0.26
331082.0,0.065
331090.0,0.035
331110.0,0.015
331127.0,0.22
331141.0,0.035
331153.0,0.14
331165.0,0.175
331171.0,0.04
331179.0,0.105
331191.0,0.22
331193.0,0.1
331197.0,0.04
331204.0,0.085
331207.0,0.185
331212.0,0.03
331220.0,0.225
331242.0,0.07
331244.0,0.17
331273.0,0.13
331281.0,0.12
331289.0,0.06
331293.0,0.055
331294.0,0.08
331299.0,0.045
331300.0,0.07
331302.0,0.06
331322.0,0.125
331334.0,0.06
331347.0,0.055
331353.0,0.04
331361.0,0.08
331370.0,0.065
331379.0,0.095
331382.0,0.15
331388.0,0.47
331390.0,0.12
331400.0,0.175
331411.0,0.055
331431.0,0.03
331451.0,0.095
331455.0,0.115
331456.0,0.02
331461.0,0.07
331468.0,0.135
331480.0,0.1
331491.0,0.035
331505.0,0.29
331508.0,0.03
331517.0,0.045
331519.0,0.335
331526.0,0.05
331530.0,0.09
331533.0,0.125
331554.0,0.225
331579.0,0.105
331590.0,0.045
331599.0,0.05
331604.0,0.15
331605.0,0.125
331611.0,0.045
331616.0,0.28
331620.0,0.06
331623.0,0.175
331641.0,0.13
331645.0,0.27
331657.0,0.125
331662.0,0.06
331678.0,0.035
331684.0,0.175
331686.0,0.28
331691.0,0.095
331697.0,0.205
331707.0,0.165
331709.0,0.035
331716.0,0.08
331719.0,0.1
331729.0,0.095
331735.0,0.065
331743.0,0.03
331761.0,0.1
331772.0,0.025
331777.0,0.035
331794.0,0.13
331813.0,0.125
331818.0,0.245
331834.0,0.125
331848.0,0.065
331849.0,0.08
331868.0,0.05
331875.0,0.12
331879.0,0.135
331886.0,0.025
331888.0,0.125
331891.0,0.095
331903.0,0.05
331905.0,0.08
331913.0,0.075
331914.0,0.065
331937.0,0.055
331938.0,0.1
331939.0,0.125
331944.0,0.105
331948.0,0.125
331968.0,0.17
331976.0,0.365
331977.0,0.33
332007.0,0.065
332014.0,0.12
332017.0,0.04
332027.0,0.08
332033.0,0.1
332041.0,0.05
332042.0,0.265
332047.0,0.05
332050.0,0.15
332056.0,0.03
332071.0,0.04
332075.0,0.225
332076.0,0.035
332077.0,0.075
332083.0,0.1
332093.0,0.255
332111.0,0.085
332119.0,0.11
332121.0,0.18
332135.0,0.06
332144.0,0.185
332147.0,0.11
332155.0,0.08
332156.0,0.1
332164.0,0.085
332166.0,0.01
332170.0,0.25
332180.0,0.25
332181.0,0.165
332184.0,0.095
332192.0,0.19
332204.0,0.075
332225.0,0.105
332234.0,0.17
332243.0,0.255
332253.0,0.1
332261.0,0.11
332266.0,0.09
332270.0,0.145
332285.0,0.195
332290.0,0.04
332296.0,0.075
332298.0,0.14
332302.0,0.065
332303.0,0.12
332317.0,0.12
332318.0,0.1
332327.0,0.135
332337.0,0.08
332351.0,0.14
332373.0,0.005
332377.0,0.07
332384.0,0.115
332398.0,0.11
332404.0,0.03
332405.0,0.045
332454.0,0.06
332456.0,0.105
332464.0,0.3
332468.0,0.11
332476.0,0.145
332482.0,0.05
332483.0,0.05
332508.0,0.105
332519.0,0.195
332529.0,0.255
332537.0,0.175
332545.0,0.21
332551.0,0.165
332552.0,0.115
332570.0,0.12
332574.0,0.16
332579.0,0.115
332607.0,0.05
332618.0,0.125
332626.0,0.105
332628.0,0.065
332645.0,0.05
332652.0,0.35
332666.0,0.16
332694.0,0.06
332697.0,0.115
332698.0,0.025
332700.0,0.13
332708.0,0.275
332714.0,0.05
332722.0,0.075
332724.0,0.095
332730.0,0.015
332741.0,0.08
332746.0,0.04
332754.0,0.24
332756.0,0.205
332759.0,0.04
332764.0,0.215
332786.0,0.17
332790.0,0.045
332816.0,0.115
332821.0,0.03
332827.0,0.05
332829.0,0.04
332831.0,0.03
332833.0,0.44
332834.0,0.2
332837.0,0.015
332846.0,0.21
332860.0,0.175
332861.0,0.07
332865.0,0.04
332882.0,0.07
332897.0,0.185
332901.0,0.09
332904.0,0.075
332910.0,0.255
332911.0,0.065
332912.0,0.27
332939.0,0.115
332940.0,0.035
332952.0,0.07
332956.0,0.04
332957.0,0.33
332958.0,0.095
332961.0,0.125
332967.0,0.115
332974.0,0.055
332993.0,0.02
333007.0,0.065
333012.0,0.185
333020.0,0.09
333021.0,0.07
333035.0,0.105
333040.0,0.24
333061.0,0.02
333073.0,0.06
333078.0,0.08
333085.0,0.105
333086.0,0.195
333096.0,0.45
333100.0,0.075
333112.0,0.115
333114.0,0.03
333120.0,0.26
333142.0,0.07
333152.0,0.055
333159.0,0.275
333178.0,0.065
333179.0,0.09
333187.0,0.07
333191.0,0.215
333192.0,0.06
333199.0,0.065
333211.0,0.15
333224.0,0.1
333237.0,0.215
333238.0,0.035
333262.0,0.03
333268.0,0.135
333275.0,0.15
333289.0,0.195
333292.0,0.355
333303.0,0.13
333305.0,0.125
333312.0,0.085
333316.0,0.09
333335.0,0.09
333354.0,0.09
333356.0,0.03
333358.0,0.055
333376.0,0.115
333378.0,0.065
333380.0,0.05
333381.0,0.325
333388.0,0.115
333392.0,0.015
333406.0,0.275
333410.0,0.05
333411.0,0.15
333412.0,0.145
333428.0,0.08
333432.0,0.025
333435.0,0.065
333442.0,0.08
333452.0,0.145
333455.0,0.25
333456.0,0.185
333459.0,0.12
333464.0,0.285
333466.0,0.22
333469.0,0.075
333475.0,0.045
333476.0,0.035
333477.0,0.1
333487.0,0.055
333490.0,0.085
333497.0,0.3
333499.0,0.04
333500.0,0.155
333501.0,0.08
333503.0,0.12
333513.0,0.215
333518.0,0.11
333544.0,0.07
333546.0,0.105
333563.0,0.27
333566.0,0.08
333568.0,0.205
333570.0,0.1
333573.0,0.04
333574.0,0.025
333584.0,0.06
333589.0,0.075
333594.0,0.135
333596.0,0.025
333597.0,0.21
333615.0,0.075
333621.0,0.12
333622.0,0.165
333629.0,0.11
333651.0,0.12
333653.0,0.285
333664.0,0.055
333680.0,0.05
333687.0,0.345
333688.0,0.16
333689.0,0.34
333693.0,0.14
333695.0,0.04
333706.0,0.085
333709.0,0.17
333713.0,0.13
333734.0,0.03
333745.0,0.15
333752.0,0.1
333764.0,0.02
333780.0,0.115
333789.0,0.2
333791.0,0.04
333795.0,0.17
333799.0,0.24
333801.0,0.19
333802.0,0.205
333803.0,0.22
333810.0,0.115
333837.0,0.075
333842.0,0.23
333843.0,0.065
333845.0,0.065
333852.0,0.41
333859.0,0.035
333885.0,0.2
333896.0,0.225
333904.0,0.12
333908.0,0.055
333913.0,0.1
333927.0,0.09
333930.0,0.05
333935.0,0.04
333952.0,0.15
333953.0,0.17
333966.0,0.05
333968.0,0.05
333988.0,0.14
334013.0,0.04
334027.0,0.25
334030.0,0.035
334032.0,0.18
334033.0,0.07
334042.0,0.02
334045.0,0.165
334053.0,0.06
334055.0,0.02
334058.0,0.05
334063.0,0.195
334070.0,0.085
334074.0,0.06
334080.0,0.145
334086.0,0.105
334092.0,0.145
334099.0,0.145
334101.0,0.045
334103.0,0.08
334104.0,0.19
334109.0,0.225
334125.0,0.215
334130.0,0.165
334138.0,0.195
334161.0,0.075
334164.0,0.185
334169.0,0.175
334171.0,0.05
334185.0,0.08
334186.0,0.04
334209.0,0.195
334211.0,0.24
334230.0,0.01
334231.0,0.155
334237.0,0.25
334241.0,0.195
334244.0,0.155
334247.0,0.035
334250.0,0.035
334252.0,0.055
334273.0,0.06
334282.0,0.03
334285.0,0.07
334286.0,0.085
334292.0,0.155
334296.0,0.035
334299.0,0.185
334300.0,0.13
334305.0,0.03
334307.0,0.18
334311.0,0.07
334315.0,0.205
334343.0,0.24
334344.0,0.05
334345.0,0.18
334350.0,0.165
334353.0,0.08
334365.0,0.115
334372.0,0.085
334374.0,0.065
334375.0,0.105
334382.0,0.175
334387.0,0.03
334391.0,0.32
334397.0,0.05
334407.0,0.105
334415.0,0.045
334417.0,0.045
334419.0,0.135
334431.0,0.06
334435.0,0.37
334446.0,0.335
334447.0,0.18
334457.0,0.09
334459.0,0.175
334471.0,0.025
334474.0,0.07
334481.0,0.04
334483.0,0.05
334486.0,0.13
334490.0,0.25
334492.0,0.16
334494.0,0.055
334512.0,0.24
334522.0,0.045
334527.0,0.08
334534.0,0.035
334537.0,0.04
334539.0,0.125
334552.0,0.11
334555.0,0.305
334565.0,0.235
334580.0,0.09
334585.0,0.11
334589.0,0.05
334594.0,0.13
334600.0,0.07
334603.0,0.09
334613.0,0.115
334621.0,0.12
334628.0,0.08
334631.0,0.19
334634.0,0.065
334635.0,0.16
334659.0,0.11
334660.0,0.06
334664.0,0.095
334671.0,0.11
334693.0,0.08
334695.0,0.145
334703.0,0.24
334718.0,0.155
334728.0,0.37
334732.0,0.24
334733.0,0.225
334735.0,0.1
334748.0,0.09
334756.0,0.18
334764.0,0.07
334766.0,0.145
334787.0,0.015
334803.0,0.06
334806.0,0.245
334817.0,0.195
334825.0,0.09
334831.0,0.13
334836.0,0.11
334845.0,0.055
334857.0,0.07
334868.0,0.09
334871.0,0.04
334873.0,0.085
334881.0,0.15
334886.0,0.07
334898.0,0.13
334899.0,0.105
334901.0,0.06
334916.0,0.11
334923.0,0.16
334933.0,0.215
334938.0,0.21
334955.0,0.125
334963.0,0.31
334974.0,0.1
334986.0,0.085
334994.0,0.075
334995.0,0.15
335001.0,0.055
335005.0,0.135
335009.0,0.115
335014.0,0.125
335015.0,0.075
335017.0,0.25
335025.0,0.26
335027.0,0.21
335055.0,0.1
335058.0,0.13
335072.0,0.065
335073.0,0.04
335081.0,0.095
335091.0,0.035
335096.0,0.08
335097.0,0.095
335099.0,0.065
335113.0,0.03
335136.0,0.125
335140.0,0.09
335141.0,0.09
335143.0,0.275
335155.0,0.075
335170.0,0.09
335176.0,0.09
335181.0,0.115
335183.0,0.245
335192.0,0.065
335196.0,0.24
335198.0,0.035
335203.0,0.13
335204.0,0.24
335218.0,0.07
335222.0,0.105
335223.0,0.305
335229.0,0.2
335231.0,0.185
335236.0,0.175
335253.0,0.23
335257.0,0.075
335262.0,0.075
335263.0,0.165
335273.0,0.125
335276.0,0.2
335278.0,0.035
335295.0,0.05
335301.0,0.035
335303.0,0.055
335305.0,0.43
335310.0,0.155
335313.0,0.05
335314.0,0.08
335319.0,0.09
335321.0,0.16
335331.0,0.14
335332.0,0.05
335333.0,0.125
335337.0,0.155
335342.0,0.145
335347.0,0.135
335351.0,0.12
335356.0,0.045
335366.0,0.095
335369.0,0.035
335377.0,0.23
335388.0,0.255
335395.0,0.26
335397.0,0.03
335411.0,0.115
335419.0,0.055
335425.0,0.06
335427.0,0.11
335443.0,0.025
335446.0,0.06
335448.0,0.09
335451.0,0.265
335458.0,0.05
335459.0,0.18
335460.0,0.165
335463.0,0.105
335471.0,0.13
335477.0,0.03
335478.0,0.14
335484.0,0.025
335490.0,0.31
335495.0,0.165
335506.0,0.18
335507.0,0.125
335518.0,0.11
335533.0,0.055
335537.0,0.235
335538.0,0.12
335549.0,0.1
335553.0,0.155
335561.0,0.19
335564.0,0.05
335573.0,0.135
335577.0,0.095
335579.0,0.05
335585.0,0.165
335590.0,0.12
335594.0,0.08
335598.0,0.09
335601.0,0.015
335608.0,0.09
335616.0,0.215
335640.0,0.17
335645.0,0.095
335653.0,0.08
335683.0,0.075
335692.0,0.135
335713.0,0.015
335726.0,0.035
335727.0,0.295
335728.0,0.065
335732.0,0.095
335736.0,0.06
335747.0,0.025
335754.0,0.1
335755.0,0.045
335761.0,0.1
335775.0,0.105
335778.0,0.335
335779.0,0.11
335787.0,0.03
335805.0,0.025
335807.0,0.115
335808.0,0.15
335815.0,0.09
335818.0,0.02
335835.0,0.185
335849.0,0.09
335850.0,0.125
335851.0,0.115
335852.0,0.015
335856.0,0.1
335857.0,0.17
335863.0,0.13
335871.0,0.095
335879.0,0.075
335885.0,0.13
335887.0,0.14
335893.0,0.3
335906.0,0.085
335912.0,0.04
335921.0,0.23
335944.0,0.165
335952.0,0.15
335955.0,0.055
335956.0,0.04
335957.0,0.185
335958.0,0.155
335962.0,0.09
335963.0,0.075
335964.0,0.075
335971.0,0.06
335973.0,0.11
335975.0,0.125
335981.0,0.09
335983.0,0.11
336016.0,0.07
336038.0,0.165
336039.0,0.05
336041.0,0.085
336061.0,0.04
336063.0,0.135
336067.0,0.065
336071.0,0.09
336089.0,0.145
336095.0,0.09
336096.0,0.13
336101.0,0.04
336117.0,0.06
336118.0,0.13
336120.0,0.205
336137.0,0.01
336155.0,0.03
336156.0,0.29
336159.0,0.035
336178.0,0.185
336183.0,0.2
336194.0,0.02
336195.0,0.135
336199.0,0.125
336209.0,0.115
336213.0,0.075
336214.0,0.115
336215.0,0.035
336220.0,0.06
336253.0,0.065
336260.0,0.28
336263.0,0.115
336265.0,0.225
336273.0,0.12
336277.0,0.06
336280.0,0.045
336295.0,0.12
336308.0,0.035
336309.0,0.04
336316.0,0.07
336319.0,0.07
336321.0,0.015
336322.0,0.27
336323.0,0.155
336340.0,0.18
336344.0,0.19
336352.0,0.045
336361.0,0.22
336367.0,0.06
336382.0,0.175
336383.0,0.125
336393.0,0.065
336407.0,0.08
336413.0,0.125
336418.0,0.145
336426.0,0.085
336427.0,0.075
336436.0,0.095
336443.0,0.13
336445.0,0.12
336447.0,0.02
336451.0,0.08
336464.0,0.18
336484.0,0.18
336491.0,0.075
336492.0,0.065
336493.0,0.1
336494.0,0.155
336499.0,0.055
336524.0,0.05
336527.0,0.255
336534.0,0.2
336544.0,0.065
336553.0,0.2
336558.0,0.045
336565.0,0.06
336569.0,0.14
336580.0,0.14
336586.0,0.01
336592.0,0.1
336604.0,0.045
336610.0,0.07
336623.0,0.275
336634.0,0.125
336635.0,0.095
336641.0,0.07
336660.0,0.035
336673.0,0.18
336686.0,0.065
336693.0,0.125
336701.0,0.145
336704.0,0.18
336711.0,0.1
336715.0,0.15
336717.0,0.005
336722.0,0.065
336724.0,0.07
336741.0,0.125
336745.0,0.07
336757.0,0.26
336764.0,0.28
336767.0,0.205
336783.0,0.035
336786.0,0.05
336791.0,0.04
336792.0,0.215
336813.0,0.145
336822.0,0.32
336823.0,0.165
336832.0,0.02
336843.0,0.16
336858.0,0.16
336870.0,0.105
336876.0,0.055
336885.0,0.08
336887.0,0.095
336891.0,0.05
336903.0,0.065
336916.0,0.17
336917.0,0.055
336922.0,0.03
336925.0,0.07
336931.0,0.215
336938.0,0.055
336950.0,0.255
336955.0,0.125
336956.0,0.13
336959.0,0.105
336966.0,0.23
336971.0,0.11
336978.0,0.075
336983.0,0.05
336986.0,0.02
336996.0,0.19
337003.0,0.46
337007.0,0.09
337029.0,0.14
337034.0,0.1
337039.0,0.03
337057.0,0.215
337058.0,0.065
337062.0,0.14
337080.0,0.055
337087.0,0.005
337105.0,0.035
337108.0,0.095
337120.0,0.1
337125.0,0.175
337142.0,0.12
337159.0,0.055
337160.0,0.06
337168.0,0.14
337170.0,0.045
337171.0,0.04
337178.0,0.25
337188.0,0.105
337191.0,0.145
337200.0,0.08
337207.0,0.07
337210.0,0.075
337218.0,0.05
337221.0,0.07
337237.0,0.07
337241.0,0.235
337244.0,0.08
337273.0,0.19
337294.0,0.055
337295.0,0.065
337298.0,0.105
337310.0,0.065
337326.0,0.045
337338.0,0.305
337343.0,0.125
337360.0,0.05
337369.0,0.11
337375.0,0.19
337386.0,0.145
337388.0,0.395
337405.0,0.135
337408.0,0.17
337412.0,0.03
337416.0,0.075
337418.0,0.325
337442.0,0.265
337449.0,0.065
337457.0,0.05
337460.0,0.08
337474.0,0.095
337499.0,0.075
337506.0,0.15
337512.0,0.15
337527.0,0.075
337528.0,0.035
337530.0,0.04
337539.0,0.16
337546.0,0.025
337551.0,0.16
337569.0,0.02
337576.0,0.085
337582.0,0.085
337590.0,0.25
337599.0,0.105
337600.0,0.32
337601.0,0.36
337608.0,0.09
337614.0,0.345
337619.0,0.205
337625.0,0.36
337629.0,0.32
337635.0,0.075
337642.0,0.1
337663.0,0.38
337665.0,0.165
337668.0,0.015
337700.0,0.1
337746.0,0.035
337761.0,0.04
337779.0,0.21
337788.0,0.145
337790.0,0.2
337793.0,0.135
337802.0,0.075
337807.0,0.065
337821.0,0.295
337840.0,0.065
337846.0,0.31
337848.0,0.265
337864.0,0.13
337866.0,0.11
337868.0,0.045
337878.0,0.005
337890.0,0.185
337896.0,0.1
337901.0,0.105
337905.0,0.155
337914.0,0.08
337953.0,0.115
337969.0,0.025
337984.0,0.065
337995.0,0.07
338009.0,0.025
338018.0,0.095
338022.0,0.025
338028.0,0.135
338029.0,0.07
338044.0,0.04
338050.0,0.115
338052.0,0.06
338073.0,0.175
338076.0,0.035
338084.0,0.02
338086.0,0.01
338094.0,0.035
338097.0,0.14
338099.0,0.115
338126.0,0.04
338127.0,0.245
338137.0,0.17
338146.0,0.035
338161.0,0.07
338164.0,0.11
338174.0,0.04
338179.0,0.285
338181.0,0.16
338188.0,0.035
338189.0,0.13
338193.0,0.055
338199.0,0.035
338202.0,0.25
338204.0,0.09
338210.0,0.165
338229.0,0.11
338240.0,0.105
338250.0,0.075
338253.0,0.25
338254.0,0.04
338268.0,0.15
338290.0,0.065
338293.0,0.12
338297.0,0.115
338301.0,0.09
338306.0,0.075
338314.0,0.065
338318.0,0.07
338325.0,0.065
338340.0,0.225
338341.0,0.165
338351.0,0.07
338352.0,0.2
338368.0,0.04
338381.0,0.045
338404.0,0.025
338409.0,0.07
338417.0,0.09
338418.0,0.08
338426.0,0.015
338431.0,0.155
338435.0,0.055
338463.0,0.195
338465.0,0.135
338467.0,0.115
338479.0,0.285
338495.0,0.055
338510.0,0.13
338526.0,0.065
338528.0,0.17
338530.0,0.14
338539.0,0.015
338543.0,0.075
338554.0,0.045
338557.0,0.115
338581.0,0.23
338589.0,0.05
338595.0,0.185
338597.0,0.07
338604.0,0.155
338607.0,0.04
338613.0,0.03
338615.0,0.05
338628.0,0.115
338636.0,0.23
338642.0,0.07
338669.0,0.08
338671.0,0.13
338675.0,0.06
338676.0,0.32
338690.0,0.05
338696.0,0.18
338702.0,0.195
338703.0,0.045
338709.0,0.105
338719.0,0.155
338725.0,0.165
338727.0,0.04
338732.0,0.13
338749.0,0.07
338773.0,0.03
338774.0,0.065
338784.0,0.145
338789.0,0.06
338792.0,0.11
338804.0,0.165
338808.0,0.08
338822.0,0.065
338824.0,0.055
338833.0,0.095
338836.0,0.22
338840.0,0.09
338842.0,0.06
338843.0,0.2
338847.0,0.075
338849.0,0.19
338857.0,0.24
338860.0,0.185
338872.0,0.085
338874.0,0.13
338878.0,0.18
338895.0,0.115
338896.0,0.21
338904.0,0.145
338920.0,0.175
338931.0,0.125
338938.0,0.065
338955.0,0.055
338962.0,0.075
338969.0,0.13
338976.0,0.075
338994.0,0.035
339011.0,0.045
339014.0,0.06
339017.0,0.025
339018.0,0.355
339030.0,0.07
339038.0,0.005
339060.0,0.055
339079.0,0.18
339082.0,0.045
339099.0,0.075
339103.0,0.12
339105.0,0.12
339107.0,0.065
339121.0,0.245
339148.0,0.1
339152.0,0.055
339154.0,0.085
339170.0,0.29
339186.0,0.05
339187.0,0.065
339193.0,0.06
339196.0,0.07
339199.0,0.08
339203.0,0.28
339216.0,0.175
339228.0,0.11
339232.0,0.16
339237.0,0.07
339240.0,0.2
339242.0,0.07
339245.0,0.055
339252.0,0.115
339256.0,0.065
339258.0,0.105
339260.0,0.07
339263.0,0.145
339268.0,0.14
339269.0,0.115
339286.0,0.29
339304.0,0.08
339307.0,0.095
339317.0,0.1
339330.0,0.155
339346.0,0.25
339380.0,0.04
339381.0,0.12
339382.0,0.12
339391.0,0.025
339396.0,0.03
339406.0,0.11
339407.0,0.07
339409.0,0.065
339410.0,0.135
339425.0,0.1
339427.0,0.17
339433.0,0.21
339443.0,0.04
339449.0,0.11
339452.0,0.075
339453.0,0.115
339455.0,0.12
339457.0,0.105
339477.0,0.235
339483.0,0.1
339487.0,0.175
339490.0,0.07
339518.0,0.135
339523.0,0.15
339529.0,0.035
339541.0,0.275
339544.0,0.235
339546.0,0.22
339559.0,0.345
339563.0,0.04
339573.0,0.15
339591.0,0.04
339593.0,0.135
339599.0,0.035
339604.0,0.19
339615.0,0.06
339621.0,0.045
339625.0,0.36
339642.0,0.15
339647.0,0.25
339650.0,0.22
339656.0,0.035
339659.0,0.06
339681.0,0.21
339683.0,0.155
339684.0,0.11
339689.0,0.125
339694.0,0.015
339699.0,0.155
339718.0,0.25
339727.0,0.285
339735.0,0.105
339736.0,0.06
339745.0,0.06
339755.0,0.12
339758.0,0.045
339770.0,0.055
339772.0,0.045
339778.0,0.025
339786.0,0.12
339787.0,0.28
339788.0,0.26
339799.0,0.105
339814.0,0.12
339837.0,0.015
339842.0,0.085
339845.0,0.06
339852.0,0.125
339857.0,0.255
339864.0,0.165
339872.0,0.06
339873.0,0.03
339874.0,0.065
339875.0,0.06
339879.0,0.325
339884.0,0.145
339888.0,0.145
339891.0,0.245
339905.0,0.1
339920.0,0.08
339934.0,0.17
339938.0,0.195
339948.0,0.055
339949.0,0.045
339953.0,0.075
339954.0,0.09
339957.0,0.1
339958.0,0.175
339971.0,0.1
339975.0,0.115
339978.0,0.06
339984.0,0.045
339993.0,0.05
340009.0,0.11
340012.0,0.11
340019.0,0.06
340031.0,0.115
340041.0,0.24
340045.0,0.095
340046.0,0.295
340067.0,0.055
340079.0,0.235
340081.0,0.135
340082.0,0.035
340090.0,0.035
340091.0,0.205
340099.0,0.07
340104.0,0.11
340109.0,0.045
340123.0,0.235
340146.0,0.09
340162.0,0.055
340167.0,0.115
340181.0,0.1
340194.0,0.06
340195.0,0.05
340198.0,0.25
340202.0,0.2
340203.0,0.305
340219.0,0.06
340221.0,0.06
340224.0,0.1
340239.0,0.045
340248.0,0.175
340262.0,0.065
340264.0,0.16
340277.0,0.29
340285.0,0.025
340292.0,0.095
340356.0,0.18
340365.0,0.135
340375.0,0.145
340377.0,0.03
340378.0,0.25
340385.0,0.23
340387.0,0.055
340388.0,0.14
340405.0,0.045
340407.0,0.1
340408.0,0.1
340416.0,0.05
340420.0,0.05
340421.0,0.255
340425.0,0.06
340430.0,0.06
340448.0,0.065
340451.0,0.165
340456.0,0.075
340457.0,0.165
340459.0,0.165
340460.0,0.1
340463.0,0.1
340464.0,0.125
340486.0,0.06
340503.0,0.175
340504.0,0.105
340505.0,0.065
340507.0,0.08
340509.0,0.1
340511.0,0.205
340513.0,0.065
340516.0,0.18
340529.0,0.025
340535.0,0.06
340542.0,0.25
340545.0,0.105
340546.0,0.245
340556.0,0.205
340567.0,0.055
340576.0,0.17
340577.0,0.02
340586.0,0.025
340587.0,0.21
340594.0,0.07
340610.0,0.325
340611.0,0.16
340614.0,0.15
340625.0,0.065
340630.0,0.22
340640.0,0.08
340667.0,0.185
340674.0,0.055
340679.0,0.135
340683.0,0.08
340686.0,0.23
340698.0,0.05
340708.0,0.025
340717.0,0.125
340718.0,0.04
340720.0,0.005
340726.0,0.045
340746.0,0.06
340747.0,0.015
340768.0,0.085
340769.0,0.1
340772.0,0.315
340774.0,0.17
340778.0,0.06
340806.0,0.17
340816.0,0.115
340823.0,0.105
340826.0,0.095
340838.0,0.245
340840.0,0.23
340842.0,0.105
340844.0,0.145
340845.0,0.03
340853.0,0.16
340855.0,0.26
340857.0,0.195
340858.0,0.12
340864.0,0.19
340899.0,0.095
340901.0,0.055
340909.0,0.145
340921.0,0.06
340925.0,0.115
340953.0,0.105
340954.0,0.06
340961.0,0.055
340963.0,0.205
340975.0,0.17
340977.0,0.065
340996.0,0.075
341009.0,0.09
341013.0,0.03
341020.0,0.06
341024.0,0.15
341031.0,0.135
341038.0,0.275
341042.0,0.09
341050.0,0.09
341063.0,0.36
341066.0,0.035
341067.0,0.015
341070.0,0.225
341075.0,0.145
341089.0,0.06
341091.0,0.025
341122.0,0.11
341132.0,0.09
341135.0,0.265
341150.0,0.155
341168.0,0.15
341172.0,0.14
341182.0,0.055
341183.0,0.015
341187.0,0.165
341192.0,0.18
341194.0,0.11
341201.0,0.065
341226.0,0.065
341228.0,0.105
341231.0,0.18
341235.0,0.055
341237.0,0.03
341251.0,0.195
341278.0,0.115
341284.0,0.095
341285.0,0.19
341294.0,0.065
341296.0,0.1
341297.0,0.095
341298.0,0.075
341302.0,0.065
341304.0,0.075
341307.0,0.175
341314.0,0.12
341324.0,0.06
341332.0,0.3
341342.0,0.155
341347.0,0.11
341356.0,0.21
341358.0,0.155
341365.0,0.11
341368.0,0.14
341372.0,0.11
341374.0,0.08
341380.0,0.06
341381.0,0.215
341390.0,0.13
341398.0,0.105
341401.0,0.285
341406.0,0.095
341413.0,0.1
341419.0,0.04
341421.0,0.1
341427.0,0.05
341429.0,0.155
341434.0,0.055
341437.0,0.035
341444.0,0.14
341447.0,0.105
341452.0,0.085
341458.0,0.3
341475.0,0.065
341478.0,0.065
341495.0,0.04
341503.0,0.11
341520.0,0.15
341525.0,0.13
341544.0,0.095
341545.0,0.1
341548.0,0.02
341551.0,0.055
341552.0,0.05
341562.0,0.165
341574.0,0.175
341577.0,0.08
341585.0,0.27
341616.0,0.085
341630.0,0.06
341631.0,0.08
341640.0,0.165
341651.0,0.125
341653.0,0.15
341655.0,0.41
341659.0,0.035
341696.0,0.2
341705.0,0.235
341717.0,0.075
341720.0,0.09
341728.0,0.13
341729.0,0.09
341737.0,0.08
341758.0,0.04
341765.0,0.12
341780.0,0.21
341785.0,0.17
341787.0,0.135
341790.0,0.16
341796.0,0.075
341805.0,0.12
341811.0,0.05
341823.0,0.045
341828.0,0.37
341841.0,0.055
341865.0,0.185
341873.0,0.09
341891.0,0.08
341899.0,0.045
341906.0,0.03
341917.0,0.075
341926.0,0.125
341931.0,0.11
341934.0,0.07
341939.0,0.27
341943.0,0.26
341962.0,0.115
341967.0,0.11
341971.0,0.145
341990.0,0.06
341997.0,0.055
342001.0,0.07
342010.0,0.075
342042.0,0.14
342052.0,0.18
342084.0,0.15
342089.0,0.04
342091.0,0.05
342099.0,0.035
342109.0,0.025
342111.0,0.08
342119.0,0.035
342120.0,0.13
342125.0,0.025
342127.0,0.25
342128.0,0.105
342135.0,0.065
342136.0,0.19
342138.0,0.07
342148.0,0.305
342153.0,0.155
342154.0,0.17
342157.0,0.055
342163.0,0.065
342168.0,0.06
342173.0,0.33
342182.0,0.145
342185.0,0.005
342194.0,0.13
342198.0,0.25
342210.0,0.08
342214.0,0.11
342220.0,0.04
342222.0,0.045
342223.0,0.25
342230.0,0.16
342239.0,0.125
342247.0,0.085
342248.0,0.205
342252.0,0.02
342257.0,0.23
342271.0,0.27
342272.0,0.02
342290.0,0.17
342295.0,0.085
342297.0,0.06
342298.0,0.085
342301.0,0.125
342305.0,0.1
342308.0,0.025
342314.0,0.19
342322.0,0.03
342340.0,0.26
342350.0,0.055
342353.0,0.045
342358.0,0.115
342377.0,0.045
342378.0,0.04
342382.0,0.25
342390.0,0.065
342396.0,0.105
342439.0,0.195
342442.0,0.065
342447.0,0.135
342449.0,0.06
342450.0,0.25
342451.0,0.225
342454.0,0.145
342455.0,0.185
342467.0,0.085
342476.0,0.37
342481.0,0.11
342498.0,0.06
342503.0,0.06
342510.0,0.045
342513.0,0.14
342523.0,0.055
342527.0,0.285
342555.0,0.21
342566.0,0.145
342584.0,0.06
342593.0,0.03
342600.0,0.025
342611.0,0.09
342614.0,0.095
342637.0,0.055
342639.0,0.065
342656.0,0.265
342669.0,0.06
342684.0,0.46
342686.0,0.155
342690.0,0.245
342693.0,0.07
342701.0,0.295
342702.0,0.24
342703.0,0.12
342706.0,0.075
342711.0,0.1
342730.0,0.045
342744.0,0.185
342753.0,0.265
342769.0,0.07
342779.0,0.115
342788.0,0.065
342792.0,0.085
342794.0,0.16
342795.0,0.15
342799.0,0.075
342802.0,0.345
342803.0,0.29
342812.0,0.15
342820.0,0.24
342824.0,0.03
342835.0,0.135
342836.0,0.02
342851.0,0.16
342860.0,0.075
342862.0,0.165
342870.0,0.125
342873.0,0.21
342894.0,0.045
342916.0,0.1
342950.0,0.215
342970.0,0.195
342971.0,0.18
342980.0,0.035
342981.0,0.09
343004.0,0.205
343044.0,0.02
343045.0,0.165
343072.0,0.095
343078.0,0.12
343080.0,0.22
343085.0,0.07
343126.0,0.105
343137.0,0.12
343139.0,0.13
343144.0,0.085
343155.0,0.055
343163.0,0.09
343165.0,0.075
343190.0,0.095
343205.0,0.025
343221.0,0.125
343226.0,0.07
343233.0,0.16
343236.0,0.095
343241.0,0.08
343245.0,0.15
343256.0,0.105
343260.0,0.155
343276.0,0.045
343298.0,0.11
343299.0,0.045
343310.0,0.13
343312.0,0.195
343317.0,0.065
343319.0,0.06
343324.0,0.09
343345.0,0.06
343348.0,0.15
343354.0,0.41
343363.0,0.065
343365.0,0.195
343376.0,0.01
343380.0,0.28
343401.0,0.015
343412.0,0.085
343414.0,0.1
343415.0,0.235
343418.0,0.1
343419.0,0.14
343421.0,0.075
343423.0,0.06
343432.0,0.035
343436.0,0.075
343440.0,0.195
343458.0,0.06
343470.0,0.1
343471.0,0.035
343480.0,0.025
343484.0,0.065
343492.0,0.18
343500.0,0.085
343503.0,0.12
343522.0,0.19
343525.0,0.08
343562.0,0.185
343577.0,0.225
343580.0,0.18
343591.0,0.05
343594.0,0.1
343602.0,0.095
343611.0,0.065
343615.0,0.28
343639.0,0.035
343643.0,0.16
343645.0,0.045
343647.0,0.005
343669.0,0.015
343683.0,0.14
343702.0,0.445
343703.0,0.09
343704.0,0.07
343710.0,0.065
343724.0,0.16
343730.0,0.205
343742.0,0.305
343743.0,0.075
343745.0,0.055
343775.0,0.135
343783.0,0.175
343794.0,0.12
343795.0,0.06
343816.0,0.045
343820.0,0.04
343823.0,0.175
343836.0,0.02
343845.0,0.13
343888.0,0.31
343893.0,0.06
343898.0,0.135
343914.0,0.02
343918.0,0.055
343920.0,0.045
343928.0,0.075
343931.0,0.15
343968.0,0.07
343990.0,0.165
343991.0,0.05
343996.0,0.14
344002.0,0.28
344004.0,0.135
344008.0,0.24
344011.0,0.115
344013.0,0.13
344014.0,0.235
344015.0,0.165
344016.0,0.11
344019.0,0.095
344026.0,0.015
344027.0,0.095
344029.0,0.105
344039.0,0.12
344041.0,0.295
344042.0,0.07
344047.0,0.205
344053.0,0.165
344055.0,0.09
344060.0,0.075
344064.0,0.055
344067.0,0.15
344080.0,0.025
344083.0,0.12
344088.0,0.045
344090.0,0.06
344093.0,0.155
344099.0,0.04
344113.0,0.17
344114.0,0.15
344119.0,0.055
344121.0,0.08
344135.0,0.16
344138.0,0.11
344159.0,0.155
344172.0,0.045
344176.0,0.115
344192.0,0.095
344202.0,0.13
344219.0,0.115
344225.0,0.075
344229.0,0.37
344240.0,0.06
344241.0,0.085
344249.0,0.035
344252.0,0.405
344256.0,0.175
344260.0,0.165
344264.0,0.095
344267.0,0.05
344275.0,0.08
344283.0,0.06
344292.0,0.165
344296.0,0.14
344297.0,0.065
344299.0,0.085
344303.0,0.215
344313.0,0.055
344315.0,0.12
344317.0,0.095
344323.0,0.175
344328.0,0.145
344339.0,0.095
344343.0,0.09
344345.0,0.08
344356.0,0.14
344358.0,0.02
344359.0,0.105
344366.0,0.215
344370.0,0.085
344382.0,0.04
344383.0,0.07
344386.0,0.115
344388.0,0.335
344393.0,0.055
344395.0,0.08
344401.0,0.095
344402.0,0.2
344404.0,0.135
344422.0,0.01
344427.0,0.08
344433.0,0.04
344444.0,0.08
344454.0,0.09
344460.0,0.175
344480.0,0.02
344483.0,0.085
344488.0,0.225
344496.0,0.39
344504.0,0.115
344516.0,0.12
344524.0,0.145
344540.0,0.295
344542.0,0.125
344550.0,0.05
344558.0,0.085
344561.0,0.11
344568.0,0.23
344571.0,0.155
344621.0,0.04
344633.0,0.19
344635.0,0.235
344660.0,0.1
344662.0,0.195
344681.0,0.04
344683.0,0.215
344685.0,0.075
344716.0,0.325
344726.0,0.1
344749.0,0.065
344750.0,0.385
344752.0,0.16
344760.0,0.055
344762.0,0.145
344768.0,0.1
344770.0,0.215
344772.0,0.145
344778.0,0.105
344783.0,0.13
344793.0,0.065
344814.0,0.06
344815.0,0.03
344818.0,0.04
344819.0,0.085
344826.0,0.225
344828.0,0.495
344835.0,0.07
344864.0,0.05
344869.0,0.12
344875.0,0.275
344883.0,0.05
344885.0,0.065
344887.0,0.07
344889.0,0.26
344892.0,0.395
344895.0,0.11
344913.0,0.075
344934.0,0.03
344939.0,0.24
344947.0,0.135
344964.0,0.21
344969.0,0.105
344973.0,0.095
344977.0,0.165
344978.0,0.18
344991.0,0.17
345010.0,0.27
345011.0,0.135
345012.0,0.215
345020.0,0.09
345021.0,0.035
345042.0,0.035
345046.0,0.05
345070.0,0.075
345078.0,0.11
345085.0,0.125
345087.0,0.275
345093.0,0.13
345094.0,0.225
345097.0,0.13
345107.0,0.015
345109.0,0.125
345117.0,0.06
345118.0,0.045
345126.0,0.275
345142.0,0.045
345143.0,0.06
345149.0,0.035
345150.0,0.04
345154.0,0.275
345174.0,0.035
345184.0,0.215
345193.0,0.09
345196.0,0.2
345202.0,0.08
345207.0,0.08
345209.0,0.665
345211.0,0.14
345212.0,0.155
345213.0,0.115
345218.0,0.115
345228.0,0.02
345234.0,0.035
345251.0,0.04
345252.0,0.07
345260.0,0.135
345269.0,0.045
345275.0,0.25
345300.0,0.025
345305.0,0.085
345306.0,0.2
345310.0,0.085
345315.0,0.285
345324.0,0.115
345329.0,0.05
345359.0,0.235
345360.0,0.165
345364.0,0.025
345385.0,0.195
345387.0,0.05
345390.0,0.085
345402.0,0.25
345404.0,0.035
345405.0,0.11
345416.0,0.13
345425.0,0.185
345432.0,0.055
345437.0,0.185
345442.0,0.135
345450.0,0.125
345458.0,0.09
345467.0,0.14
345468.0,0.365
345470.0,0.12
345478.0,0.065
345479.0,0.115
345482.0,0.155
345489.0,0.115
345492.0,0.115
345499.0,0.13
345502.0,0.06
345515.0,0.14
345538.0,0.045
345542.0,0.18
345548.0,0.06
345550.0,0.07
345552.0,0.09
345557.0,0.03
345560.0,0.03
345563.0,0.095
345564.0,0.24
345580.0,0.06
345582.0,0.04
345583.0,0.045
345604.0,0.1
345622.0,0.09
345630.0,0.07
345634.0,0.06
345643.0,0.065
345646.0,0.025
345685.0,0.215
345687.0,0.045
345694.0,0.065
345717.0,0.07
345718.0,0.24
345726.0,0.1
345733.0,0.055
345738.0,0.135
345754.0,0.115
345761.0,0.09
345771.0,0.165
345778.0,0.05
345780.0,0.255
345788.0,0.135
345796.0,0.235
345800.0,0.255
345808.0,0.105
345812.0,0.045
345821.0,0.165
345822.0,0.18
345843.0,0.22
345853.0,0.145
345854.0,0.08
345857.0,0.02
345858.0,0.13
345867.0,0.095
345884.0,0.1
345892.0,0.06
345893.0,0.09
345896.0,0.125
345902.0,0.065
345906.0,0.155
345913.0,0.025
345916.0,0.11
345922.0,0.145
345923.0,0.16
345924.0,0.065
345935.0,0.165
345941.0,0.04
345948.0,0.205
345953.0,0.07
345958.0,0.16
345962.0,0.045
345966.0,0.15
345973.0,0.14
345976.0,0.3
345989.0,0.005
345999.0,0.04
346003.0,0.095
346014.0,0.14
346027.0,0.08
346036.0,0.16
346048.0,0.13
346052.0,0.075
346057.0,0.18
346058.0,0.085
346064.0,0.135
346076.0,0.31
346079.0,0.075
346081.0,0.075
346091.0,0.045
346099.0,0.12
346104.0,0.055
346111.0,0.09
346117.0,0.28
346118.0,0.07
346126.0,0.08
346135.0,0.065
346141.0,0.145
346150.0,0.115
346153.0,0.095
346155.0,0.11
346164.0,0.085
346166.0,0.41
346173.0,0.095
346179.0,0.01
346184.0,0.05
346188.0,0.065
346201.0,0.15
346207.0,0.115
346213.0,0.09
346219.0,0.015
346245.0,0.105
346271.0,0.08
346273.0,0.205
346290.0,0.145
346300.0,0.195
346314.0,0.085
346328.0,0.045
346329.0,0.115
346338.0,0.045
346340.0,0.04
346341.0,0.045
346347.0,0.075
346358.0,0.235
346362.0,0.155
346373.0,0.115
346377.0,0.36
346379.0,0.425
346384.0,0.18
346387.0,0.09
346392.0,0.09
346396.0,0.035
346402.0,0.215
346405.0,0.18
346407.0,0.095
346409.0,0.17
346414.0,0.12
346423.0,0.135
346424.0,0.055
346428.0,0.07
346443.0,0.09
346444.0,0.025
346446.0,0.175
346449.0,0.105
346456.0,0.055
346476.0,0.06
346477.0,0.09
346480.0,0.16
346492.0,0.085
346526.0,0.035
346536.0,0.19
346539.0,0.06
346543.0,0.09
346544.0,0.095
346546.0,0.095
346591.0,0.365
346598.0,0.1
346599.0,0.115
346618.0,0.08
346620.0,0.015
346623.0,0.095
346631.0,0.035
346639.0,0.04
346657.0,0.09
346661.0,0.32
346671.0,0.2
346672.0,0.055
346694.0,0.045
346712.0,0.235
346714.0,0.11
346723.0,0.115
346727.0,0.155
346729.0,0.04
346747.0,0.025
346765.0,0.1
346775.0,0.14
346784.0,0.22
346797.0,0.03
346799.0,0.13
346802.0,0.05
346807.0,0.14
346822.0,0.13
346828.0,0.14
346836.0,0.19
346838.0,0.04
346841.0,0.185
346843.0,0.145
346848.0,0.19
346850.0,0.125
346851.0,0.065
346855.0,0.115
346856.0,0.095
346860.0,0.07
346870.0,0.09
346881.0,0.32
346884.0,0.105
346887.0,0.035
346890.0,0.045
346904.0,0.135
346912.0,0.12
346914.0,0.255
346923.0,0.035
346924.0,0.13
346926.0,0.095
346934.0,0.06
346936.0,0.04
346951.0,0.065
346952.0,0.055
346970.0,0.055
346982.0,0.08
346993.0,0.005
347013.0,0.1
347018.0,0.045
347021.0,0.09
347031.0,0.18
347033.0,0.47
347039.0,0.13
347045.0,0.2
347046.0,0.1
347058.0,0.045
347071.0,0.31
347078.0,0.19
347079.0,0.05
347097.0,0.065
347101.0,0.16
347120.0,0.1
347121.0,0.1
347133.0,0.055
347161.0,0.11
347163.0,0.03
347173.0,0.045
347175.0,0.09
347181.0,0.06
347193.0,0.24
347196.0,0.2
347204.0,0.24
347205.0,0.19
347217.0,0.275
347229.0,0.08
347255.0,0.035
347261.0,0.115
347266.0,0.2
347283.0,0.07
347286.0,0.11
347302.0,0.02
347304.0,0.07
347321.0,0.09
347323.0,0.08
347331.0,0.205
347340.0,0.125
347350.0,0.12
347374.0,0.07
347379.0,0.26
347404.0,0.3
347415.0,0.18
347438.0,0.25
347439.0,0.075
347443.0,0.185
347450.0,0.275
347456.0,0.02
347458.0,0.315
347463.0,0.2
347471.0,0.075
347476.0,0.075
347482.0,0.135
347483.0,0.05
347492.0,0.07
347498.0,0.1
347499.0,0.1
347501.0,0.175
347521.0,0.095
347527.0,0.05
347531.0,0.07
347540.0,0.07
347556.0,0.12
347575.0,0.07
347579.0,0.02
347581.0,0.11
347583.0,0.135
347611.0,0.14
347614.0,0.16
347621.0,0.1
347629.0,0.29
347639.0,0.215
347642.0,0.085
347650.0,0.125
347665.0,0.115
347674.0,0.03
347678.0,0.235
347689.0,0.1
347690.0,0.065
347708.0,0.105
347712.0,0.255
347722.0,0.335
347728.0,0.07
347734.0,0.085
347736.0,0.335
347747.0,0.17
347748.0,0.07
347753.0,0.27
347755.0,0.345
347756.0,0.095
347757.0,0.08
347763.0,0.165
347770.0,0.195
347771.0,0.21
347784.0,0.065
347792.0,0.1
347793.0,0.23
347801.0,0.1
347808.0,0.36
347821.0,0.06
347824.0,0.12
347829.0,0.13
347841.0,0.235
347845.0,0.05
347846.0,0.295
347853.0,0.305
347854.0,0.095
347858.0,0.13
347859.0,0.03
347864.0,0.01
347869.0,0.06
347876.0,0.125
347880.0,0.12
347884.0,0.035
347888.0,0.03
347893.0,0.04
347900.0,0.11
347902.0,0.09
347910.0,0.105
347912.0,0.045
347915.0,0.085
347916.0,0.065
347919.0,0.04
347923.0,0.165
347952.0,0.375
348002.0,0.285
348003.0,0.04
348008.0,0.3
348014.0,0.085
348027.0,0.165
348031.0,0.04
348051.0,0.085
348060.0,0.095
348064.0,0.16
348066.0,0.115
348069.0,0.135
348077.0,0.14
348081.0,0.07
348087.0,0.09
348088.0,0.015
348094.0,0.295
348100.0,0.05
348119.0,0.15
348122.0,0.105
348141.0,0.3
348145.0,0.01
348154.0,0.06
348158.0,0.06
348163.0,0.255
348176.0,0.235
348177.0,0.015
348181.0,0.175
348190.0,0.195
348195.0,0.2
348197.0,0.245
348200.0,0.025
348209.0,0.11
348216.0,0.05
348217.0,0.13
348223.0,0.31
348228.0,0.05
348230.0,0.06
348249.0,0.085
348251.0,0.165
348261.0,0.205
348264.0,0.07
348271.0,0.01
348273.0,0.165
348280.0,0.25
348283.0,0.18
348285.0,0.19
348306.0,0.25
348312.0,0.115
348327.0,0.045
348328.0,0.19
348344.0,0.065
348358.0,0.175
348361.0,0.125
348362.0,0.23
348364.0,0.04
348370.0,0.055
348380.0,0.09
348400.0,0.145
348420.0,0.16
348428.0,0.175
348430.0,0.03
348445.0,0.04
348460.0,0.185
348462.0,0.045
348465.0,0.195
348481.0,0.075
348482.0,0.08
348485.0,0.08
348491.0,0.23
348492.0,0.135
348522.0,0.27
348531.0,0.075
348536.0,0.095
348546.0,0.205
348547.0,0.04
348548.0,0.19
348551.0,0.03
348554.0,0.23
348564.0,0.125
348571.0,0.135
348577.0,0.425
348593.0,0.28
348595.0,0.15
348606.0,0.035
348621.0,0.04
348630.0,0.085
348633.0,0.395
348644.0,0.285
348646.0,0.085
348680.0,0.07
348692.0,0.16
348698.0,0.155
348703.0,0.26
348712.0,0.095
348726.0,0.2
348727.0,0.025
348731.0,0.05
348733.0,0.09
348747.0,0.1
348753.0,0.055
348756.0,0.04
348760.0,0.145
348771.0,0.07
348785.0,0.075
348789.0,0.22
348793.0,0.025
348797.0,0.025
348799.0,0.05
348811.0,0.065
348812.0,0.065
348818.0,0.055
348822.0,0.125
348833.0,0.11
348849.0,0.12
348875.0,0.08
348878.0,0.025
348879.0,0.05
348884.0,0.36
348887.0,0.055
348890.0,0.095
348901.0,0.065
348911.0,0.115
348936.0,0.02
348941.0,0.04
348949.0,0.13
348950.0,0.105
348952.0,0.045
348954.0,0.095
348971.0,0.075
348979.0,0.245
348985.0,0.2
348989.0,0.14
348999.0,0.045
349006.0,0.16
349013.0,0.305
349015.0,0.05
349024.0,0.05
349033.0,0.065
349047.0,0.085
349060.0,0.065
349065.0,0.155
349071.0,0.385
349081.0,0.105
349088.0,0.19
349093.0,0.015
349101.0,0.065
349107.0,0.125
349113.0,0.095
349123.0,0.12
349125.0,0.115
349129.0,0.095
349131.0,0.175
349132.0,0.1
349163.0,0.085
349168.0,0.125
349172.0,0.125
349187.0,0.01
349192.0,0.15
349193.0,0.135
349203.0,0.045
349227.0,0.125
349234.0,0.135
349248.0,0.07
349249.0,0.135
349254.0,0.085
349259.0,0.2
349265.0,0.19
349276.0,0.105
349281.0,0.05
349283.0,0.165
349288.0,0.085
349297.0,0.07
349299.0,0.16
349304.0,0.07
349306.0,0.05
349310.0,0.14
349314.0,0.045
349320.0,0.13
349326.0,0.135
349329.0,0.1
349337.0,0.075
349357.0,0.1
349363.0,0.055
349374.0,0.04
349375.0,0.105
349394.0,0.065
349399.0,0.08
349404.0,0.02
349419.0,0.07
349422.0,0.265
349425.0,0.185
349432.0,0.07
349433.0,0.165
349436.0,0.005
349437.0,0.04
349439.0,0.095
349484.0,0.065
349488.0,0.075
349490.0,0.07
349538.0,0.31
349541.0,0.065
349543.0,0.05
349552.0,0.025
349560.0,0.16
349565.0,0.12
349570.0,0.17
349586.0,0.07
349589.0,0.085
349592.0,0.11
349596.0,0.18
349598.0,0.035
349601.0,0.105
349608.0,0.31
349615.0,0.32
349645.0,0.06
349654.0,0.215
349671.0,0.07
349679.0,0.06
349693.0,0.21
349706.0,0.225
349707.0,0.11
349708.0,0.225
349719.0,0.11
349727.0,0.22
349730.0,0.06
349735.0,0.145
349744.0,0.195
349745.0,0.135
349760.0,0.28
349765.0,0.145
349778.0,0.165
349787.0,0.115
349802.0,0.165
349812.0,0.16
349815.0,0.08
349847.0,0.12
349854.0,0.165
349855.0,0.26
349872.0,0.035
349873.0,0.145
349874.0,0.065
349886.0,0.08
349887.0,0.22
349911.0,0.055
349916.0,0.07
349920.0,0.265
349921.0,0.045
349929.0,0.145
349931.0,0.065
349935.0,0.08
349939.0,0.095
349960.0,0.155
349967.0,0.12
349969.0,0.175
349971.0,0.195
349977.0,0.065
349979.0,0.06
349981.0,0.12
349982.0,0.225
349992.0,0.035
349994.0,0.075
350005.0,0.02
350006.0,0.02
350009.0,0.085
350017.0,0.025
350021.0,0.2
350023.0,0.17
350032.0,0.13
350033.0,0.175
350036.0,0.28
350037.0,0.12
350048.0,0.275
350052.0,0.135
350063.0,0.05
350077.0,0.09
350078.0,0.3
350086.0,0.215
350087.0,0.06
350107.0,0.04
350110.0,0.06
350114.0,0.1
350119.0,0.23
350139.0,0.035
350154.0,0.08
350174.0,0.195
350177.0,0.15
350190.0,0.2
350193.0,0.195
350203.0,0.02
350206.0,0.22
350210.0,0.155
350225.0,0.255
350242.0,0.04
350264.0,0.095
350273.0,0.075
350277.0,0.07
350283.0,0.045
350286.0,0.095
350288.0,0.075
350290.0,0.105
350293.0,0.075
350310.0,0.31
350327.0,0.3
350330.0,0.105
350334.0,0.37
350340.0,0.02
350342.0,0.205
350344.0,0.125
350370.0,0.14
350372.0,0.22
350376.0,0.175
350387.0,0.06
350389.0,0.055
350395.0,0.315
350397.0,0.345
350433.0,0.135
350436.0,0.16
350442.0,0.01
350445.0,0.06
350446.0,0.235
350457.0,0.185
350480.0,0.07
350481.0,0.035
350484.0,0.14
350494.0,0.065
350511.0,0.095
350529.0,0.05
350531.0,0.085
350535.0,0.02
350539.0,0.015
350543.0,0.155
350544.0,0.135
350550.0,0.095
350558.0,0.075
350569.0,0.2
350571.0,0.165
350577.0,0.14
350582.0,0.14
350585.0,0.12
350596.0,0.035
350598.0,0.085
350599.0,0.115
350602.0,0.1
350612.0,0.075
350621.0,0.19
350626.0,0.05
350628.0,0.03
350638.0,0.185
350646.0,0.285
350652.0,0.125
350665.0,0.08
350671.0,0.095
350677.0,0.12
350694.0,0.25
350697.0,0.145
350699.0,0.26
350703.0,0.14
350705.0,0.3
350708.0,0.02
350724.0,0.185
350731.0,0.025
350740.0,0.05
350745.0,0.25
350749.0,0.09
350754.0,0.16
350757.0,0.07
350764.0,0.14
350766.0,0.145
350779.0,0.185
350794.0,0.11
350805.0,0.125
350810.0,0.1
350817.0,0.07
350825.0,0.06
350829.0,0.1
350832.0,0.035
350841.0,0.025
350855.0,0.065
350862.0,0.05
350867.0,0.125
350871.0,0.005
350874.0,0.16
350891.0,0.045
350895.0,0.11
350898.0,0.17
350899.0,0.05
350902.0,0.065
350913.0,0.13
350916.0,0.045
350933.0,0.035
350944.0,0.07
350954.0,0.385
350959.0,0.03
350965.0,0.035
350969.0,0.115
350984.0,0.075
350997.0,0.095
350999.0,0.16
351002.0,0.245
351008.0,0.06
351014.0,0.18
351025.0,0.135
351026.0,0.05
351046.0,0.16
351048.0,0.055
351070.0,0.13
351073.0,0.035
351079.0,0.07
351085.0,0.165
351091.0,0.07
351094.0,0.04
351115.0,0.06
351117.0,0.095
351126.0,0.215
351142.0,0.05
351151.0,0.015
351171.0,0.05
351178.0,0.065
351186.0,0.055
351194.0,0.2
351201.0,0.08
351223.0,0.285
351225.0,0.21
351226.0,0.11
351227.0,0.145
351240.0,0.22
351243.0,0.04
351244.0,0.2
351245.0,0.07
351248.0,0.155
351252.0,0.12
351259.0,0.11
351265.0,0.125
351291.0,0.19
351292.0,0.105
351294.0,0.1
351298.0,0.025
351303.0,0.215
351311.0,0.05
351326.0,0.065
351331.0,0.16
351338.0,0.115
351339.0,0.065
351364.0,0.105
351380.0,0.125
351383.0,0.12
351385.0,0.05
351386.0,0.085
351389.0,0.155
351392.0,0.22
351393.0,0.035
351407.0,0.265
351419.0,0.02
351422.0,0.03
351423.0,0.275
351430.0,0.05
351446.0,0.025
351454.0,0.08
351458.0,0.11
351461.0,0.105
351489.0,0.07
351495.0,0.075
351520.0,0.15
351526.0,0.225
351535.0,0.02
351541.0,0.07
351567.0,0.05
351580.0,0.16
351581.0,0.45
351584.0,0.075
351587.0,0.065
351589.0,0.065
351593.0,0.31
351616.0,0.105
351619.0,0.105
351625.0,0.135
351626.0,0.05
351635.0,0.05
351641.0,0.065
351655.0,0.08
351658.0,0.145
351669.0,0.185
351670.0,0.055
351671.0,0.05
351680.0,0.07
351687.0,0.02
351699.0,0.045
351722.0,0.135
351725.0,0.17
351740.0,0.1
351747.0,0.105
351758.0,0.03
351771.0,0.025
351780.0,0.055
351786.0,0.045
351789.0,0.13
351796.0,0.135
351801.0,0.055
351814.0,0.085
351817.0,0.08
351819.0,0.18
351825.0,0.255
351830.0,0.19
351831.0,0.16
351834.0,0.105
351836.0,0.07
351837.0,0.195
351838.0,0.1
351839.0,0.11
351846.0,0.25
351863.0,0.105
351864.0,0.155
351880.0,0.11
351887.0,0.155
351891.0,0.09
351892.0,0.185
351898.0,0.11
351907.0,0.11
351916.0,0.155
351936.0,0.09
351937.0,0.19
351945.0,0.14
351957.0,0.11
351958.0,0.075
351962.0,0.12
351967.0,0.12
351970.0,0.19
351973.0,0.09
351978.0,0.055
351984.0,0.08
351989.0,0.375
351992.0,0.11
352015.0,0.165
352036.0,0.035
352043.0,0.035
352049.0,0.07
352053.0,0.045
352056.0,0.055
352058.0,0.15
352064.0,0.04
352065.0,0.07
352075.0,0.055
352092.0,0.05
352096.0,0.03
352097.0,0.03
352102.0,0.025
352103.0,0.055
352117.0,0.09
352119.0,0.035
352139.0,0.225
352145.0,0.03
352158.0,0.075
352198.0,0.295
352199.0,0.075
352200.0,0.265
352205.0,0.155
352241.0,0.115
352244.0,0.25
352258.0,0.1
352260.0,0.1
352266.0,0.09
352273.0,0.075
352283.0,0.06
352303.0,0.155
352304.0,0.405
352351.0,0.155
352353.0,0.105
352379.0,0.06
352389.0,0.27
352390.0,0.165
352391.0,0.235
352403.0,0.06
352407.0,0.03
352409.0,0.38
352421.0,0.03
352425.0,0.05
352447.0,0.075
352450.0,0.18
352451.0,0.235
352457.0,0.05
352468.0,0.295
352482.0,0.02
352495.0,0.025
352501.0,0.245
352506.0,0.335
352508.0,0.22
352522.0,0.105
352528.0,0.19
352539.0,0.155
352540.0,0.025
352551.0,0.13
352560.0,0.05
352561.0,0.255
352565.0,0.12
352566.0,0.065
352584.0,0.245
352592.0,0.035
352626.0,0.175
352650.0,0.035
352655.0,0.065
352668.0,0.235
352670.0,0.05
352685.0,0.185
352690.0,0.145
352692.0,0.065
352694.0,0.2
352700.0,0.08
352701.0,0.07
352708.0,0.11
352711.0,0.225
352734.0,0.145
352738.0,0.15
352742.0,0.055
352745.0,0.24
352746.0,0.04
352751.0,0.095
352762.0,0.105
352767.0,0.07
352768.0,0.07
352785.0,0.08
352788.0,0.06
352795.0,0.14
352814.0,0.125
352825.0,0.05
352827.0,0.085
352828.0,0.04
352830.0,0.19
352850.0,0.055
352890.0,0.045
352901.0,0.015
352907.0,0.09
352909.0,0.245
352913.0,0.04
352925.0,0.13
352927.0,0.065
352928.0,0.13
352938.0,0.13
352942.0,0.065
352943.0,0.285
352952.0,0.045
352958.0,0.2
352962.0,0.075
352967.0,0.07
352972.0,0.085
352988.0,0.045
352991.0,0.07
353002.0,0.105
353008.0,0.15
353011.0,0.06
353014.0,0.15
353018.0,0.055
353023.0,0.06
353029.0,0.09
353031.0,0.065
353035.0,0.225
353037.0,0.16
353042.0,0.06
353054.0,0.05
353078.0,0.065
353122.0,0.115
353123.0,0.075
353140.0,0.105
353145.0,0.155
353167.0,0.235
353177.0,0.125
353179.0,0.34
353185.0,0.105
353194.0,0.215
353195.0,0.14
353208.0,0.22
353210.0,0.035
353214.0,0.18
353215.0,0.145
353240.0,0.11
353241.0,0.255
353247.0,0.06
353259.0,0.115
353262.0,0.24
353264.0,0.17
353278.0,0.18
353279.0,0.12
353280.0,0.075
353287.0,0.24
353288.0,0.04
353290.0,0.085
353299.0,0.05
353314.0,0.235
353328.0,0.165
353340.0,0.07
353350.0,0.135
353352.0,0.055
353364.0,0.125
353371.0,0.04
353373.0,0.08
353374.0,0.29
353389.0,0.06
353395.0,0.235
353419.0,0.33
353427.0,0.06
353441.0,0.07
353454.0,0.035
353469.0,0.145
353475.0,0.2
353481.0,0.02
353483.0,0.11
353484.0,0.11
353488.0,0.115
353496.0,0.035
353504.0,0.105
353505.0,0.105
353509.0,0.035
353527.0,0.09
353574.0,0.1
353585.0,0.12
353595.0,0.2
353598.0,0.03
353602.0,0.175
353610.0,0.19
353618.0,0.09
353625.0,0.025
353626.0,0.255
353631.0,0.065
353635.0,0.085
353654.0,0.205
353682.0,0.4
353688.0,0.145
353695.0,0.095
353711.0,0.035
353724.0,0.2
353729.0,0.03
353732.0,0.045
353749.0,0.185
353750.0,0.045
353752.0,0.195
353761.0,0.04
353782.0,0.005
353784.0,0.075
353801.0,0.045
353809.0,0.1
353812.0,0.15
353814.0,0.06
353821.0,0.07
353832.0,0.16
353845.0,0.12
353860.0,0.21
353863.0,0.075
353867.0,0.085
353876.0,0.08
353905.0,0.16
353923.0,0.025
353934.0,0.02
353943.0,0.105
353945.0,0.095
353973.0,0.055
353995.0,0.005
354001.0,0.145
354003.0,0.16
354011.0,0.02
354020.0,0.185
354024.0,0.17
354027.0,0.075
354031.0,0.08
354036.0,0.16
354037.0,0.055
354039.0,0.025
354044.0,0.185
354058.0,0.04
354071.0,0.125
354080.0,0.1
354084.0,0.085
354085.0,0.07
354089.0,0.055
354099.0,0.085
354100.0,0.05
354104.0,0.065
354106.0,0.15
354107.0,0.195
354111.0,0.055
354114.0,0.305
354115.0,0.14
354122.0,0.175
354130.0,0.09
354139.0,0.195
354140.0,0.1
354145.0,0.045
354149.0,0.1
354167.0,0.065
354173.0,0.3
354176.0,0.055
354178.0,0.115
354182.0,0.06
354184.0,0.025
354186.0,0.105
354192.0,0.07
354209.0,0.13
354214.0,0.05
354218.0,0.29
354230.0,0.32
354251.0,0.065
354257.0,0.18
354264.0,0.17
354265.0,0.095
354267.0,0.105
354272.0,0.02
354273.0,0.19
354285.0,0.22
354298.0,0.175
354309.0,0.085
354312.0,0.18
354320.0,0.07
354322.0,0.075
354327.0,0.05
354333.0,0.16
354335.0,0.185
354344.0,0.195
354355.0,0.12
354358.0,0.055
354365.0,0.035
354368.0,0.115
354377.0,0.055
354386.0,0.055
354390.0,0.02
354394.0,0.11
354398.0,0.065
354402.0,0.07
354403.0,0.035
354406.0,0.375
354414.0,0.17
354421.0,0.06
354430.0,0.165
354445.0,0.13
354470.0,0.025
354479.0,0.075
354481.0,0.03
354483.0,0.19
354497.0,0.115
354511.0,0.06
354533.0,0.035
354549.0,0.25
354561.0,0.185
354570.0,0.1
354571.0,0.105
354577.0,0.075
354586.0,0.13
354598.0,0.22
354601.0,0.13
354602.0,0.05
354603.0,0.135
354606.0,0.045
354612.0,0.145
354613.0,0.05
354616.0,0.185
354624.0,0.12
354625.0,0.245
354636.0,0.05
354639.0,0.21
354640.0,0.03
354644.0,0.19
354650.0,0.13
354666.0,0.22
354673.0,0.105
354674.0,0.07
354677.0,0.085
354684.0,0.15
354694.0,0.27
354698.0,0.085
354708.0,0.105
354709.0,0.085
354720.0,0.05
354738.0,0.1
354740.0,0.09
354757.0,0.045
354768.0,0.04
354775.0,0.33
354776.0,0.09
354792.0,0.155
354803.0,0.125
354809.0,0.105
354817.0,0.15
354818.0,0.035
354830.0,0.02
354832.0,0.245
354838.0,0.13
354839.0,0.055
354851.0,0.09
354861.0,0.105
354865.0,0.17
354890.0,0.13
354893.0,0.195
354898.0,0.135
354900.0,0.135
354910.0,0.325
354913.0,0.07
354937.0,0.045
354942.0,0.01
354953.0,0.05
354956.0,0.065
354958.0,0.06
354960.0,0.2
354984.0,0.14
354993.0,0.085
355017.0,0.21
355025.0,0.2
355026.0,0.08
355041.0,0.115
355043.0,0.02
355048.0,0.115
355057.0,0.075
355071.0,0.11
355075.0,0.11
355081.0,0.06
355083.0,0.19
355090.0,0.105
355105.0,0.195
355107.0,0.025
355108.0,0.28
355109.0,0.17
355114.0,0.105
355117.0,0.215
355127.0,0.02
355148.0,0.05
355174.0,0.24
355180.0,0.1
355181.0,0.12
355184.0,0.14
355201.0,0.025
355207.0,0.11
355209.0,0.08
355217.0,0.06
355218.0,0.06
355237.0,0.09
355239.0,0.05
355241.0,0.36
355243.0,0.175
355250.0,0.15
355275.0,0.025
355282.0,0.04
355284.0,0.06
355287.0,0.185
355293.0,0.385
355296.0,0.095
355305.0,0.34
355312.0,0.045
355320.0,0.16
355327.0,0.065
355328.0,0.035
355333.0,0.04
355335.0,0.01
355336.0,0.11
355337.0,0.19
355338.0,0.375
355341.0,0.06
355355.0,0.23
355358.0,0.135
355360.0,0.325
355372.0,0.11
355382.0,0.045
355385.0,0.13
355393.0,0.325
355404.0,0.09
355408.0,0.2
355417.0,0.065
355418.0,0.08
355431.0,0.045
355434.0,0.015
355445.0,0.1
355502.0,0.135
355503.0,0.2
355511.0,0.06
355517.0,0.3
355519.0,0.305
355524.0,0.175
355536.0,0.105
355549.0,0.025
355550.0,0.13
355560.0,0.105
355569.0,0.03
355571.0,0.07
355572.0,0.105
355575.0,0.085
355578.0,0.19
355584.0,0.15
355588.0,0.205
355592.0,0.195
355604.0,0.055
355638.0,0.06
355646.0,0.07
355649.0,0.07
355656.0,0.03
355657.0,0.1
355666.0,0.07
355681.0,0.315
355697.0,0.04
355700.0,0.13
355701.0,0.12
355703.0,0.11
355704.0,0.23
355708.0,0.035
355736.0,0.18
355743.0,0.2
355769.0,0.075
355773.0,0.24
355781.0,0.12
355785.0,0.07
355786.0,0.365
355798.0,0.08
355817.0,0.08
355819.0,0.065
355826.0,0.11
355842.0,0.125
355846.0,0.075
355855.0,0.12
355870.0,0.105
355873.0,0.02
355874.0,0.31
355876.0,0.165
355877.0,0.065
355880.0,0.07
355920.0,0.06
355922.0,0.035
355930.0,0.04
355935.0,0.08
355942.0,0.135
355963.0,0.095
355971.0,0.105
355973.0,0.055
355980.0,0.07
355981.0,0.055
355984.0,0.09
355987.0,0.205
355996.0,0.165
355997.0,0.03
356013.0,0.085
356016.0,0.075
356025.0,0.135
356027.0,0.055
356035.0,0.045
356036.0,0.105
356038.0,0.185
356041.0,0.035
356057.0,0.085
356063.0,0.085
356077.0,0.065
356080.0,0.225
356086.0,0.025
356102.0,0.065
356106.0,0.12
356118.0,0.07
356140.0,0.095
356150.0,0.25
356153.0,0.06
356159.0,0.085
356163.0,0.12
356164.0,0.05
356168.0,0.295
356169.0,0.05
356170.0,0.02
356199.0,0.095
356211.0,0.03
356220.0,0.075
356246.0,0.075
356249.0,0.07
356255.0,0.18
356258.0,0.155
356262.0,0.165
356273.0,0.015
356279.0,0.27
356281.0,0.085
356308.0,0.235
356324.0,0.175
356327.0,0.095
356328.0,0.03
356331.0,0.12
356336.0,0.095
356345.0,0.115
356382.0,0.11
356395.0,0.135
356399.0,0.15
356400.0,0.155
356413.0,0.165
356414.0,0.11
356418.0,0.085
356427.0,0.08
356433.0,0.04
356439.0,0.015
356444.0,0.1
356475.0,0.19
356480.0,0.07
356482.0,0.3
356497.0,0.02
356512.0,0.16
356517.0,0.22
356536.0,0.065
356539.0,0.12
356551.0,0.08
356556.0,0.185
356558.0,0.275
356559.0,0.05
356563.0,0.07
356578.0,0.07
356583.0,0.32
356584.0,0.27
356592.0,0.09
356594.0,0.06
356596.0,0.105
356597.0,0.04
356598.0,0.115
356602.0,0.055
356609.0,0.16
356624.0,0.215
356626.0,0.12
356627.0,0.08
356641.0,0.085
356648.0,0.17
356649.0,0.245
356650.0,0.08
356651.0,0.055
356659.0,0.02
356676.0,0.11
356687.0,0.21
356689.0,0.105
356698.0,0.075
356726.0,0.045
356732.0,0.125
356741.0,0.435
356742.0,0.055
356746.0,0.06
356750.0,0.115
356754.0,0.215
356760.0,0.045
356762.0,0.105
356763.0,0.035
356777.0,0.1
356784.0,0.09
356795.0,0.165
356801.0,0.055
356802.0,0.075
356808.0,0.055
356813.0,0.105
356816.0,0.11
356818.0,0.28
356825.0,0.17
356828.0,0.04
356836.0,0.04
356854.0,0.125
356857.0,0.12
356865.0,0.085
356873.0,0.085
356879.0,0.08
356880.0,0.075
356885.0,0.195
356889.0,0.06
356903.0,0.035
356905.0,0.065
356913.0,0.195
356916.0,0.02
356939.0,0.19
356944.0,0.165
356952.0,0.29
356958.0,0.075
356963.0,0.05
356967.0,0.045
356970.0,0.105
356977.0,0.085
356980.0,0.115
356981.0,0.055
356983.0,0.14
356998.0,0.395
357005.0,0.03
357022.0,0.11
357032.0,0.085
357033.0,0.245
357035.0,0.055
357047.0,0.13
357054.0,0.06
357057.0,0.16
357069.0,0.17
357096.0,0.16
357102.0,0.185
357118.0,0.055
357124.0,0.115
357137.0,0.125
357138.0,0.13
357149.0,0.11
357151.0,0.07
357157.0,0.15
357158.0,0.195
357162.0,0.055
357163.0,0.105
357171.0,0.03
357175.0,0.03
357192.0,0.05
357200.0,0.265
357204.0,0.05
357206.0,0.08
357215.0,0.2
357221.0,0.06
357228.0,0.02
357247.0,0.14
357249.0,0.09
357268.0,0.035
357270.0,0.015
357279.0,0.155
357287.0,0.015
357293.0,0.065
357306.0,0.075
357308.0,0.225
357321.0,0.045
357326.0,0.28
357340.0,0.0
357342.0,0.225
357352.0,0.075
357361.0,0.08
357368.0,0.04
357370.0,0.09
357377.0,0.135
357382.0,0.04
357383.0,0.06
357384.0,0.105
357398.0,0.115
357415.0,0.095
357420.0,0.16
357439.0,0.075
357440.0,0.04
357458.0,0.04
357464.0,0.11
357467.0,0.04
357469.0,0.16
357472.0,0.15
357489.0,0.3
357504.0,0.19
357522.0,0.11
357527.0,0.04
357547.0,0.1
357550.0,0.085
357558.0,0.07
357559.0,0.215
357562.0,0.055
357572.0,0.12
357583.0,0.265
357585.0,0.215
357598.0,0.05
357607.0,0.07
357613.0,0.015
357627.0,0.095
357630.0,0.05
357631.0,0.195
357680.0,0.03
357694.0,0.08
357698.0,0.17
357699.0,0.085
357707.0,0.045
357732.0,0.045
357748.0,0.24
357755.0,0.35
357767.0,0.125
357786.0,0.04
357791.0,0.125
357799.0,0.035
357824.0,0.045
357830.0,0.105
357832.0,0.14
357840.0,0.095
357863.0,0.105
357865.0,0.015
357868.0,0.195
357869.0,0.045
357878.0,0.075
357886.0,0.095
357891.0,0.1
357897.0,0.055
357915.0,0.225
357927.0,0.12
357947.0,0.04
357958.0,0.06
357959.0,0.04
357976.0,0.1
357992.0,0.175
357995.0,0.07
357996.0,0.08
358020.0,0.225
358022.0,0.31
358023.0,0.085
358029.0,0.04
358040.0,0.15
358059.0,0.05
358071.0,0.065
358076.0,0.08
358095.0,0.115
358096.0,0.1
358104.0,0.05
358110.0,0.095
358122.0,0.225
358137.0,0.055
358147.0,0.155
358149.0,0.075
358155.0,0.175
358161.0,0.165
358163.0,0.13
358172.0,0.14
358178.0,0.215
358183.0,0.26
358186.0,0.04
358189.0,0.085
358198.0,0.03
358211.0,0.095
358219.0,0.145
358220.0,0.065
358225.0,0.3
358231.0,0.045
358233.0,0.045
358247.0,0.2
358258.0,0.28
358264.0,0.165
358271.0,0.265
358273.0,0.115
358275.0,0.025
358278.0,0.115
358287.0,0.23
358309.0,0.06
358327.0,0.06
358342.0,0.045
358348.0,0.16
358352.0,0.035
358373.0,0.215
358384.0,0.045
358394.0,0.09
358405.0,0.195
358409.0,0.025
358412.0,0.165
358424.0,0.135
358427.0,0.05
358434.0,0.285
358444.0,0.22
358448.0,0.045
358449.0,0.145
358458.0,0.01
358472.0,0.165
358483.0,0.095
358490.0,0.075
358503.0,0.025
358504.0,0.075
358505.0,0.03
358512.0,0.34
358513.0,0.08
358528.0,0.1
358532.0,0.095
358536.0,0.13
358538.0,0.05
358559.0,0.1
358590.0,0.235
358601.0,0.23
358627.0,0.13
358631.0,0.225
358632.0,0.09
358640.0,0.15
358649.0,0.135
358650.0,0.065
358653.0,0.035
358676.0,0.05
358679.0,0.11
358695.0,0.29
358703.0,0.055
358705.0,0.045
358710.0,0.055
358730.0,0.02
358731.0,0.09
358735.0,0.335
358744.0,0.19
358748.0,0.16
358750.0,0.04
358752.0,0.04
358764.0,0.235
358777.0,0.04
358786.0,0.24
358789.0,0.145
358805.0,0.105
358809.0,0.075
358810.0,0.04
358824.0,0.06
358829.0,0.15
358838.0,0.135
358840.0,0.16
358841.0,0.155
358854.0,0.07
358873.0,0.415
358879.0,0.135
358884.0,0.175
358885.0,0.04
358886.0,0.03
358892.0,0.09
358895.0,0.135
358906.0,0.07
358910.0,0.08
358911.0,0.055
358924.0,0.22
358929.0,0.095
358937.0,0.155
358949.0,0.165
358955.0,0.07
358956.0,0.185
358959.0,0.04
358960.0,0.07
358969.0,0.03
358983.0,0.06
358990.0,0.215
358992.0,0.045
358994.0,0.075
359004.0,0.085
359015.0,0.07
359023.0,0.105
359030.0,0.06
359032.0,0.08
359038.0,0.205
359044.0,0.205
359049.0,0.16
359050.0,0.085
359064.0,0.035
359095.0,0.065
359100.0,0.16
359105.0,0.075
359116.0,0.195
359134.0,0.115
359136.0,0.225
359143.0,0.095
359147.0,0.065
359175.0,0.04
359182.0,0.095
359188.0,0.045
359196.0,0.04
359198.0,0.16
359202.0,0.05
359212.0,0.135
359229.0,0.19
359232.0,0.22
359247.0,0.055
359258.0,0.17
359260.0,0.215
359261.0,0.25
359262.0,0.285
359268.0,0.08
359285.0,0.05
359293.0,0.055
359294.0,0.02
359297.0,0.095
359299.0,0.05
359311.0,0.025
359319.0,0.12
359320.0,0.06
359322.0,0.15
359353.0,0.065
359355.0,0.115
359360.0,0.295
359367.0,0.12
359369.0,0.06
359372.0,0.035
359377.0,0.13
359381.0,0.06
359382.0,0.16
359387.0,0.145
359389.0,0.025
359392.0,0.16
359437.0,0.175
359438.0,0.045
359440.0,0.12
359442.0,0.05
359455.0,0.075
359474.0,0.22
359475.0,0.055
359480.0,0.43
359485.0,0.145
359493.0,0.06
359497.0,0.07
359505.0,0.025
359506.0,0.03
359516.0,0.04
359518.0,0.015
359523.0,0.085
359547.0,0.185
359548.0,0.07
359556.0,0.245
359577.0,0.06
359580.0,0.415
359588.0,0.08
359590.0,0.065
359592.0,0.045
359599.0,0.115
359609.0,0.2
359611.0,0.09
359619.0,0.065
359623.0,0.095
359654.0,0.075
359666.0,0.065
359669.0,0.115
359672.0,0.04
359673.0,0.415
359677.0,0.065
359685.0,0.085
359690.0,0.105
359697.0,0.11
359702.0,0.065
359707.0,0.14
359711.0,0.17
359719.0,0.085
359722.0,0.135
359726.0,0.175
359730.0,0.135
359731.0,0.13
359741.0,0.35
359743.0,0.245
359748.0,0.025
359753.0,0.04
359758.0,0.315
359773.0,0.105
359780.0,0.095
359785.0,0.095
359800.0,0.07
359806.0,0.23
359809.0,0.065
359822.0,0.07
359828.0,0.21
359847.0,0.09
359855.0,0.04
359858.0,0.095
359864.0,0.095
359884.0,0.11
359886.0,0.055
359898.0,0.225
359908.0,0.14
359921.0,0.225
359945.0,0.025
359958.0,0.01
359964.0,0.08
359980.0,0.02
359992.0,0.11
359994.0,0.1
360001.0,0.06
360004.0,0.09
360009.0,0.21
360020.0,0.13
360049.0,0.45
360058.0,0.02
360063.0,0.115
360064.0,0.075
360074.0,0.075
360095.0,0.1
360098.0,0.06
360099.0,0.025
360100.0,0.055
360103.0,0.095
360106.0,0.155
360107.0,0.14
360124.0,0.11
360126.0,0.01
360138.0,0.11
360140.0,0.11
360141.0,0.05
360149.0,0.225
360152.0,0.22
360165.0,0.055
360171.0,0.05
360176.0,0.35
360183.0,0.07
360186.0,0.04
360189.0,0.245
360191.0,0.14
360199.0,0.225
360204.0,0.065
360205.0,0.13
360217.0,0.13
360225.0,0.17
360231.0,0.09
360238.0,0.105
360248.0,0.34
360249.0,0.045
360254.0,0.215
360256.0,0.095
360257.0,0.08
360258.0,0.205
360277.0,0.26
360279.0,0.165
360280.0,0.33
360281.0,0.105
360283.0,0.13
360290.0,0.185
360312.0,0.085
360316.0,0.02
360320.0,0.065
360324.0,0.12
360333.0,0.09
360339.0,0.075
360347.0,0.085
360359.0,0.13
360360.0,0.355
360367.0,0.18
360372.0,0.085
360382.0,0.115
360386.0,0.165
360400.0,0.05
360411.0,0.08
360412.0,0.13
360415.0,0.095
360419.0,0.105
360421.0,0.04
360427.0,0.03
360429.0,0.15
360438.0,0.065
360439.0,0.015
360445.0,0.19
360454.0,0.3
360458.0,0.065
360467.0,0.085
360469.0,0.115
360471.0,0.065
360472.0,0.04
360475.0,0.08
360478.0,0.175
360479.0,0.085
360480.0,0.115
360484.0,0.16
360496.0,0.02
360504.0,0.145
360517.0,0.125
360518.0,0.12
360526.0,0.045
360530.0,0.155
360535.0,0.125
360538.0,0.135
360539.0,0.135
360545.0,0.055
360569.0,0.155
360579.0,0.15
360580.0,0.085
360611.0,0.055
360612.0,0.105
360626.0,0.035
360628.0,0.05
360631.0,0.045
360633.0,0.045
360640.0,0.055
360643.0,0.195
360645.0,0.06
360663.0,0.025
360666.0,0.035
360678.0,0.08
360683.0,0.07
360707.0,0.2
360715.0,0.16
360723.0,0.18
360727.0,0.085
360733.0,0.13
360746.0,0.03
360759.0,0.02
360767.0,0.125
360769.0,0.08
360770.0,0.015
360779.0,0.07
360791.0,0.13
360792.0,0.045
360801.0,0.185
360812.0,0.1
360814.0,0.045
360828.0,0.115
360830.0,0.255
360837.0,0.145
360838.0,0.195
360844.0,0.165
360860.0,0.06
360864.0,0.065
360871.0,0.085
360872.0,0.21
360877.0,0.165
360880.0,0.12
360881.0,0.025
360882.0,0.145
360884.0,0.06
360885.0,0.105
360889.0,0.205
360893.0,0.065
360898.0,0.14
360933.0,0.38
360941.0,0.22
360942.0,0.14
360943.0,0.015
360960.0,0.1
360973.0,0.18
360979.0,0.145
360987.0,0.105
360988.0,0.09
360999.0,0.25
361001.0,0.075
361005.0,0.21
361007.0,0.195
361024.0,0.03
361028.0,0.15
361051.0,0.05
361072.0,0.105
361086.0,0.13
361093.0,0.18
361098.0,0.03
361124.0,0.085
361130.0,0.04
361132.0,0.21
361133.0,0.075
361135.0,0.11
361148.0,0.25
361150.0,0.09
361152.0,0.05
361154.0,0.115
361158.0,0.02
361171.0,0.16
361175.0,0.115
361177.0,0.04
361195.0,0.13
361200.0,0.03
361203.0,0.245
361205.0,0.055
361214.0,0.125
361217.0,0.125
361226.0,0.06
361232.0,0.07
361236.0,0.065
361249.0,0.055
361251.0,0.42
361252.0,0.115
361284.0,0.16
361289.0,0.08
361297.0,0.05
361304.0,0.115
361311.0,0.13
361334.0,0.215
361339.0,0.06
361340.0,0.07
361348.0,0.055
361352.0,0.015
361354.0,0.06
361355.0,0.155
361370.0,0.19
361390.0,0.12
361392.0,0.085
361397.0,0.255
361402.0,0.085
361405.0,0.22
361406.0,0.14
361426.0,0.035
361431.0,0.145
361440.0,0.01
361451.0,0.265
361469.0,0.345
361473.0,0.15
361497.0,0.15
361511.0,0.015
361515.0,0.0
361525.0,0.035
361540.0,0.105
361557.0,0.07
361560.0,0.085
361565.0,0.065
361569.0,0.12
361570.0,0.045
361578.0,0.035
361580.0,0.16
361585.0,0.07
361589.0,0.055
361591.0,0.02
361599.0,0.11
361603.0,0.03
361605.0,0.07
361606.0,0.305
361615.0,0.19
361622.0,0.025
361627.0,0.06
361632.0,0.17
361636.0,0.05
361637.0,0.235
361638.0,0.1
361639.0,0.045
361651.0,0.08
361662.0,0.305
361684.0,0.045
361693.0,0.15
361697.0,0.26
361710.0,0.035
361713.0,0.375
361729.0,0.11
361785.0,0.05
361796.0,0.105
361805.0,0.16
361811.0,0.125
361812.0,0.15
361819.0,0.24
361828.0,0.1
361833.0,0.08
361836.0,0.155
361839.0,0.065
361855.0,0.035
361866.0,0.105
361870.0,0.09
361873.0,0.085
361885.0,0.2
361896.0,0.125
361913.0,0.11
361919.0,0.04
361932.0,0.245
361933.0,0.08
361935.0,0.32
361939.0,0.085
361946.0,0.05
361947.0,0.065
361949.0,0.13
361951.0,0.18
361962.0,0.16
361972.0,0.06
361975.0,0.06
361989.0,0.12
362004.0,0.065
362012.0,0.06
362014.0,0.115
362016.0,0.065
362028.0,0.09
362033.0,0.07
362034.0,0.135
362038.0,0.025
362052.0,0.175
362061.0,0.04
362063.0,0.175
362070.0,0.085
362072.0,0.07
362075.0,0.11
362079.0,0.135
362086.0,0.055
362091.0,0.24
362094.0,0.07
362101.0,0.055
362112.0,0.1
362115.0,0.28
362117.0,0.135
362121.0,0.305
362128.0,0.185
362130.0,0.115
362135.0,0.185
362142.0,0.07
362146.0,0.06
362149.0,0.085
362157.0,0.09
362165.0,0.015
362166.0,0.115
362167.0,0.06
362173.0,0.175
362187.0,0.09
362197.0,0.135
362206.0,0.13
362207.0,0.05
362210.0,0.025
362216.0,0.1
362219.0,0.12
362221.0,0.155
362224.0,0.055
362228.0,0.07
362236.0,0.025
362242.0,0.1
362251.0,0.105
362252.0,0.14
362257.0,0.055
362284.0,0.075
362286.0,0.12
362298.0,0.15
362300.0,0.16
362306.0,0.1
362308.0,0.32
362315.0,0.06
362318.0,0.125
362322.0,0.085
362332.0,0.11
362338.0,0.1
362341.0,0.355
362347.0,0.295
362348.0,0.1
362361.0,0.275
362365.0,0.08
362369.0,0.24
362373.0,0.105
362376.0,0.2
362384.0,0.07
362386.0,0.085
362387.0,0.03
362389.0,0.135
362393.0,0.065
362412.0,0.03
362420.0,0.095
362426.0,0.14
362432.0,0.035
362445.0,0.275
362450.0,0.055
362452.0,0.21
362465.0,0.13
362468.0,0.315
362474.0,0.13
362484.0,0.105
362487.0,0.23
362512.0,0.155
362530.0,0.03
362531.0,0.135
362552.0,0.065
362555.0,0.105
362556.0,0.095
362563.0,0.205
362572.0,0.02
362579.0,0.08
362580.0,0.28
362597.0,0.145
362635.0,0.05
362637.0,0.1
362641.0,0.095
362652.0,0.11
362657.0,0.045
362660.0,0.04
362661.0,0.09
362671.0,0.025
362675.0,0.135
362680.0,0.105
362682.0,0.125
362685.0,0.15
362697.0,0.02
362700.0,0.36
362702.0,0.095
362705.0,0.18
362707.0,0.15
362710.0,0.17
362711.0,0.185
362718.0,0.11
362723.0,0.07
362730.0,0.035
362742.0,0.39
362781.0,0.115
362789.0,0.135
362790.0,0.025
362795.0,0.04
362799.0,0.08
362800.0,0.115
362803.0,0.065
362808.0,0.14
362814.0,0.1
362820.0,0.04
362826.0,0.14
362831.0,0.24
362833.0,0.08
362839.0,0.205
362852.0,0.085
362872.0,0.145
362882.0,0.115
362885.0,0.18
362889.0,0.045
362890.0,0.085
362891.0,0.11
362900.0,0.155
362907.0,0.03
362908.0,0.105
362953.0,0.02
362967.0,0.335
362982.0,0.055
363015.0,0.065
363027.0,0.05
363035.0,0.055
363039.0,0.17
363045.0,0.1
363048.0,0.36
363057.0,0.255
363059.0,0.175
363063.0,0.09
363080.0,0.055
363082.0,0.18
363090.0,0.12
363094.0,0.125
363106.0,0.03
363114.0,0.245
363118.0,0.255
363121.0,0.07
363128.0,0.055
363136.0,0.06
363141.0,0.05
363142.0,0.035
363147.0,0.08
363151.0,0.125
363153.0,0.085
363158.0,0.045
363171.0,0.05
363174.0,0.18
363180.0,0.035
363187.0,0.085
363191.0,0.09
363192.0,0.095
363196.0,0.05
363199.0,0.12
363209.0,0.115
363210.0,0.11
363212.0,0.055
363227.0,0.185
363231.0,0.165
363232.0,0.045
363243.0,0.11
363253.0,0.09
363285.0,0.11
363299.0,0.13
363310.0,0.075
363311.0,0.09
363316.0,0.265
363322.0,0.425
363329.0,0.045
363331.0,0.155
363334.0,0.055
363339.0,0.05
363340.0,0.21
363341.0,0.05
363343.0,0.255
363347.0,0.075
363350.0,0.055
363377.0,0.235
363379.0,0.125
363382.0,0.08
363386.0,0.125
363387.0,0.04
363388.0,0.02
363391.0,0.025
363394.0,0.105
363397.0,0.05
363405.0,0.135
363422.0,0.02
363427.0,0.145
363455.0,0.075
363467.0,0.255
363493.0,0.16
363508.0,0.065
363514.0,0.24
363525.0,0.245
363530.0,0.215
363531.0,0.035
363538.0,0.06
363539.0,0.09
363542.0,0.085
363543.0,0.21
363551.0,0.305
363568.0,0.095
363576.0,0.195
363580.0,0.215
363582.0,0.07
363598.0,0.105
363601.0,0.05
363611.0,0.13
363612.0,0.05
363618.0,0.045
363623.0,0.18
363624.0,0.18
363642.0,0.115
363645.0,0.23
363651.0,0.36
363657.0,0.045
363663.0,0.115
363667.0,0.055
363687.0,0.145
363704.0,0.07
363705.0,0.085
363717.0,0.07
363725.0,0.035
363728.0,0.04
363733.0,0.14
363744.0,0.105
363745.0,0.08
363756.0,0.21
363759.0,0.17
363760.0,0.11
363762.0,0.05
363768.0,0.07
363777.0,0.225
363782.0,0.09
363785.0,0.045
363797.0,0.115
363815.0,0.035
363822.0,0.075
363834.0,0.06
363842.0,0.195
363845.0,0.305
363846.0,0.095
363849.0,0.14
363850.0,0.11
363853.0,0.11
363859.0,0.065
363860.0,0.085
363877.0,0.105
363881.0,0.07
363893.0,0.05
363902.0,0.15
363903.0,0.16
363916.0,0.16
363924.0,0.145
363940.0,0.185
363944.0,0.11
363955.0,0.215
363960.0,0.02
363984.0,0.07
363990.0,0.075
364009.0,0.095
364014.0,0.175
364035.0,0.09
364043.0,0.035
364065.0,0.065
364067.0,0.015
364068.0,0.1
364072.0,0.44
364079.0,0.155
364094.0,0.275
364096.0,0.045
364105.0,0.17
364109.0,0.04
364122.0,0.2
364141.0,0.085
364146.0,0.335
364147.0,0.095
364151.0,0.155
364152.0,0.035
364156.0,0.065
364160.0,0.19
364171.0,0.08
364183.0,0.06
364199.0,0.105
364206.0,0.105
364220.0,0.155
364222.0,0.055
364224.0,0.255
364232.0,0.115
364248.0,0.05
364251.0,0.13
364274.0,0.035
364286.0,0.15
364289.0,0.04
364290.0,0.075
364291.0,0.07
364292.0,0.025
364308.0,0.06
364310.0,0.115
364311.0,0.225
364312.0,0.31
364314.0,0.19
364337.0,0.175
364339.0,0.165
364357.0,0.33
364359.0,0.095
364371.0,0.135
364374.0,0.085
364378.0,0.135
364382.0,0.185
364397.0,0.055
364401.0,0.135
364403.0,0.025
364411.0,0.155
364413.0,0.095
364414.0,0.075
364415.0,0.085
364418.0,0.04
364428.0,0.04
364430.0,0.03
364436.0,0.165
364451.0,0.055
364457.0,0.105
364461.0,0.15
364471.0,0.135
364472.0,0.085
364481.0,0.32
364482.0,0.1
364484.0,0.295
364492.0,0.105
364494.0,0.08
364507.0,0.07
364508.0,0.09
364537.0,0.11
364538.0,0.115
364539.0,0.42
364547.0,0.165
364561.0,0.19
364586.0,0.17
364603.0,0.05
364622.0,0.06
364660.0,0.055
364662.0,0.09
364669.0,0.195
364698.0,0.135
364699.0,0.09
364700.0,0.06
364702.0,0.155
364710.0,0.29
364714.0,0.105
364731.0,0.19
364738.0,0.09
364739.0,0.095
364743.0,0.11
364762.0,0.085
364767.0,0.115
364775.0,0.06
364781.0,0.145
364783.0,0.045
364796.0,0.04
364810.0,0.11
364815.0,0.28
364823.0,0.085
364826.0,0.13
364837.0,0.105
364839.0,0.335
364844.0,0.11
364851.0,0.14
364853.0,0.16
364854.0,0.095
364858.0,0.045
364872.0,0.155
364875.0,0.075
364877.0,0.16
364878.0,0.065
364884.0,0.03
364907.0,0.125
364911.0,0.195
364916.0,0.105
364920.0,0.04
364927.0,0.075
364944.0,0.1
364948.0,0.335
364950.0,0.12
364953.0,0.06
364955.0,0.14
364959.0,0.065
364966.0,0.125
364971.0,0.06
364979.0,0.265
364980.0,0.08
364982.0,0.285
364984.0,0.155
364993.0,0.11
365001.0,0.035
365030.0,0.065
365035.0,0.125
365044.0,0.1
365046.0,0.06
365050.0,0.06
365051.0,0.15
365054.0,0.165
365055.0,0.035
365064.0,0.15
365069.0,0.25
365092.0,0.04
365102.0,0.08
365109.0,0.04
365110.0,0.1
365117.0,0.035
365120.0,0.105
365128.0,0.075
365131.0,0.11
365136.0,0.08
365151.0,0.175
365153.0,0.24
365154.0,0.055
365160.0,0.05
365166.0,0.045
365171.0,0.07
365181.0,0.12
365194.0,0.16
365210.0,0.085
365221.0,0.095
365234.0,0.025
365252.0,0.095
365254.0,0.29
365264.0,0.15
365276.0,0.04
365282.0,0.06
365284.0,0.11
365290.0,0.025
365317.0,0.125
365329.0,0.265
365353.0,0.07
365356.0,0.19
365358.0,0.095
365374.0,0.215
365392.0,0.09
365396.0,0.0
365408.0,0.11
365412.0,0.015
365429.0,0.055
365431.0,0.21
365435.0,0.18
365439.0,0.115
365473.0,0.065
365476.0,0.07
365486.0,0.21
365497.0,0.075
365518.0,0.22
365519.0,0.065
365520.0,0.375
365523.0,0.08
365531.0,0.235
365532.0,0.07
365534.0,0.125
365544.0,0.29
365552.0,0.22
365564.0,0.055
365569.0,0.06
365570.0,0.105
365575.0,0.255
365576.0,0.32
365585.0,0.225
365595.0,0.04
365612.0,0.01
365613.0,0.405
365624.0,0.05
365631.0,0.335
365634.0,0.125
365643.0,0.145
365644.0,0.16
365663.0,0.14
365666.0,0.145
365672.0,0.11
365676.0,0.22
365680.0,0.05
365696.0,0.13
365699.0,0.245
365706.0,0.025
365707.0,0.075
365711.0,0.095
365716.0,0.07
365717.0,0.07
365718.0,0.065
365757.0,0.105
365770.0,0.205
365776.0,0.13
365781.0,0.17
365784.0,0.075
365787.0,0.055
365805.0,0.145
365820.0,0.015
365831.0,0.135
365836.0,0.245
365837.0,0.305
365859.0,0.29
365861.0,0.075
365863.0,0.225
365872.0,0.065
365877.0,0.07
365882.0,0.21
365893.0,0.125
365894.0,0.175
365900.0,0.09
365910.0,0.125
365913.0,0.05
365916.0,0.12
365923.0,0.12
365946.0,0.26
365948.0,0.155
365951.0,0.075
365965.0,0.145
365966.0,0.15
365975.0,0.13
365979.0,0.32
365989.0,0.21
365991.0,0.32
365992.0,0.125
366001.0,0.22
366010.0,0.14
366013.0,0.175
366028.0,0.11
366036.0,0.015
366038.0,0.045
366044.0,0.045
366048.0,0.115
366060.0,0.045
366067.0,0.345
366071.0,0.11
366078.0,0.085
366081.0,0.03
366082.0,0.06
366093.0,0.215
366099.0,0.105
366103.0,0.065
366105.0,0.1
366111.0,0.23
366112.0,0.065
366125.0,0.17
366144.0,0.115
366147.0,0.07
366149.0,0.295
366166.0,0.055
366168.0,0.35
366173.0,0.09
366178.0,0.07
366180.0,0.39
366209.0,0.04
366213.0,0.155
366214.0,0.12
366215.0,0.095
366220.0,0.04
366226.0,0.07
366230.0,0.36
366236.0,0.345
366245.0,0.07
366282.0,0.33
366286.0,0.11
366295.0,0.12
366296.0,0.09
366297.0,0.2
366300.0,0.095
366303.0,0.04
366307.0,0.21
366314.0,0.135
366320.0,0.07
366321.0,0.075
366327.0,0.015
366330.0,0.055
366332.0,0.245
366334.0,0.07
366341.0,0.1
366363.0,0.095
366367.0,0.135
366369.0,0.26
366382.0,0.07
366394.0,0.185
366396.0,0.03
366398.0,0.18
366406.0,0.075
366414.0,0.035
366417.0,0.15
366419.0,0.075
366422.0,0.105
366436.0,0.04
366442.0,0.285
366451.0,0.175
366455.0,0.23
366458.0,0.085
366460.0,0.1
366466.0,0.08
366473.0,0.155
366502.0,0.125
366505.0,0.375
366526.0,0.225
366530.0,0.17
366532.0,0.02
366539.0,0.045
366541.0,0.135
366542.0,0.05
366553.0,0.02
366571.0,0.095
366582.0,0.04
366583.0,0.185
366589.0,0.255
366595.0,0.215
366606.0,0.05
366611.0,0.11
366613.0,0.185
366615.0,0.075
366616.0,0.24
366624.0,0.17
366632.0,0.03
366649.0,0.05
366650.0,0.19
366657.0,0.095
366664.0,0.165
366666.0,0.05
366674.0,0.19
366676.0,0.17
366677.0,0.085
366688.0,0.11
366689.0,0.27
366693.0,0.075
366696.0,0.095
366698.0,0.195
366700.0,0.045
366703.0,0.29
366709.0,0.105
366711.0,0.02
366725.0,0.09
366741.0,0.065
366742.0,0.01
366747.0,0.035
366750.0,0.075
366754.0,0.115
366762.0,0.065
366774.0,0.09
366781.0,0.05
366784.0,0.075
366789.0,0.07
366790.0,0.14
366797.0,0.025
366806.0,0.07
366820.0,0.055
366845.0,0.155
366858.0,0.1
366860.0,0.11
366874.0,0.045
366876.0,0.15
366879.0,0.065
366884.0,0.185
366886.0,0.17
366905.0,0.235
366908.0,0.195
366909.0,0.205
366917.0,0.095
366921.0,0.255
366927.0,0.12
366936.0,0.125
366952.0,0.11
366962.0,0.325
366964.0,0.31
366965.0,0.04
366981.0,0.055
366988.0,0.105
366992.0,0.085
366998.0,0.25
366999.0,0.02
367017.0,0.02
367023.0,0.185
367024.0,0.065
367025.0,0.295
367037.0,0.06
367040.0,0.195
367043.0,0.06
367052.0,0.035
367056.0,0.04
367064.0,0.175
367075.0,0.23
367089.0,0.15
367098.0,0.12
367119.0,0.13
367124.0,0.155
367134.0,0.205
367136.0,0.06
367138.0,0.05
367153.0,0.095
367158.0,0.055
367169.0,0.095
367179.0,0.18
367180.0,0.095
367212.0,0.07
367216.0,0.225
367217.0,0.045
367220.0,0.04
367224.0,0.07
367241.0,0.07
367245.0,0.19
367256.0,0.145
367266.0,0.05
367283.0,0.08
367290.0,0.135
367295.0,0.05
367310.0,0.065
367315.0,0.215
367322.0,0.26
367332.0,0.06
367338.0,0.115
367347.0,0.215
367381.0,0.13
367383.0,0.145
367386.0,0.145
367392.0,0.025
367399.0,0.29
367411.0,0.065
367414.0,0.06
367436.0,0.105
367439.0,0.11
367440.0,0.17
367465.0,0.18
367466.0,0.235
367478.0,0.25
367479.0,0.165
367481.0,0.035
367505.0,0.08
367515.0,0.06
367516.0,0.035
367526.0,0.165
367527.0,0.14
367533.0,0.155
367535.0,0.18
367545.0,0.245
367546.0,0.015
367547.0,0.035
367555.0,0.08
367557.0,0.08
367558.0,0.18
367573.0,0.155
367580.0,0.25
367581.0,0.02
367582.0,0.075
367588.0,0.08
367601.0,0.045
367617.0,0.165
367624.0,0.15
367626.0,0.12
367632.0,0.28
367651.0,0.045
367663.0,0.045
367674.0,0.07
367677.0,0.24
367678.0,0.065
367691.0,0.075
367698.0,0.07
367710.0,0.045
367712.0,0.145
367727.0,0.24
367739.0,0.14
367740.0,0.13
367746.0,0.05
367759.0,0.05
367770.0,0.255
367780.0,0.12
367783.0,0.21
367787.0,0.08
367791.0,0.255
367797.0,0.07
367799.0,0.165
367811.0,0.01
367817.0,0.04
367827.0,0.065
367829.0,0.365
367830.0,0.23
367837.0,0.19
367843.0,0.055
367847.0,0.05
367849.0,0.1
367854.0,0.045
367855.0,0.06
367862.0,0.035
367863.0,0.145
367868.0,0.065
367873.0,0.275
367879.0,0.135
367889.0,0.22
367890.0,0.55
367892.0,0.04
367893.0,0.04
367895.0,0.09
367896.0,0.035
367898.0,0.06
367903.0,0.085
367906.0,0.085
367919.0,0.03
367927.0,0.035
367931.0,0.155
367935.0,0.15
367945.0,0.055
367947.0,0.21
367952.0,0.115
367958.0,0.105
367971.0,0.04
367975.0,0.325
367983.0,0.335
367994.0,0.145
367998.0,0.055
367999.0,0.055
368005.0,0.075
368029.0,0.195
368034.0,0.04
368036.0,0.135
368041.0,0.01
368064.0,0.025
368066.0,0.07
368079.0,0.18
368082.0,0.055
368090.0,0.22
368092.0,0.06
368097.0,0.035
368107.0,0.235
368127.0,0.225
368129.0,0.155
368134.0,0.1
368150.0,0.18
368166.0,0.16
368172.0,0.04
368179.0,0.005
368185.0,0.125
368193.0,0.115
368207.0,0.125
368251.0,0.09
368253.0,0.09
368256.0,0.275
368257.0,0.07
368263.0,0.06
368271.0,0.22
368273.0,0.085
368279.0,0.125
368281.0,0.21
368282.0,0.25
368288.0,0.17
368303.0,0.035
368315.0,0.185
368323.0,0.01
368324.0,0.09
368326.0,0.04
368334.0,0.08
368337.0,0.045
368351.0,0.12
368353.0,0.33
368358.0,0.16
368389.0,0.105
368392.0,0.28
368393.0,0.085
368415.0,0.2
368424.0,0.09
368436.0,0.05
368448.0,0.075
368456.0,0.09
368457.0,0.05
368465.0,0.2
368484.0,0.105
368485.0,0.39
368487.0,0.145
368489.0,0.105
368493.0,0.11
368509.0,0.175
368513.0,0.115
368523.0,0.18
368530.0,0.065
368539.0,0.115
368543.0,0.38
368544.0,0.02
368557.0,0.11
368561.0,0.045
368577.0,0.085
368579.0,0.04
368580.0,0.17
368583.0,0.06
368589.0,0.005
368594.0,0.105
368598.0,0.055
368621.0,0.06
368622.0,0.14
368627.0,0.045
368628.0,0.135
368633.0,0.27
368638.0,0.2
368645.0,0.225
368646.0,0.32
368652.0,0.07
368659.0,0.08
368672.0,0.195
368679.0,0.17
368683.0,0.25
368697.0,0.07
368702.0,0.195
368707.0,0.135
368715.0,0.15
368740.0,0.095
368754.0,0.07
368765.0,0.18
368770.0,0.12
368777.0,0.275
368780.0,0.125
368782.0,0.195
368784.0,0.175
368790.0,0.24
368792.0,0.055
368793.0,0.115
368811.0,0.17
368816.0,0.2
368819.0,0.115
368843.0,0.03
368853.0,0.025
368857.0,0.145
368858.0,0.385
368887.0,0.11
368898.0,0.13
368909.0,0.215
368919.0,0.01
368930.0,0.04
368944.0,0.12
368949.0,0.11
368953.0,0.035
368956.0,0.08
368959.0,0.105
368968.0,0.115
368971.0,0.14
368974.0,0.065
368975.0,0.065
368983.0,0.045
368991.0,0.19
368994.0,0.05
369001.0,0.215
369004.0,0.1
369016.0,0.02
369030.0,0.03
369047.0,0.03
369055.0,0.23
369067.0,0.085
369068.0,0.215
369096.0,0.12
369103.0,0.09
369105.0,0.245
369107.0,0.26
369109.0,0.135
369130.0,0.08
369133.0,0.04
369144.0,0.065
369150.0,0.045
369152.0,0.07
369156.0,0.055
369180.0,0.135
369183.0,0.11
369184.0,0.25
369186.0,0.2
369187.0,0.045
369200.0,0.03
369201.0,0.04
369220.0,0.12
369223.0,0.01
369233.0,0.095
369240.0,0.24
369254.0,0.08
369264.0,0.15
369266.0,0.165
369272.0,0.095
369283.0,0.11
369295.0,0.075
369300.0,0.015
369302.0,0.04
369305.0,0.14
369322.0,0.1
369334.0,0.14
369350.0,0.04
369355.0,0.13
369361.0,0.095
369367.0,0.01
369371.0,0.035
369373.0,0.09
369375.0,0.1
369385.0,0.03
369394.0,0.095
369398.0,0.08
369408.0,0.05
369413.0,0.165
369419.0,0.05
369424.0,0.085
369439.0,0.09
369466.0,0.095
369482.0,0.055
369494.0,0.19
369504.0,0.045
369512.0,0.19
369528.0,0.155
369531.0,0.11
369540.0,0.075
369547.0,0.025
369565.0,0.115
369569.0,0.125
369581.0,0.16
369583.0,0.155
369593.0,0.16
369601.0,0.11
369608.0,0.04
369612.0,0.185
369615.0,0.08
369621.0,0.175
369636.0,0.02
369648.0,0.185
369649.0,0.375
369651.0,0.055
369659.0,0.06
369666.0,0.005
369684.0,0.08
369686.0,0.155
369698.0,0.185
369701.0,0.085
369712.0,0.055
369717.0,0.03
369722.0,0.12
369732.0,0.21
369740.0,0.265
369751.0,0.07
369755.0,0.09
369757.0,0.125
369761.0,0.17
369767.0,0.065
369782.0,0.18
369788.0,0.1
369790.0,0.055
369791.0,0.03
369792.0,0.075
369803.0,0.055
369812.0,0.02
369813.0,0.195
369827.0,0.125
369835.0,0.095
369838.0,0.11
369839.0,0.095
369843.0,0.185
369846.0,0.05
369860.0,0.015
369870.0,0.13
369871.0,0.525
369872.0,0.125
369884.0,0.18
369893.0,0.16
369901.0,0.035
369904.0,0.085
369908.0,0.135
369910.0,0.08
369911.0,0.085
369919.0,0.06
369920.0,0.08
369921.0,0.07
369931.0,0.27
369935.0,0.1
369936.0,0.07
369948.0,0.105
369953.0,0.075
369955.0,0.14
369961.0,0.04
369964.0,0.055
369967.0,0.06
369971.0,0.34
369983.0,0.13
369993.0,0.225
369995.0,0.16
370012.0,0.05
370022.0,0.075
370023.0,0.09
370027.0,0.075
370030.0,0.085
370033.0,0.155
370037.0,0.195
370051.0,0.045
370055.0,0.095
370077.0,0.085
370088.0,0.075
370091.0,0.075
370114.0,0.03
370117.0,0.265
370120.0,0.345
370122.0,0.06
370128.0,0.15
370135.0,0.09
370144.0,0.11
370146.0,0.23
370148.0,0.05
370150.0,0.015
370155.0,0.075
370164.0,0.05
370179.0,0.06
370188.0,0.15
370190.0,0.05
370199.0,0.07
370203.0,0.155
370213.0,0.02
370216.0,0.065
370219.0,0.01
370220.0,0.175
370224.0,0.035
370230.0,0.085
370254.0,0.275
370255.0,0.055
370265.0,0.2
370273.0,0.055
370288.0,0.065
370295.0,0.19
370297.0,0.09
370319.0,0.305
370323.0,0.025
370329.0,0.1
370330.0,0.03
370333.0,0.155
370346.0,0.16
370354.0,0.16
370355.0,0.08
370358.0,0.31
370362.0,0.005
370373.0,0.02
370376.0,0.045
370379.0,0.04
370380.0,0.025
370386.0,0.075
370392.0,0.125
370411.0,0.03
370416.0,0.075
370432.0,0.035
370439.0,0.15
370440.0,0.08
370445.0,0.04
370446.0,0.03
370455.0,0.13
370473.0,0.075
370474.0,0.065
370475.0,0.07
370482.0,0.395
370489.0,0.09
370512.0,0.02
370518.0,0.165
370522.0,0.16
370533.0,0.015
370538.0,0.18
370551.0,0.035
370552.0,0.33
370556.0,0.26
370566.0,0.08
370568.0,0.1
370573.0,0.24
370575.0,0.14
370578.0,0.055
370582.0,0.08
370596.0,0.06
370597.0,0.03
370599.0,0.095
370602.0,0.085
370609.0,0.11
370632.0,0.085
370634.0,0.29
370646.0,0.06
370666.0,0.465
370670.0,0.04
370672.0,0.015
370675.0,0.085
370676.0,0.17
370682.0,0.005
370685.0,0.065
370697.0,0.05
370699.0,0.065
370701.0,0.06
370711.0,0.49
370719.0,0.215
370728.0,0.055
370731.0,0.14
370735.0,0.08
370749.0,0.165
370753.0,0.07
370757.0,0.03
370763.0,0.165
370770.0,0.18
370779.0,0.105
370794.0,0.075
370805.0,0.06
370806.0,0.11
370808.0,0.065
370814.0,0.02
370827.0,0.26
370833.0,0.09
370844.0,0.08
370845.0,0.12
370850.0,0.225
370853.0,0.05
370856.0,0.08
370858.0,0.09
370862.0,0.21
370866.0,0.395
370874.0,0.195
370876.0,0.055
370878.0,0.325
370881.0,0.125
370882.0,0.17
370884.0,0.19
370887.0,0.115
370904.0,0.21
370905.0,0.11
370913.0,0.145
370915.0,0.12
370921.0,0.28
370922.0,0.11
370932.0,0.145
370939.0,0.105
370953.0,0.035
370964.0,0.065
370968.0,0.125
370969.0,0.11
370972.0,0.04
370978.0,0.055
371000.0,0.1
371001.0,0.445
371013.0,0.075
371053.0,0.065
371059.0,0.155
371060.0,0.09
371065.0,0.09
371069.0,0.12
371073.0,0.215
371084.0,0.27
371085.0,0.1
371088.0,0.16
371099.0,0.05
371115.0,0.03
371118.0,0.205
371127.0,0.21
371132.0,0.17
371136.0,0.07
371139.0,0.17
371152.0,0.11
371161.0,0.115
371162.0,0.145
371174.0,0.115
371176.0,0.1
371182.0,0.045
371185.0,0.07
371193.0,0.115
371197.0,0.055
371198.0,0.07
371202.0,0.105
371207.0,0.165
371211.0,0.22
371242.0,0.025
371243.0,0.17
371244.0,0.11
371255.0,0.185
371258.0,0.095
371259.0,0.155
371265.0,0.075
371274.0,0.075
371275.0,0.325
371288.0,0.075
371291.0,0.225
371295.0,0.32
371314.0,0.02
371322.0,0.185
371323.0,0.04
371328.0,0.205
371332.0,0.14
371333.0,0.315
371335.0,0.04
371342.0,0.1
371350.0,0.075
371357.0,0.14
371365.0,0.06
371383.0,0.27
371384.0,0.23
371385.0,0.165
371393.0,0.325
371394.0,0.16
371397.0,0.04
371417.0,0.065
371431.0,0.145
371433.0,0.22
371437.0,0.05
371439.0,0.22
371445.0,0.055
371452.0,0.14
371457.0,0.095
371469.0,0.09
371470.0,0.1
371477.0,0.085
371500.0,0.03
371504.0,0.3
371508.0,0.07
371514.0,0.07
371518.0,0.155
371520.0,0.1
371521.0,0.015
371522.0,0.045
371525.0,0.12
371530.0,0.105
371532.0,0.015
371548.0,0.265
371561.0,0.055
371566.0,0.345
371568.0,0.14
371571.0,0.09
371573.0,0.09
371577.0,0.16
371587.0,0.34
371592.0,0.16
371593.0,0.24
371595.0,0.13
371603.0,0.05
371614.0,0.07
371616.0,0.045
371619.0,0.115
371627.0,0.265
371641.0,0.165
371657.0,0.09
371664.0,0.085
371693.0,0.085
371698.0,0.06
371700.0,0.08
371707.0,0.09
371710.0,0.09
371715.0,0.2
371722.0,0.025
371731.0,0.025
371741.0,0.115
371744.0,0.235
371753.0,0.1
371755.0,0.015
371760.0,0.115
371773.0,0.1
371797.0,0.04
371807.0,0.095
371809.0,0.04
371811.0,0.03
371815.0,0.14
371822.0,0.17
371824.0,0.305
371828.0,0.1
371835.0,0.04
371837.0,0.05
371840.0,0.32
371849.0,0.085
371857.0,0.03
371860.0,0.235
371862.0,0.04
371875.0,0.05
371896.0,0.255
371898.0,0.165
371901.0,0.2
371903.0,0.06
371908.0,0.04
371910.0,0.09
371944.0,0.145
371947.0,0.04
371955.0,0.2
371963.0,0.2
371972.0,0.15
371973.0,0.11
371978.0,0.085
371980.0,0.025
371988.0,0.06
372020.0,0.08
372043.0,0.155
372060.0,0.095
372070.0,0.055
372082.0,0.045
372085.0,0.165
372090.0,0.125
372091.0,0.185
372112.0,0.12
372115.0,0.145
372132.0,0.12
372134.0,0.415
372136.0,0.105
372142.0,0.1
372145.0,0.08
372146.0,0.15
372159.0,0.04
372172.0,0.115
372179.0,0.09
372183.0,0.06
372184.0,0.01
372192.0,0.045
372234.0,0.06
372239.0,0.24
372244.0,0.035
372268.0,0.155
372287.0,0.085
372289.0,0.125
372292.0,0.04
372301.0,0.1
372315.0,0.07
372316.0,0.25
372328.0,0.18
372337.0,0.025
372347.0,0.39
372350.0,0.28
372381.0,0.075
372382.0,0.16
372384.0,0.14
372393.0,0.07
372398.0,0.135
372399.0,0.165
372400.0,0.145
372402.0,0.045
372410.0,0.195
372415.0,0.14
372425.0,0.145
372428.0,0.14
372430.0,0.1
372431.0,0.08
372449.0,0.01
372452.0,0.07
372453.0,0.05
372460.0,0.245
372463.0,0.24
372471.0,0.215
372484.0,0.105
372486.0,0.16
372489.0,0.11
372506.0,0.135
372513.0,0.03
372527.0,0.315
372568.0,0.185
372596.0,0.05
372606.0,0.02
372617.0,0.085
372618.0,0.055
372622.0,0.115
372624.0,0.115
372633.0,0.11
372637.0,0.09
372643.0,0.09
372644.0,0.08
372656.0,0.165
372662.0,0.04
372664.0,0.035
372666.0,0.065
372672.0,0.165
372674.0,0.145
372693.0,0.11
372704.0,0.1
372719.0,0.095
372727.0,0.1
372740.0,0.115
372745.0,0.125
372753.0,0.125
372762.0,0.03
372764.0,0.1
372771.0,0.185
372772.0,0.27
372789.0,0.14
372793.0,0.16
372799.0,0.03
372806.0,0.425
372809.0,0.135
372829.0,0.145
372848.0,0.035
372850.0,0.12
372853.0,0.12
372854.0,0.11
372858.0,0.145
372861.0,0.13
372863.0,0.155
372876.0,0.13
372878.0,0.04
372893.0,0.235
372894.0,0.045
372911.0,0.11
372912.0,0.12
372924.0,0.23
372942.0,0.085
372946.0,0.205
372955.0,0.07
372956.0,0.25
372957.0,0.165
372984.0,0.13
372993.0,0.12
372995.0,0.2
372997.0,0.075
373014.0,0.065
373018.0,0.24
373022.0,0.085
373023.0,0.035
373029.0,0.065
373063.0,0.025
373071.0,0.155
373075.0,0.195
373088.0,0.11
373089.0,0.075
373098.0,0.185
373101.0,0.22
373112.0,0.06
373114.0,0.1
373118.0,0.24
373120.0,0.205
373121.0,0.105
373122.0,0.085
373138.0,0.29
373145.0,0.09
373153.0,0.085
373154.0,0.15
373155.0,0.045
373159.0,0.19
373167.0,0.145
373190.0,0.1
373195.0,0.16
373202.0,0.065
373205.0,0.05
373209.0,0.11
373215.0,0.315
373222.0,0.215
373239.0,0.075
373240.0,0.27
373247.0,0.09
373251.0,0.08
373260.0,0.07
373284.0,0.09
373286.0,0.05
373292.0,0.16
373297.0,0.045
373299.0,0.245
373305.0,0.17
373307.0,0.14
373323.0,0.05
373327.0,0.135
373328.0,0.05
373363.0,0.115
373390.0,0.055
373396.0,0.02
373407.0,0.155
373413.0,0.125
373437.0,0.15
373445.0,0.04
373448.0,0.055
373458.0,0.165
373464.0,0.13
373472.0,0.25
373474.0,0.07
373475.0,0.185
373480.0,0.095
373484.0,0.305
373491.0,0.185
373493.0,0.215
373504.0,0.02
373537.0,0.15
373542.0,0.205
373545.0,0.115
373554.0,0.055
373559.0,0.325
373560.0,0.045
373562.0,0.22
373565.0,0.145
373573.0,0.09
373577.0,0.07
373591.0,0.17
373592.0,0.06
373596.0,0.04
373598.0,0.13
373600.0,0.09
373605.0,0.035
373607.0,0.03
373616.0,0.065
373618.0,0.065
373624.0,0.075
373630.0,0.13
373631.0,0.14
373634.0,0.115
373646.0,0.07
373651.0,0.18
373669.0,0.36
373682.0,0.11
373716.0,0.11
373751.0,0.31
373756.0,0.33
373757.0,0.04
373767.0,0.04
373778.0,0.15
373780.0,0.025
373781.0,0.3
373796.0,0.265
373801.0,0.095
373805.0,0.13
373811.0,0.15
373815.0,0.06
373820.0,0.15
373833.0,0.035
373839.0,0.155
373841.0,0.115
373871.0,0.07
373875.0,0.285
373893.0,0.02
373894.0,0.185
373898.0,0.11
373899.0,0.155
373908.0,0.335
373909.0,0.125
373911.0,0.06
373918.0,0.07
373927.0,0.085
373938.0,0.215
373943.0,0.245
373946.0,0.08
373948.0,0.135
373953.0,0.065
373956.0,0.225
373984.0,0.015
373985.0,0.16
373986.0,0.1
374002.0,0.02
374014.0,0.01
374015.0,0.1
374024.0,0.05
374029.0,0.34
374034.0,0.05
374039.0,0.005
374042.0,0.23
374048.0,0.14
374051.0,0.09
374054.0,0.06
374055.0,0.21
374061.0,0.12
374075.0,0.135
374087.0,0.025
374101.0,0.22
374103.0,0.14
374114.0,0.18
374116.0,0.26
374119.0,0.105
374121.0,0.175
374133.0,0.175
374134.0,0.04
374140.0,0.015
374141.0,0.315
374145.0,0.21
374155.0,0.03
374163.0,0.175
374169.0,0.205
374173.0,0.205
374188.0,0.095
374199.0,0.05
374200.0,0.17
374207.0,0.135
374225.0,0.2
374226.0,0.04
374227.0,0.11
374249.0,0.105
374254.0,0.19
374284.0,0.06
374293.0,0.175
374296.0,0.055
374297.0,0.11
374298.0,0.055
374307.0,0.085
374320.0,0.09
374322.0,0.14
374324.0,0.095
374328.0,0.105
374334.0,0.04
374341.0,0.05
374343.0,0.12
374346.0,0.045
374359.0,0.16
374374.0,0.055
374381.0,0.195
374400.0,0.05
374405.0,0.035
374409.0,0.12
374420.0,0.33
374442.0,0.25
374443.0,0.185
374445.0,0.125
374447.0,0.22
374452.0,0.2
374458.0,0.07
374485.0,0.035
374487.0,0.085
374496.0,0.025
374503.0,0.095
374518.0,0.1
374519.0,0.015
374532.0,0.095
374534.0,0.055
374536.0,0.04
374546.0,0.085
374559.0,0.02
374568.0,0.215
374573.0,0.095
374582.0,0.03
374585.0,0.06
374598.0,0.09
374606.0,0.085
374612.0,0.015
374617.0,0.07
374619.0,0.075
374626.0,0.125
374646.0,0.085
374653.0,0.075
374656.0,0.075
374664.0,0.08
374666.0,0.13
374677.0,0.145
374679.0,0.135
374682.0,0.105
374700.0,0.175
374703.0,0.125
374705.0,0.205
374720.0,0.2
374724.0,0.105
374731.0,0.005
374732.0,0.09
374734.0,0.095
374759.0,0.085
374770.0,0.105
374774.0,0.075
374777.0,0.21
374788.0,0.08
374796.0,0.125
374799.0,0.065
374813.0,0.395
374819.0,0.03
374826.0,0.285
374827.0,0.05
374832.0,0.15
374837.0,0.04
374844.0,0.31
374848.0,0.305
374853.0,0.16
374854.0,0.095
374856.0,0.035
374864.0,0.165
374868.0,0.035
374888.0,0.055
374891.0,0.125
374892.0,0.09
374896.0,0.125
374909.0,0.13
374911.0,0.055
374912.0,0.035
374913.0,0.22
374916.0,0.085
374917.0,0.075
374923.0,0.265
374933.0,0.3
374935.0,0.13
374940.0,0.09
374941.0,0.015
374943.0,0.065
374951.0,0.155
374967.0,0.225
374970.0,0.145
374990.0,0.21
374993.0,0.125
374994.0,0.15
375015.0,0.04
375017.0,0.175
375018.0,0.115
375021.0,0.1
375023.0,0.075
375030.0,0.295
375038.0,0.075
375040.0,0.14
375041.0,0.18
375052.0,0.03
375061.0,0.35
375064.0,0.07
375076.0,0.12
375086.0,0.21
375109.0,0.135
375118.0,0.115
375133.0,0.1
375140.0,0.185
375156.0,0.205
375168.0,0.16
375170.0,0.125
375182.0,0.075
375187.0,0.175
375188.0,0.17
375197.0,0.08
375201.0,0.025
375204.0,0.2
375216.0,0.225
375225.0,0.01
375231.0,0.045
375234.0,0.02
375241.0,0.1
375242.0,0.33
375244.0,0.075
375246.0,0.085
375257.0,0.19
375290.0,0.075
375292.0,0.065
375293.0,0.13
375295.0,0.08
375296.0,0.045
375300.0,0.095
375322.0,0.12
375332.0,0.08
375338.0,0.12
375342.0,0.065
375365.0,0.065
375367.0,0.075
375384.0,0.245
375418.0,0.05
375464.0,0.18
375477.0,0.08
375485.0,0.13
375496.0,0.03
375534.0,0.09
375544.0,0.1
375556.0,0.17
375588.0,0.085
375589.0,0.04
375594.0,0.16
375629.0,0.085
375649.0,0.095
375654.0,0.135
375696.0,0.15
375758.0,0.025
375795.0,0.415
375843.0,0.03
375844.0,0.06
375853.0,0.195
375878.0,0.055
375879.0,0.14
375883.0,0.12
375887.0,0.255
375929.0,0.145
375934.0,0.11
375936.0,0.235
375937.0,0.075
375948.0,0.165
375951.0,0.04
375953.0,0.165
375964.0,0.145
375969.0,0.04
375970.0,0.035
375973.0,0.21
375976.0,0.22
375997.0,0.08
376000.0,0.055
376011.0,0.06
376019.0,0.06
376035.0,0.105
376036.0,0.115
376041.0,0.25
376042.0,0.105
376045.0,0.05
376047.0,0.065
376060.0,0.025
376061.0,0.195
376067.0,0.1
376068.0,0.31
376070.0,0.155
376074.0,0.05
376075.0,0.07
376076.0,0.105
376078.0,0.165
376080.0,0.065
376081.0,0.045
376082.0,0.11
376083.0,0.255
376084.0,0.1
376086.0,0.03
376087.0,0.025
376088.0,0.095
376089.0,0.22
376090.0,0.125
376091.0,0.115
376092.0,0.17
376093.0,0.13
376094.0,0.125
376095.0,0.265
376096.0,0.21
376097.0,0.175
376098.0,0.225
376206.0,0.05
376209.0,0.215
376225.0,0.115
376239.0,0.06
376247.0,0.05
376248.0,0.06
376252.0,0.095
376257.0,0.165
376273.0,0.035
376274.0,0.08
376275.0,0.05
376279.0,0.165
376283.0,0.09
376284.0,0.11
376288.0,0.055
376289.0,0.17
376292.0,0.07
376298.0,0.17
376301.0,0.085
376311.0,0.07
376312.0,0.185
376313.0,0.115
376316.0,0.08
376317.0,0.13
376319.0,0.105
376320.0,0.195
376321.0,0.175
376322.0,0.135
376325.0,0.245
376326.0,0.215
376328.0,0.1
376329.0,0.16
376330.0,0.11
376332.0,0.13
376334.0,0.13
376335.0,0.185
376336.0,0.075
376337.0,0.14
376338.0,0.3
376339.0,0.08
376340.0,0.135
376341.0,0.335
376343.0,0.18
376344.0,0.12
376345.0,0.045
376346.0,0.205
376347.0,0.265
376348.0,0.235
376349.0,0.245
376350.0,0.045
376351.0,0.085
376352.0,0.015
376353.0,0.08
376354.0,0.04
376355.0,0.03
376356.0,0.04
376357.0,0.085
376360.0,0.065
376445.0,0.155
376447.0,0.075
376449.0,0.16
376470.0,0.05
376483.0,0.14
376484.0,0.07
376486.0,0.105
376487.0,0.06
376488.0,0.105
376491.0,0.22
376492.0,0.04
376494.0,0.155
376495.0,0.225
376496.0,0.1
376497.0,0.34
376498.0,0.045
376502.0,0.065
376503.0,0.235
376504.0,0.095
376506.0,0.08
376509.0,0.12
376515.0,0.07
376517.0,0.095
376518.0,0.29
376519.0,0.27
376520.0,0.085
376521.0,0.035
376522.0,0.06
376523.0,0.15
376524.0,0.105
376527.0,0.14
376530.0,0.125
376531.0,0.155
376532.0,0.315
376533.0,0.125
376534.0,0.065
376535.0,0.2
376537.0,0.155
376538.0,0.11
376539.0,0.145
376546.0,0.17
376594.0,0.25
376595.0,0.16
376614.0,0.065
376616.0,0.115
376617.0,0.085
376618.0,0.12
376619.0,0.135
376620.0,0.015
376627.0,0.07
376630.0,0.025
376631.0,0.145
376632.0,0.0
376633.0,0.15
376635.0,0.155
376636.0,0.215
376637.0,0.065
376639.0,0.325
376640.0,0.045
376642.0,0.085
376643.0,0.075
376644.0,0.085
376645.0,0.06
376646.0,0.1
376648.0,0.195
376650.0,0.025
376651.0,0.05
376652.0,0.18
376732.0,0.1
376733.0,0.105
376734.0,0.17
376756.0,0.145
376804.0,0.1
376856.0,0.255
376869.0,0.035
376893.0,0.05
377045.0,0.21
377088.0,0.14
377137.0,0.205
377138.0,0.065
377159.0,0.055
377176.0,0.155
377201.0,0.07
377226.0,0.255
377335.0,0.075
377358.0,0.27
377362.0,0.04
377363.0,0.05
377389.0,0.18
377426.0,0.235
377427.0,0.24
377429.0,0.07
377441.0,0.07
377449.0,0.175
377450.0,0.25
377458.0,0.14
377472.0,0.155
377541.0,0.495
377567.0,0.1
377573.0,0.02
377605.0,0.135
377611.0,0.24
377622.0,0.055
377631.0,0.115
377657.0,0.055
377681.0,0.075
377711.0,0.035
377717.0,0.185
377720.0,0.22
377721.0,0.215
377723.0,0.125
377727.0,0.1
377729.0,0.095
377733.0,0.06
377735.0,0.145
377736.0,0.04
377737.0,0.14
377738.0,0.05
377750.0,0.325
377751.0,0.12
377753.0,0.135
377754.0,0.115
377755.0,0.16
377756.0,0.17
377757.0,0.265
377758.0,0.095
377759.0,0.085
377760.0,0.03
377761.0,0.175
377762.0,0.085
377763.0,0.075
377764.0,0.1
377765.0,0.195
377766.0,0.16
377767.0,0.015
377768.0,0.085
377771.0,0.09
377772.0,0.055
377773.0,0.205
377774.0,0.16
377775.0,0.125
377776.0,0.035
377778.0,0.085
377779.0,0.08
377780.0,0.035
377781.0,0.065
377782.0,0.025
377783.0,0.01
377784.0,0.095
377785.0,0.07
377786.0,0.175
377862.0,0.11
377871.0,0.125
377930.0,0.08
377970.0,0.105
377987.0,0.13
377988.0,0.16
377990.0,0.11
377992.0,0.205
377995.0,0.11
378005.0,0.015
378006.0,0.03
378011.0,0.15
378018.0,0.055
378019.0,0.065
378023.0,0.1
378025.0,0.045
378026.0,0.205
378027.0,0.05
378031.0,0.1
378033.0,0.05
378034.0,0.095
378035.0,0.02
378040.0,0.19
378041.0,0.12
378042.0,0.055
378043.0,0.235
378044.0,0.1
378045.0,0.1
378046.0,0.18
378047.0,0.095
378048.0,0.02
378049.0,0.09
378051.0,0.095
378052.0,0.1
378053.0,0.08
378054.0,0.14
378055.0,0.055
378056.0,0.135
378057.0,0.06
378059.0,0.135
378060.0,0.08
378061.0,0.295
378062.0,0.205
378063.0,0.075
378065.0,0.165
378066.0,0.3
378067.0,0.125
378068.0,0.035
378069.0,0.075
378070.0,0.065
378096.0,0.06
378098.0,0.25
378104.0,0.085
378105.0,0.125
378106.0,0.12
378107.0,0.09
378108.0,0.075
378109.0,0.06
378110.0,0.18
378111.0,0.345
378112.0,0.12
378113.0,0.085
378114.0,0.085
378115.0,0.155
378116.0,0.195
378117.0,0.25
378119.0,0.065
378120.0,0.125
378121.0,0.19
378122.0,0.045
378123.0,0.215
378124.0,0.11
378136.0,0.12
378181.0,0.05
378184.0,0.13
378190.0,0.125
378263.0,0.09
378300.0,0.065
378304.0,0.405
378305.0,0.195
378311.0,0.065
378313.0,0.08
378314.0,0.125
378317.0,0.145
378320.0,0.16
378322.0,0.095
378325.0,0.125
378327.0,0.365
378328.0,0.22
378329.0,0.045
378330.0,0.015
378331.0,0.095
378334.0,0.04
378335.0,0.07
378336.0,0.07
378339.0,0.065
378340.0,0.17
378341.0,0.175
378342.0,0.18
378343.0,0.035
378344.0,0.07
378345.0,0.26
378346.0,0.03
378347.0,0.27
378348.0,0.135
378349.0,0.21
378350.0,0.34
378351.0,0.095
378352.0,0.045
378353.0,0.115
378354.0,0.11
378355.0,0.165
378356.0,0.265
378427.0,0.135
378434.0,0.135
378564.0,0.04
378671.0,0.25
378689.0,0.04
378710.0,0.465
378755.0,0.105
378887.0,0.07
378907.0,0.305
378924.0,0.075
378944.0,0.1
378945.0,0.12
378991.0,0.06
379009.0,0.115
379025.0,0.115
379046.0,0.115
379047.0,0.15
379048.0,0.08
379052.0,0.17
379065.0,0.05
379066.0,0.11
379076.0,0.06
379080.0,0.185
379085.0,0.21
379086.0,0.155
379087.0,0.42
379089.0,0.06
379094.0,0.075
379095.0,0.24
379101.0,0.105
379102.0,0.085
379103.0,0.135
379105.0,0.115
379108.0,0.09
379111.0,0.13
379112.0,0.19
379113.0,0.33
379114.0,0.145
379115.0,0.115
379116.0,0.13
379117.0,0.125
379118.0,0.05
379119.0,0.385
379120.0,0.125
379121.0,0.025
379123.0,0.085
379124.0,0.07
379126.0,0.16
379127.0,0.04
379128.0,0.035
379129.0,0.095
379131.0,0.3
379132.0,0.24
379133.0,0.12
379134.0,0.265
379178.0,0.065
379266.0,0.015
379268.0,0.12
379291.0,0.055
379296.0,0.095
379301.0,0.04
379313.0,0.045
379318.0,0.135
379319.0,0.32
379329.0,0.11
379336.0,0.295
379348.0,0.15
379356.0,0.02
379357.0,0.155
379363.0,0.295
379385.0,0.33
379408.0,0.08
379432.0,0.115
379437.0,0.08
379440.0,0.05
379456.0,0.085
379457.0,0.04
379463.0,0.235
379464.0,0.18
379467.0,0.18
379469.0,0.185
379470.0,0.04
379472.0,0.185
379473.0,0.045
379474.0,0.085
379475.0,0.015
379476.0,0.225
379481.0,0.19
379482.0,0.425
379483.0,0.115
379484.0,0.1
379485.0,0.52
379486.0,0.11
379487.0,0.01
379488.0,0.045
379490.0,0.1
379491.0,0.12
379492.0,0.195
379494.0,0.005
379495.0,0.175
379496.0,0.1
379497.0,0.13
379500.0,0.13
379501.0,0.225
379502.0,0.11
379503.0,0.045
379504.0,0.06
379505.0,0.255
379506.0,0.04
379507.0,0.01
379508.0,0.12
379509.0,0.165
379510.0,0.045
379512.0,0.03
379513.0,0.065
379514.0,0.195
379515.0,0.085
379516.0,0.11
379517.0,0.165
379518.0,0.245
379520.0,0.32
379627.0,0.055
379673.0,0.27
379674.0,0.02
379720.0,0.13
379726.0,0.05
379730.0,0.035
379746.0,0.09
379775.0,0.04
379776.0,0.02
379778.0,0.235
379841.0,0.025
379921.0,0.07
379951.0,0.08
380002.0,0.265
380003.0,0.42
380005.0,0.065
380006.0,0.275
380010.0,0.055
380012.0,0.225
380014.0,0.275
380015.0,0.24
380017.0,0.07
380018.0,0.145
380019.0,0.01
380020.0,0.035
380022.0,0.025
380023.0,0.22
380025.0,0.12
380026.0,0.165
380028.0,0.07
380030.0,0.16
380031.0,0.15
380032.0,0.065
380033.0,0.065
380034.0,0.11
380035.0,0.03
380037.0,0.125
380038.0,0.155
380039.0,0.22
380040.0,0.26
380064.0,0.13
380065.0,0.09
380121.0,0.1
380122.0,0.13
380130.0,0.12
380219.0,0.065
380228.0,0.165
380229.0,0.055
380366.0,0.06
380408.0,0.085
380414.0,0.03
380487.0,0.145
380488.0,0.035
380489.0,0.065
380494.0,0.05
380543.0,0.055
380553.0,0.09
380600.0,0.01
380625.0,0.155
380635.0,0.09
380643.0,0.14
380762.0,0.075
380773.0,0.13
380781.0,0.175
380785.0,0.09
380787.0,0.02
380788.0,0.15
380789.0,0.145
380797.0,0.07
380800.0,0.035
380802.0,0.11
380805.0,0.235
380806.0,0.135
380807.0,0.32
380811.0,0.05
380812.0,0.05
380815.0,0.06
380816.0,0.08
380817.0,0.185
380819.0,0.14
380823.0,0.025
380824.0,0.2
380825.0,0.15
380826.0,0.19
380827.0,0.265
380828.0,0.075
380830.0,0.09
380831.0,0.04
380832.0,0.105
380833.0,0.085
380834.0,0.125
380836.0,0.21
380837.0,0.03
380838.0,0.125
380839.0,0.08
380840.0,0.18
380841.0,0.09
380879.0,0.055
380901.0,0.055
380928.0,0.08
380956.0,0.045
380979.0,0.135
381037.0,0.065
381047.0,0.235
381074.0,0.125
381104.0,0.055
381121.0,0.165
381130.0,0.175
381133.0,0.06
381139.0,0.06
381141.0,0.24
381142.0,0.075
381145.0,0.04
381152.0,0.05
381153.0,0.205
381154.0,0.265
381156.0,0.155
381160.0,0.06
381164.0,0.23
381168.0,0.115
381171.0,0.07
381173.0,0.21
381174.0,0.15
381176.0,0.075
381178.0,0.195
381179.0,0.09
381182.0,0.19
381185.0,0.02
381187.0,0.105
381189.0,0.05
381190.0,0.17
381191.0,0.11
381192.0,0.225
381193.0,0.06
381194.0,0.06
381195.0,0.075
381198.0,0.02
381199.0,0.03
381200.0,0.085
381201.0,0.225
381202.0,0.025
381203.0,0.305
381204.0,0.28
381205.0,0.025
381259.0,0.075
381288.0,0.09
381289.0,0.155
381335.0,0.195
381344.0,0.12
381367.0,0.145
381376.0,0.03
381381.0,0.12
381397.0,0.01
381406.0,0.1
381412.0,0.13
381421.0,0.155
381424.0,0.115
381427.0,0.145
381428.0,0.275
381429.0,0.06
381430.0,0.06
381434.0,0.42
381435.0,0.085
381436.0,0.105
381437.0,0.075
381438.0,0.27
381439.0,0.115
381444.0,0.015
381446.0,0.065
381447.0,0.145
381449.0,0.265
381450.0,0.075
381453.0,0.225
381454.0,0.11
381455.0,0.385
381456.0,0.22
381457.0,0.085
381458.0,0.065
381459.0,0.15
381460.0,0.14
381461.0,0.175
381462.0,0.15
381463.0,0.09
381464.0,0.2
381465.0,0.085
381466.0,0.315
381467.0,0.145
381468.0,0.115
381469.0,0.22
381470.0,0.115
381471.0,0.235
381472.0,0.03
381473.0,0.085
381475.0,0.11
381476.0,0.12
381477.0,0.18
381478.0,0.055
381479.0,0.125
381480.0,0.22
381481.0,0.04
381482.0,0.015
381483.0,0.145
381495.0,0.11
381545.0,0.015
381580.0,0.125
381657.0,0.2
381674.0,0.2
381691.0,0.045
381697.0,0.04
381704.0,0.125
381711.0,0.18
381721.0,0.135
381728.0,0.125
381729.0,0.07
381734.0,0.08
381735.0,0.195
381736.0,0.21
381740.0,0.175
381742.0,0.47
381743.0,0.255
381744.0,0.045
381747.0,0.125
381748.0,0.27
381749.0,0.03
381750.0,0.185
381751.0,0.05
381752.0,0.165
381753.0,0.11
381754.0,0.295
381755.0,0.125
381756.0,0.08
381757.0,0.04
381758.0,0.12
381759.0,0.11
381760.0,0.09
381761.0,0.21
381762.0,0.04
381763.0,0.075
381764.0,0.295
381765.0,0.185
381766.0,0.09
381767.0,0.155
381768.0,0.15
381769.0,0.045
381770.0,0.045
381772.0,0.075
381774.0,0.055
381777.0,0.115
381861.0,0.05
381974.0,0.105
381991.0,0.095
382024.0,0.165
382051.0,0.145
382066.0,0.11
382067.0,0.045
382068.0,0.11
382107.0,0.105
382108.0,0.135
382111.0,0.11
382113.0,0.075
382114.0,0.135
382120.0,0.145
382121.0,0.1
382122.0,0.165
382124.0,0.14
382126.0,0.075
382131.0,0.04
382132.0,0.09
382135.0,0.07
382136.0,0.07
382137.0,0.06
382138.0,0.095
382140.0,0.29
382141.0,0.17
382142.0,0.115
382143.0,0.1
382144.0,0.17
382145.0,0.18
382146.0,0.18
382147.0,0.17
382149.0,0.25
382150.0,0.07
382152.0,0.15
382153.0,0.05
382164.0,0.27
382180.0,0.15
382239.0,0.24
382275.0,0.255
382297.0,0.035
382391.0,0.385
382392.0,0.205
382396.0,0.22
382424.0,0.03
382471.0,0.2
382493.0,0.08
382496.0,0.07
382504.0,0.125
382505.0,0.175
382513.0,0.035
382517.0,0.24
382521.0,0.155
382528.0,0.01
382530.0,0.185
382544.0,0.14
382603.0,0.25
382604.0,0.07
382642.0,0.13
382666.0,0.035
382699.0,0.08
382737.0,0.135
382792.0,0.125
382796.0,0.015
382807.0,0.055
382813.0,0.29
382817.0,0.415
382818.0,0.18
382826.0,0.06
382845.0,0.055
382846.0,0.035
382850.0,0.28
382851.0,0.095
382856.0,0.1
382858.0,0.045
382859.0,0.09
382862.0,0.025
382863.0,0.075
382865.0,0.04
382866.0,0.075
382868.0,0.085
382870.0,0.1
382871.0,0.12
382872.0,0.125
382873.0,0.165
382874.0,0.34
382875.0,0.08
382876.0,0.165
382877.0,0.15
382878.0,0.09
382879.0,0.215
382880.0,0.0
382882.0,0.125
382883.0,0.075
382884.0,0.02
382885.0,0.11
382886.0,0.055
382887.0,0.125
382989.0,0.105
383009.0,0.125
383039.0,0.11
383068.0,0.025
383072.0,0.05
383093.0,0.11
383099.0,0.35
383167.0,0.02
383168.0,0.19
383170.0,0.19
383171.0,0.185
383174.0,0.07
383175.0,0.045
383176.0,0.08
383178.0,0.095
383181.0,0.13
383182.0,0.325
383184.0,0.045
383186.0,0.115
383187.0,0.045
383189.0,0.03
383190.0,0.095
383191.0,0.105
383192.0,0.095
383194.0,0.01
383195.0,0.105
383196.0,0.03
383197.0,0.14
383198.0,0.05
383199.0,0.02
383200.0,0.105
383201.0,0.1
383202.0,0.11
383203.0,0.06
383204.0,0.205
383205.0,0.08
383206.0,0.145
383207.0,0.035
383208.0,0.135
383279.0,0.145
383335.0,0.08
383384.0,0.07
383394.0,0.05
383400.0,0.265
383401.0,0.02
383409.0,0.13
383410.0,0.06
383412.0,0.225
383414.0,0.1
383419.0,0.09
383422.0,0.035
383425.0,0.045
383426.0,0.05
383427.0,0.2
383428.0,0.135
383429.0,0.165
383430.0,0.19
383431.0,0.11
383433.0,0.375
383434.0,0.13
383435.0,0.05
383436.0,0.345
383437.0,0.08
383438.0,0.095
383439.0,0.06
383440.0,0.015
383441.0,0.06
383442.0,0.07
383443.0,0.065
383444.0,0.035
383445.0,0.035
383446.0,0.18
383447.0,0.135
383448.0,0.155
383449.0,0.02
383450.0,0.13
383451.0,0.075
383452.0,0.025
383453.0,0.07
383454.0,0.165
383533.0,0.095
383583.0,0.145
383608.0,0.11
383622.0,0.105
383673.0,0.22
383804.0,0.125
383806.0,0.11
383812.0,0.085
383814.0,0.075
383816.0,0.18
383825.0,0.17
383827.0,0.13
383833.0,0.23
383841.0,0.06
383842.0,0.21
383849.0,0.13
383859.0,0.075
383883.0,0.125
383891.0,0.245
383910.0,0.045
383925.0,0.1
383943.0,0.23
383946.0,0.295
383959.0,0.045
383960.0,0.075
383961.0,0.045
383962.0,0.05
383979.0,0.15
383985.0,0.13
383990.0,0.08
383999.0,0.065
384001.0,0.13
384003.0,0.05
384008.0,0.09
384019.0,0.28
384020.0,0.12
384065.0,0.12
384102.0,0.165
384154.0,0.05
384155.0,0.18
384171.0,0.175
384177.0,0.065
384183.0,0.115
384186.0,0.095
384198.0,0.305
384199.0,0.07
384201.0,0.39
384203.0,0.15
384204.0,0.095
384205.0,0.115
384207.0,0.11
384208.0,0.11
384209.0,0.165
384210.0,0.025
384211.0,0.15
384212.0,0.2
384215.0,0.385
384216.0,0.135
384220.0,0.19
384221.0,0.055
384226.0,0.07
384273.0,0.095
384287.0,0.065
384288.0,0.085
384332.0,0.175
384365.0,0.08
384380.0,0.315
384392.0,0.05
384412.0,0.05
384424.0,0.21
384428.0,0.16
384429.0,0.215
384430.0,0.06
384434.0,0.075
384480.0,0.115
384502.0,0.245
384503.0,0.045
384504.0,0.13
384505.0,0.14
384508.0,0.055
384519.0,0.025
384520.0,0.225
384524.0,0.03
384528.0,0.05
384532.0,0.14
384539.0,0.155
384542.0,0.08
384543.0,0.265
384544.0,0.02
384546.0,0.08
384547.0,0.04
384548.0,0.19
384549.0,0.02
384552.0,0.215
384554.0,0.045
384556.0,0.04
384557.0,0.065
384558.0,0.02
384559.0,0.035
384560.0,0.21
384561.0,0.135
384562.0,0.22
384563.0,0.105
384564.0,0.295
384565.0,0.125
384656.0,0.06
384657.0,0.02
384672.0,0.125
384679.0,0.035
384680.0,0.095
384689.0,0.085
384692.0,0.185
384695.0,0.24
384710.0,0.38
384712.0,0.015
384715.0,0.06
384735.0,0.065
384749.0,0.035
384751.0,0.06
384753.0,0.155
384757.0,0.035
384759.0,0.055
384761.0,0.08
384762.0,0.125
384765.0,0.13
384775.0,0.075
384782.0,0.225
384794.0,0.055
384798.0,0.02
384805.0,0.14
384807.0,0.15
384812.0,0.04
384821.0,0.12
384834.0,0.085
384847.0,0.11
384856.0,0.135
384857.0,0.095
384858.0,0.155
384859.0,0.14
384860.0,0.165
384861.0,0.28
384862.0,0.15
384863.0,0.13
384864.0,0.04
384865.0,0.045
384866.0,0.4
384867.0,0.095
384868.0,0.02
384869.0,0.2
384870.0,0.11
384871.0,0.17
384873.0,0.07
384874.0,0.17
384876.0,0.15
384877.0,0.02
384878.0,0.025
384880.0,0.13
384881.0,0.055
384882.0,0.135
384883.0,0.065
384884.0,0.03
384885.0,0.1
384886.0,0.105
384887.0,0.055
384969.0,0.025
385023.0,0.065
385049.0,0.12
385081.0,0.045
385091.0,0.065
385092.0,0.12
385093.0,0.075
385094.0,0.05
385106.0,0.19
385107.0,0.155
385110.0,0.1
385111.0,0.085
385113.0,0.055
385114.0,0.395
385115.0,0.12
385117.0,0.12
385119.0,0.085
385120.0,0.12
385121.0,0.21
385122.0,0.01
385123.0,0.025
385125.0,0.085
385126.0,0.025
385127.0,0.04
385128.0,0.095
385129.0,0.095
385130.0,0.025
385131.0,0.065
385132.0,0.105
385133.0,0.145
385134.0,0.2
385135.0,0.095
385136.0,0.155
385137.0,0.225
385138.0,0.035
385139.0,0.28
385140.0,0.32
385141.0,0.08
385142.0,0.07
385143.0,0.035
385144.0,0.1
385145.0,0.155
385146.0,0.095
385147.0,0.125
385149.0,0.135
385151.0,0.02
385152.0,0.08
385153.0,0.135
385197.0,0.025
385230.0,0.085
385231.0,0.13
385252.0,0.2
385299.0,0.19
385351.0,0.05
385376.0,0.32
385405.0,0.08
385452.0,0.105
385479.0,0.185
385510.0,0.105
385522.0,0.255
385524.0,0.045
385544.0,0.1
385563.0,0.175
385566.0,0.105
385571.0,0.085
385585.0,0.09
385586.0,0.045
385611.0,0.085
385621.0,0.05
385623.0,0.125
385628.0,0.29
385633.0,0.1
385634.0,0.025
385643.0,0.095
385650.0,0.125
385656.0,0.045
385666.0,0.125
385693.0,0.135
385705.0,0.18
385706.0,0.035
385835.0,0.035
385847.0,0.125
385867.0,0.155
385871.0,0.23
385872.0,0.265
385879.0,0.03
385883.0,0.055
385884.0,0.085
385885.0,0.045
385889.0,0.135
385893.0,0.175
385894.0,0.18
385898.0,0.16
385899.0,0.2
385902.0,0.14
385903.0,0.08
385904.0,0.065
385905.0,0.13
385906.0,0.035
385907.0,0.145
385908.0,0.21
385909.0,0.04
385910.0,0.045
385973.0,0.07
386003.0,0.195
386013.0,0.005
386023.0,0.035
386065.0,0.015
386072.0,0.22
386077.0,0.225
386135.0,0.085
386141.0,0.035
386178.0,0.18
386198.0,0.135
386200.0,0.08
386203.0,0.31
386223.0,0.075
386225.0,0.05
386245.0,0.1
386250.0,0.03
386253.0,0.095
386254.0,0.16
386255.0,0.12
386262.0,0.145
386263.0,0.025
386264.0,0.04
386267.0,0.05
386268.0,0.09
386276.0,0.205
386279.0,0.23
386281.0,0.085
386282.0,0.13
386283.0,0.13
386284.0,0.035
386285.0,0.105
386286.0,0.135
386287.0,0.055
386288.0,0.235
386289.0,0.28
386290.0,0.06
386292.0,0.125
386293.0,0.07
386294.0,0.075
386295.0,0.36
386296.0,0.185
386297.0,0.08
386299.0,0.075
386300.0,0.1
386301.0,0.06
386302.0,0.11
386303.0,0.28
386304.0,0.34
386305.0,0.145
386307.0,0.1
386308.0,0.08
386309.0,0.08
386310.0,0.105
386311.0,0.025
386347.0,0.13
386350.0,0.16
386352.0,0.13
386365.0,0.075
386378.0,0.095
386380.0,0.18
386399.0,0.19
386458.0,0.08
386523.0,0.05
386531.0,0.27
386545.0,0.125
386546.0,0.18
386547.0,0.095
386549.0,0.125
386550.0,0.075
386551.0,0.105
386552.0,0.025
386633.0,0.15
386647.0,0.05
386665.0,0.115
386767.0,0.16
386773.0,0.065
386774.0,0.095
386775.0,0.18
386777.0,0.02
386785.0,0.12
386791.0,0.07
386792.0,0.055
386795.0,0.12
386798.0,0.155
386803.0,0.06
386805.0,0.195
386806.0,0.115
386808.0,0.055
386811.0,0.02
386813.0,0.085
386814.0,0.2
386817.0,0.06
386819.0,0.03
386820.0,0.13
386821.0,0.125
386822.0,0.35
386824.0,0.065
386825.0,0.205
386826.0,0.06
386827.0,0.215
386828.0,0.245
386830.0,0.03
386831.0,0.205
386832.0,0.025
386833.0,0.205
386834.0,0.05
386835.0,0.045
386836.0,0.115
386837.0,0.135
386838.0,0.1
386839.0,0.305
386840.0,0.055
386841.0,0.145
386843.0,0.22
386844.0,0.27
386845.0,0.05
386847.0,0.055
386848.0,0.025
386849.0,0.05
386860.0,0.205
386938.0,0.02
386940.0,0.095
386989.0,0.08
387021.0,0.05
387193.0,0.215
387194.0,0.125
387286.0,0.155
387291.0,0.055
387292.0,0.125
387324.0,0.16
387325.0,0.125
387329.0,0.095
387331.0,0.085
387333.0,0.045
387337.0,0.18
387341.0,0.22
387342.0,0.05
387349.0,0.185
387350.0,0.08
387351.0,0.175
387352.0,0.1
387353.0,0.17
387355.0,0.21
387356.0,0.145
387357.0,0.075
387358.0,0.045
387360.0,0.125
387361.0,0.07
387362.0,0.1
387363.0,0.055
387364.0,0.08
387365.0,0.135
387366.0,0.095
387367.0,0.04
387368.0,0.04
387369.0,0.05
387370.0,0.04
387371.0,0.16
387372.0,0.195
387377.0,0.31
387378.0,0.16
387424.0,0.045
387440.0,0.11
387447.0,0.17
387489.0,0.15
387501.0,0.125
387526.0,0.265
387542.0,0.065
387543.0,0.325
387544.0,0.15
387565.0,0.12
387572.0,0.155
387577.0,0.21
387578.0,0.23
387583.0,0.01
387584.0,0.01
387588.0,0.065
387595.0,0.25
387596.0,0.27
387597.0,0.175
387598.0,0.05
387662.0,0.165
387687.0,0.195
387688.0,0.11
387689.0,0.025
387718.0,0.165
387730.0,0.05
387753.0,0.04
387807.0,0.1
387843.0,0.115
387848.0,0.105
387882.0,0.145
387884.0,0.025
387892.0,0.035
387896.0,0.125
387916.0,0.245
387920.0,0.075
387927.0,0.225
387928.0,0.08
387929.0,0.09
387932.0,0.11
387934.0,0.135
387937.0,0.07
387942.0,0.13
387947.0,0.195
387948.0,0.045
387952.0,0.23
387953.0,0.095
387954.0,0.11
387955.0,0.245
387956.0,0.09
387957.0,0.325
387958.0,0.15
387960.0,0.035
387961.0,0.045
387962.0,0.1
387963.0,0.35
387964.0,0.18
387965.0,0.095
387966.0,0.135
387967.0,0.06
387968.0,0.16
387969.0,0.02
387970.0,0.125
387971.0,0.085
387972.0,0.095
387973.0,0.085
388053.0,0.38
388056.0,0.08
388057.0,0.125
388078.0,0.12
388079.0,0.045
388127.0,0.085
388155.0,0.255
388159.0,0.095
388169.0,0.14
388170.0,0.135
388173.0,0.06
388174.0,0.015
388176.0,0.125
388179.0,0.135
388182.0,0.09
388183.0,0.055
388187.0,0.135
388189.0,0.035
388191.0,0.02
388193.0,0.05
388194.0,0.105
388195.0,0.115
388196.0,0.075
388198.0,0.085
388199.0,0.165
388201.0,0.15
388202.0,0.16
388203.0,0.205
388204.0,0.13
388206.0,0.055
388208.0,0.08
388209.0,0.06
388210.0,0.04
388211.0,0.095
388212.0,0.07
388213.0,0.06
388214.0,0.015
388215.0,0.16
388216.0,0.14
388217.0,0.12
388218.0,0.165
388219.0,0.035
388220.0,0.255
388221.0,0.14
388222.0,0.185
388223.0,0.05
388237.0,0.145
388238.0,0.065
388242.0,0.055
388243.0,0.08
388248.0,0.115
388249.0,0.145
388251.0,0.175
388253.0,0.2
388255.0,0.165
388256.0,0.145
388258.0,0.09
388259.0,0.09
388260.0,0.18
388262.0,0.415
388263.0,0.155
388264.0,0.06
388265.0,0.18
388266.0,0.07
388267.0,0.24
388269.0,0.525
388270.0,0.08
388271.0,0.06
388272.0,0.065
388273.0,0.09
388274.0,0.225
388275.0,0.355
388276.0,0.045
388397.0,0.3
388428.0,0.235
388429.0,0.05
388448.0,0.04
388449.0,0.05
388460.0,0.275
388463.0,0.085
388465.0,0.29
388505.0,0.25
388508.0,0.18
388511.0,0.05
388525.0,0.155
388554.0,0.05
388561.0,0.45
388566.0,0.115
388572.0,0.055
388574.0,0.085
388585.0,0.02
388589.0,0.035
388590.0,0.16
388594.0,0.09
388596.0,0.11
388616.0,0.19
388621.0,0.11
388622.0,0.295
388627.0,0.105
388633.0,0.06
388639.0,0.03
388647.0,0.08
388655.0,0.14
388665.0,0.16
388667.0,0.14
388668.0,0.04
388669.0,0.21
388679.0,0.115
388683.0,0.105
388687.0,0.05
388688.0,0.095
388700.0,0.15
388703.0,0.16
388704.0,0.145
388705.0,0.21
388707.0,0.02
388712.0,0.045
388729.0,0.03
388733.0,0.015
388748.0,0.065
388754.0,0.07
388763.0,0.19
388777.0,0.095
388790.0,0.065
388800.0,0.315
388801.0,0.03
388812.0,0.095
388816.0,0.36
388835.0,0.16
388837.0,0.085
388842.0,0.015
388847.0,0.09
388848.0,0.08
388849.0,0.19
388850.0,0.2
388859.0,0.13
388864.0,0.075
388865.0,0.26
388870.0,0.16
388872.0,0.18
388873.0,0.2
388879.0,0.015
388890.0,0.285
388898.0,0.05
388899.0,0.075
388900.0,0.055
388913.0,0.42
388919.0,0.085
388921.0,0.15
388929.0,0.045
388945.0,0.075
388962.0,0.215
388963.0,0.025
388985.0,0.07
388986.0,0.05
388992.0,0.245
388993.0,0.075
389002.0,0.05
389006.0,0.02
389009.0,0.105
389018.0,0.16
389048.0,0.215
389051.0,0.105
389068.0,0.125
389069.0,0.18
389070.0,0.105
389080.0,0.11
389085.0,0.045
389090.0,0.09
389094.0,0.13
389097.0,0.23
389098.0,0.1
389101.0,0.075
389104.0,0.065
389131.0,0.36
389133.0,0.135
389134.0,0.01
389143.0,0.08
389176.0,0.23
389181.0,0.025
389192.0,0.01
389202.0,0.045
389222.0,0.11
389225.0,0.165
389227.0,0.1
389239.0,0.11
389245.0,0.245
389248.0,0.04
389258.0,0.145
389266.0,0.17
389268.0,0.095
389277.0,0.145
389280.0,0.15
389300.0,0.07
389319.0,0.18
389330.0,0.075
389338.0,0.055
389356.0,0.17
389363.0,0.065
389371.0,0.11
389377.0,0.215
389398.0,0.04
389409.0,0.065
389415.0,0.085
389418.0,0.125
389420.0,0.13
389426.0,0.255
389433.0,0.18
389434.0,0.06
389440.0,0.145
389441.0,0.055
389443.0,0.31
389448.0,0.165
389464.0,0.08
389466.0,0.035
389471.0,0.2
389473.0,0.06
389480.0,0.1
389481.0,0.055
389483.0,0.135
389486.0,0.025
389490.0,0.19
389500.0,0.06
389507.0,0.5
389509.0,0.03
389515.0,0.31
389517.0,0.025
389523.0,0.065
389527.0,0.01
389529.0,0.265
389532.0,0.095
389539.0,0.09
389550.0,0.125
389551.0,0.1
389552.0,0.155
389554.0,0.3
389563.0,0.245
389566.0,0.115
389572.0,0.05
389573.0,0.075
389585.0,0.17
389587.0,0.1
389589.0,0.115
389592.0,0.045
389601.0,0.315
389603.0,0.025
389604.0,0.155
389617.0,0.125
389618.0,0.205
389619.0,0.12
389622.0,0.12
389623.0,0.2
389627.0,0.105
389644.0,0.32
389667.0,0.05
389678.0,0.33
389694.0,0.025
389700.0,0.16
389707.0,0.0
389714.0,0.03
389717.0,0.12
389732.0,0.04
389737.0,0.14
389741.0,0.11
389755.0,0.155
389756.0,0.16
389763.0,0.18
389772.0,0.26
389777.0,0.055
389778.0,0.085
389796.0,0.11
389798.0,0.04
389805.0,0.11
389807.0,0.08
389815.0,0.11
389818.0,0.1
389823.0,0.105
389824.0,0.065
389831.0,0.025
389856.0,0.295
389860.0,0.045
389862.0,0.115
389872.0,0.215
389875.0,0.095
389878.0,0.175
389879.0,0.105
389881.0,0.09
389895.0,0.11
389897.0,0.075
389898.0,0.035
389924.0,0.2
389929.0,0.04
389934.0,0.39
389947.0,0.12
389962.0,0.17
389981.0,0.02
390003.0,0.115
390006.0,0.11
390011.0,0.05
390041.0,0.07
390044.0,0.22
390045.0,0.13
390047.0,0.13
390048.0,0.2
390052.0,0.17
390056.0,0.14
390061.0,0.095
390065.0,0.11
390070.0,0.205
390073.0,0.285
390076.0,0.04
390087.0,0.08
390092.0,0.105
390095.0,0.1
390099.0,0.215
390107.0,0.14
390116.0,0.035
390130.0,0.055
390133.0,0.265
390144.0,0.125
390155.0,0.13
390159.0,0.125
390181.0,0.07
390183.0,0.025
390214.0,0.11
390222.0,0.195
390230.0,0.075
390235.0,0.07
390237.0,0.08
390242.0,0.52
390256.0,0.035
390259.0,0.265
390261.0,0.135
390268.0,0.14
390271.0,0.135
390274.0,0.12
390276.0,0.08
390279.0,0.085
390283.0,0.27
390285.0,0.07
390299.0,0.045
390316.0,0.03
390321.0,0.085
390330.0,0.1
390343.0,0.135
390346.0,0.35
390357.0,0.14
390359.0,0.195
390361.0,0.14
390365.0,0.085
390366.0,0.145
390372.0,0.155
390376.0,0.12
390378.0,0.3
390388.0,0.065
390391.0,0.06
390400.0,0.215
390407.0,0.22
390411.0,0.075
390419.0,0.055
390423.0,0.06
390437.0,0.05
390445.0,0.035
390449.0,0.035
390455.0,0.195
390465.0,0.115
390491.0,0.045
390492.0,0.19
390494.0,0.155
390495.0,0.095
390497.0,0.045
390504.0,0.165
390508.0,0.13
390510.0,0.095
390512.0,0.095
390524.0,0.09
390531.0,0.11
390558.0,0.24
390561.0,0.125
390564.0,0.035
390569.0,0.115
390574.0,0.065
390575.0,0.095
390587.0,0.225
390620.0,0.26
390621.0,0.135
390633.0,0.17
390634.0,0.25
390638.0,0.24
390639.0,0.125
390642.0,0.025
390647.0,0.235
390648.0,0.14
390663.0,0.11
390686.0,0.085
390688.0,0.215
390690.0,0.14
390691.0,0.06
390696.0,0.175
390703.0,0.05
390711.0,0.13
390722.0,0.095
390736.0,0.35
390747.0,0.235
390752.0,0.115
390760.0,0.11
390774.0,0.055
390777.0,0.05
390781.0,0.085
390793.0,0.105
390838.0,0.105
390847.0,0.255
390851.0,0.2
390854.0,0.075
390858.0,0.145
390864.0,0.055
390871.0,0.11
390905.0,0.18
390908.0,0.17
390910.0,0.05
390917.0,0.08
390919.0,0.045
390920.0,0.07
390922.0,0.09
390928.0,0.095
390929.0,0.165
390953.0,0.12
390955.0,0.035
390959.0,0.05
390962.0,0.045
390971.0,0.3
390972.0,0.16
390990.0,0.065
390994.0,0.175
390997.0,0.175
391015.0,0.115
391034.0,0.04
391038.0,0.205
391043.0,0.29
391048.0,0.075
391049.0,0.085
391056.0,0.18
391060.0,0.13
391072.0,0.16
391073.0,0.07
391077.0,0.105
391086.0,0.065
391092.0,0.07
391096.0,0.065
391118.0,0.08
391123.0,0.145
391136.0,0.105
391137.0,0.05
391145.0,0.08
391162.0,0.05
391164.0,0.245
391168.0,0.165
391172.0,0.075
391184.0,0.21
391188.0,0.195
391198.0,0.15
391207.0,0.08
391208.0,0.08
391209.0,0.29
391230.0,0.135
391232.0,0.115
391236.0,0.085
391237.0,0.265
391245.0,0.065
391269.0,0.12
391274.0,0.065
391275.0,0.235
391276.0,0.145
391279.0,0.155
391285.0,0.015
391306.0,0.07
391310.0,0.11
391321.0,0.075
391327.0,0.04
391341.0,0.21
391350.0,0.07
391353.0,0.045
391354.0,0.04
391357.0,0.1
391367.0,0.295
391371.0,0.15
391384.0,0.33
391387.0,0.075
391388.0,0.085
391392.0,0.03
391408.0,0.035
391433.0,0.11
391439.0,0.105
391443.0,0.19
391445.0,0.145
391449.0,0.2
391450.0,0.105
391461.0,0.245
391469.0,0.055
391486.0,0.03
391487.0,0.165
391500.0,0.135
391501.0,0.075
391505.0,0.04
391516.0,0.155
391517.0,0.13
391522.0,0.09
391539.0,0.175
391543.0,0.18
391546.0,0.115
391552.0,0.29
391555.0,0.125
391564.0,0.035
391565.0,0.07
391570.0,0.045
391586.0,0.125
391587.0,0.115
391588.0,0.04
391590.0,0.085
391613.0,0.275
391614.0,0.13
391617.0,0.015
391623.0,0.15
391635.0,0.115
391653.0,0.06
391661.0,0.105
391670.0,0.055
391682.0,0.035
391713.0,0.045
391717.0,0.2
391726.0,0.255
391738.0,0.1
391740.0,0.095
391741.0,0.055
391742.0,0.065
391756.0,0.04
391765.0,0.205
391766.0,0.105
391768.0,0.07
391771.0,0.075
391784.0,0.11
391786.0,0.29
391791.0,0.1
391798.0,0.045
391820.0,0.39
391831.0,0.095
391842.0,0.085
391843.0,0.06
391853.0,0.04
391858.0,0.255
391866.0,0.26
391867.0,0.08
391870.0,0.1
391879.0,0.145
391903.0,0.12
391915.0,0.16
391920.0,0.01
391929.0,0.125
391935.0,0.03
391944.0,0.035
391945.0,0.175
391947.0,0.14
391957.0,0.105
391960.0,0.2
391966.0,0.105
391977.0,0.04
391983.0,0.13
391990.0,0.16
391999.0,0.095
392010.0,0.015
392011.0,0.025
392012.0,0.095
392013.0,0.065
392015.0,0.05
392027.0,0.18
392029.0,0.13
392031.0,0.09
392035.0,0.04
392042.0,0.045
392049.0,0.085
392050.0,0.115
392062.0,0.09
392068.0,0.11
392071.0,0.04
392079.0,0.14
392087.0,0.05
392106.0,0.29
392111.0,0.07
392123.0,0.22
392127.0,0.18
392132.0,0.145
392149.0,0.255
392151.0,0.07
392175.0,0.33
392186.0,0.17
392190.0,0.17
392196.0,0.265
392202.0,0.135
392212.0,0.16
392221.0,0.14
392224.0,0.18
392230.0,0.06
392232.0,0.135
392234.0,0.23
392239.0,0.16
392240.0,0.27
392241.0,0.035
392243.0,0.35
392250.0,0.045
392253.0,0.06
392258.0,0.09
392260.0,0.025
392270.0,0.35
392280.0,0.13
392283.0,0.03
392293.0,0.06
392311.0,0.345
392316.0,0.065
392317.0,0.18
392319.0,0.15
392328.0,0.08
392363.0,0.095
392369.0,0.07
392371.0,0.125
392372.0,0.085
392386.0,0.07
392389.0,0.405
392390.0,0.185
392391.0,0.24
392398.0,0.15
392399.0,0.12
392404.0,0.175
392405.0,0.025
392408.0,0.315
392422.0,0.065
392423.0,0.07
392424.0,0.215
392429.0,0.085
392430.0,0.25
392431.0,0.13
392437.0,0.07
392450.0,0.16
392458.0,0.1
392460.0,0.14
392469.0,0.18
392474.0,0.1
392491.0,0.225
392495.0,0.06
392513.0,0.28
392526.0,0.16
392527.0,0.17
392534.0,0.095
392540.0,0.18
392554.0,0.18
392571.0,0.12
392578.0,0.125
392583.0,0.065
392588.0,0.205
392594.0,0.1
392604.0,0.07
392610.0,0.19
392613.0,0.12
392619.0,0.1
392622.0,0.185
392624.0,0.025
392629.0,0.345
392634.0,0.14
392639.0,0.065
392649.0,0.125
392671.0,0.105
392680.0,0.195
392682.0,0.035
392684.0,0.16
392685.0,0.14
392686.0,0.235
392699.0,0.025
392704.0,0.085
392709.0,0.085
392714.0,0.29
392717.0,0.085
392727.0,0.09
392730.0,0.045
392741.0,0.055
392754.0,0.03
392762.0,0.1
392774.0,0.105
392775.0,0.095
392793.0,0.1
392800.0,0.15
392809.0,0.105
392812.0,0.09
392814.0,0.1
392820.0,0.205
392825.0,0.005
392847.0,0.095
392849.0,0.21
392861.0,0.115
392868.0,0.275
392880.0,0.24
392882.0,0.1
392888.0,0.14
392905.0,0.045
392909.0,0.145
392915.0,0.205
392925.0,0.18
392931.0,0.085
392933.0,0.09
392935.0,0.155
392939.0,0.11
392951.0,0.06
392960.0,0.09
392962.0,0.13
392964.0,0.08
392970.0,0.035
392980.0,0.115
392981.0,0.145
392985.0,0.055
392990.0,0.1
392992.0,0.28
392998.0,0.06
392999.0,0.12
393007.0,0.07
393009.0,0.095
393012.0,0.17
393014.0,0.08
393015.0,0.205
393035.0,0.105
393055.0,0.065
393056.0,0.135
393075.0,0.07
393078.0,0.06
393094.0,0.07
393111.0,0.075
393115.0,0.07
393117.0,0.19
393118.0,0.05
393128.0,0.18
393129.0,0.065
393136.0,0.085
393138.0,0.075
393139.0,0.32
393156.0,0.04
393159.0,0.39
393168.0,0.075
393172.0,0.095
393177.0,0.13
393189.0,0.02
393194.0,0.17
393201.0,0.06
393202.0,0.035
393209.0,0.04
393216.0,0.255
393218.0,0.26
393224.0,0.06
393227.0,0.115
393232.0,0.16
393256.0,0.14
393257.0,0.06
393258.0,0.285
393267.0,0.03
393269.0,0.105
393275.0,0.165
393278.0,0.055
393279.0,0.26
393312.0,0.08
393318.0,0.115
393343.0,0.1
393351.0,0.225
393356.0,0.05
393361.0,0.115
393370.0,0.23
393381.0,0.085
393395.0,0.105
393405.0,0.045
393416.0,0.16
393419.0,0.075
393430.0,0.13
393443.0,0.175
393454.0,0.21
393478.0,0.035
393489.0,0.01
393499.0,0.15
393503.0,0.05
393505.0,0.135
393507.0,0.06
393526.0,0.07
393537.0,0.05
393543.0,0.07
393555.0,0.13
393562.0,0.09
393573.0,0.255
393587.0,0.275
393591.0,0.07
393606.0,0.08
393621.0,0.185
393624.0,0.04
393625.0,0.205
393628.0,0.075
393633.0,0.11
393641.0,0.15
393642.0,0.13
393650.0,0.165
393658.0,0.16
393669.0,0.04
393671.0,0.2
393672.0,0.105
393680.0,0.115
393683.0,0.29
393684.0,0.085
393691.0,0.065
393696.0,0.095
393699.0,0.055
393708.0,0.03
393709.0,0.255
393711.0,0.145
393720.0,0.285
393738.0,0.02
393740.0,0.11
393762.0,0.06
393774.0,0.055
393776.0,0.055
393778.0,0.1
393793.0,0.125
393804.0,0.105
393818.0,0.245
393821.0,0.095
393822.0,0.05
393833.0,0.22
393839.0,0.125
393840.0,0.28
393843.0,0.07
393852.0,0.045
393855.0,0.035
393860.0,0.225
393864.0,0.19
393877.0,0.24
393882.0,0.16
393884.0,0.15
393886.0,0.1
393892.0,0.075
393894.0,0.065
393902.0,0.1
393909.0,0.305
393910.0,0.045
393911.0,0.03
393934.0,0.045
393936.0,0.16
393939.0,0.165
393940.0,0.02
393943.0,0.12
393946.0,0.2
393950.0,0.035
393953.0,0.12
393959.0,0.31
393974.0,0.17
393980.0,0.22
393983.0,0.04
393985.0,0.125
393992.0,0.05
393995.0,0.09
394008.0,0.115
394010.0,0.09
394022.0,0.07
394062.0,0.04
394063.0,0.05
394066.0,0.085
394069.0,0.185
394071.0,0.095
394082.0,0.08
394087.0,0.09
394095.0,0.065
394097.0,0.23
394106.0,0.11
394113.0,0.33
394115.0,0.315
394125.0,0.015
394131.0,0.06
394132.0,0.14
394141.0,0.185
394145.0,0.145
394153.0,0.315
394159.0,0.11
394180.0,0.085
394186.0,0.115
394200.0,0.135
394203.0,0.05
394210.0,0.06
394214.0,0.195
394218.0,0.21
394231.0,0.2
394240.0,0.19
394248.0,0.275
394249.0,0.045
394254.0,0.175
394264.0,0.105
394267.0,0.2
394269.0,0.165
394275.0,0.12
394289.0,0.015
394295.0,0.1
394305.0,0.235
394308.0,0.11
394317.0,0.02
394323.0,0.25
394332.0,0.05
394336.0,0.075
394345.0,0.335
394346.0,0.13
394347.0,0.09
394351.0,0.2
394355.0,0.2
394360.0,0.04
394372.0,0.125
394373.0,0.18
394374.0,0.04
394382.0,0.2
394385.0,0.15
394409.0,0.245
394415.0,0.04
394433.0,0.12
394445.0,0.1
394448.0,0.18
394451.0,0.27
394467.0,0.1
394471.0,0.11
394473.0,0.265
394474.0,0.08
394476.0,0.17
394492.0,0.03
394502.0,0.09
394506.0,0.11
394510.0,0.06
394515.0,0.095
394535.0,0.205
394537.0,0.24
394539.0,0.08
394541.0,0.085
394564.0,0.22
394567.0,0.075
394568.0,0.115
394571.0,0.2
394576.0,0.035
394579.0,0.16
394585.0,0.025
394588.0,0.005
394606.0,0.075
394623.0,0.055
394632.0,0.1
394635.0,0.15
394642.0,0.095
394653.0,0.045
394689.0,0.07
394695.0,0.07
394699.0,0.095
394706.0,0.19
394712.0,0.22
394721.0,0.34
394722.0,0.19
394739.0,0.065
394742.0,0.305
394761.0,0.195
394775.0,0.135
394777.0,0.185
394783.0,0.135
394800.0,0.12
394803.0,0.04
394804.0,0.175
394815.0,0.055
394835.0,0.255
394843.0,0.425
394845.0,0.195
394847.0,0.055
394848.0,0.17
394850.0,0.06
394857.0,0.145
394873.0,0.21
394892.0,0.075
394898.0,0.12
394904.0,0.1
394918.0,0.35
394920.0,0.195
394926.0,0.025
394927.0,0.105
394940.0,0.07
394942.0,0.01
394943.0,0.205
394959.0,0.2
394977.0,0.16
394991.0,0.18
395014.0,0.24
395027.0,0.035
395042.0,0.235
395062.0,0.18
395063.0,0.335
395064.0,0.085
395076.0,0.115
395085.0,0.15
395095.0,0.04
395100.0,0.07
395105.0,0.145
395108.0,0.105
395110.0,0.3
395114.0,0.285
395123.0,0.105
395131.0,0.24
395144.0,0.235
395152.0,0.19
395159.0,0.17
395166.0,0.045
395197.0,0.055
395210.0,0.115
395212.0,0.12
395216.0,0.2
395218.0,0.155
395224.0,0.025
395225.0,0.17
395233.0,0.145
395237.0,0.095
395246.0,0.13
395248.0,0.43
395262.0,0.08
395271.0,0.06
395275.0,0.035
395286.0,0.115
395316.0,0.195
395318.0,0.4
395328.0,0.25
395334.0,0.075
395337.0,0.185
395338.0,0.095
395346.0,0.215
395365.0,0.09
395373.0,0.28
395383.0,0.47
395387.0,0.06
395391.0,0.06
395401.0,0.165
395432.0,0.035
395443.0,0.02
395447.0,0.06
395448.0,0.175
395450.0,0.075
395456.0,0.04
395459.0,0.195
395462.0,0.13
395488.0,0.17
395492.0,0.07
395495.0,0.145
395504.0,0.13
395507.0,0.105
395508.0,0.1
395509.0,0.05
395513.0,0.25
395515.0,0.12
395517.0,0.195
395520.0,0.25
395524.0,0.095
395525.0,0.08
395533.0,0.035
395538.0,0.055
395545.0,0.055
395553.0,0.12
395576.0,0.195
395585.0,0.115
395590.0,0.17
395593.0,0.06
395595.0,0.08
395603.0,0.145
395604.0,0.16
395611.0,0.285
395612.0,0.065
395617.0,0.02
395624.0,0.055
395653.0,0.17
395665.0,0.035
395668.0,0.075
395672.0,0.195
395677.0,0.1
395692.0,0.03
395693.0,0.225
395694.0,0.085
395696.0,0.095
395699.0,0.07
395703.0,0.06
395712.0,0.065
395731.0,0.085
395732.0,0.06
395735.0,0.115
395736.0,0.085
395744.0,0.235
395763.0,0.05
395771.0,0.035
395774.0,0.055
395784.0,0.095
395790.0,0.07
395792.0,0.465
395796.0,0.17
395808.0,0.115
395810.0,0.13
395814.0,0.31
395831.0,0.13
395836.0,0.075
395837.0,0.04
395852.0,0.1
395854.0,0.03
395856.0,0.105
395857.0,0.065
395860.0,0.03
395862.0,0.04
395875.0,0.105
395880.0,0.015
395893.0,0.285
395900.0,0.06
395908.0,0.045
395921.0,0.34
395922.0,0.03
395926.0,0.195
395933.0,0.035
395936.0,0.055
395940.0,0.055
395951.0,0.29
395964.0,0.05
395969.0,0.04
395971.0,0.29
395973.0,0.045
395975.0,0.15
395984.0,0.445
395993.0,0.075
396012.0,0.21
396033.0,0.31
396035.0,0.19
396036.0,0.12
396041.0,0.135
396048.0,0.065
396049.0,0.18
396057.0,0.09
396060.0,0.15
396063.0,0.075
396078.0,0.17
396085.0,0.19
396087.0,0.14
396094.0,0.09
396104.0,0.045
396110.0,0.14
396123.0,0.3
396139.0,0.045
396160.0,0.02
396165.0,0.065
396169.0,0.165
396182.0,0.035
396200.0,0.3
396201.0,0.025
396202.0,0.055
396216.0,0.195
396227.0,0.11
396236.0,0.04
396240.0,0.25
396249.0,0.025
396252.0,0.05
396253.0,0.175
396276.0,0.065
396297.0,0.05
396301.0,0.055
396310.0,0.015
396327.0,0.075
396330.0,0.055
396331.0,0.12
396334.0,0.025
396337.0,0.11
396343.0,0.105
396346.0,0.025
396350.0,0.265
396368.0,0.065
396375.0,0.24
396378.0,0.095
396380.0,0.16
396393.0,0.05
396397.0,0.115
396403.0,0.07
396404.0,0.285
396408.0,0.075
396414.0,0.15
396418.0,0.285
396420.0,0.045
396426.0,0.175
396428.0,0.095
396434.0,0.23
396435.0,0.135
396437.0,0.04
396442.0,0.12
396444.0,0.05
396449.0,0.035
396453.0,0.25
396464.0,0.065
396474.0,0.09
396483.0,0.075
396496.0,0.15
396501.0,0.175
396505.0,0.065
396506.0,0.025
396512.0,0.025
396513.0,0.24
396518.0,0.12
396530.0,0.1
396542.0,0.18
396549.0,0.04
396553.0,0.03
396555.0,0.28
396557.0,0.085
396562.0,0.27
396566.0,0.065
396588.0,0.295
396589.0,0.135
396590.0,0.2
396597.0,0.055
396602.0,0.02
396609.0,0.23
396614.0,0.205
396617.0,0.235
396620.0,0.14
396625.0,0.555
396638.0,0.115
396640.0,0.22
396646.0,0.13
396648.0,0.04
396653.0,0.155
396663.0,0.195
396668.0,0.09
396670.0,0.21
396678.0,0.085
396681.0,0.175
396698.0,0.02
396699.0,0.235
396710.0,0.105
396713.0,0.245
396729.0,0.07
396732.0,0.09
396735.0,0.15
396752.0,0.21
396754.0,0.105
396761.0,0.015
396769.0,0.15
396777.0,0.06
396789.0,0.245
396790.0,0.035
396792.0,0.07
396824.0,0.1
396829.0,0.065
396830.0,0.1
396844.0,0.105
396849.0,0.1
396855.0,0.34
396864.0,0.165
396865.0,0.16
396866.0,0.1
396883.0,0.08
396889.0,0.175
396893.0,0.07
396900.0,0.165
396904.0,0.245
396912.0,0.05
396916.0,0.04
396922.0,0.035
396926.0,0.02
396928.0,0.16
396931.0,0.16
396944.0,0.08
396949.0,0.15
396952.0,0.22
396979.0,0.315
396984.0,0.05
396986.0,0.035
396992.0,0.035
396995.0,0.445
397014.0,0.095
397025.0,0.06
397046.0,0.245
397047.0,0.08
397051.0,0.055
397052.0,0.15
397058.0,0.13
397071.0,0.03
397081.0,0.075
397084.0,0.045
397086.0,0.245
397088.0,0.12
397090.0,0.18
397093.0,0.13
397106.0,0.05
397109.0,0.31
397110.0,0.115
397118.0,0.055
397119.0,0.15
397120.0,0.08
397127.0,0.08
397128.0,0.095
397129.0,0.22
397132.0,0.08
397138.0,0.03
397139.0,0.205
397146.0,0.145
397148.0,0.24
397149.0,0.36
397166.0,0.055
397167.0,0.21
397168.0,0.095
397171.0,0.07
397178.0,0.095
397185.0,0.06
397191.0,0.07
397195.0,0.145
397197.0,0.305
397198.0,0.06
397211.0,0.09
397213.0,0.085
397216.0,0.045
397219.0,0.28
397226.0,0.11
397241.0,0.11
397249.0,0.27
397261.0,0.09
397265.0,0.035
397281.0,0.075
397304.0,0.065
397306.0,0.06
397325.0,0.21
397327.0,0.07
397345.0,0.375
397360.0,0.045
397378.0,0.015
397383.0,0.09
397384.0,0.095
397399.0,0.175
397415.0,0.095
397433.0,0.02
397444.0,0.35
397452.0,0.31
397458.0,0.045
397460.0,0.055
397462.0,0.065
397464.0,0.08
397466.0,0.47
397472.0,0.06
397474.0,0.09
397476.0,0.26
397482.0,0.215
397492.0,0.325
397494.0,0.025
397501.0,0.23
397507.0,0.36
397512.0,0.16
397513.0,0.08
397517.0,0.015
397533.0,0.16
397549.0,0.3
397560.0,0.08
397562.0,0.06
397570.0,0.205
397575.0,0.1
397584.0,0.075
397585.0,0.025
397593.0,0.055
397609.0,0.125
397615.0,0.06
397630.0,0.145
397631.0,0.055
397633.0,0.19
397641.0,0.085
397664.0,0.08
397668.0,0.065
397674.0,0.08
397679.0,0.125
397681.0,0.19
397694.0,0.02
397695.0,0.145
397707.0,0.295
397713.0,0.055
397714.0,0.16
397715.0,0.005
397724.0,0.05
397726.0,0.365
397729.0,0.09
397739.0,0.06
397741.0,0.03
397759.0,0.18
397761.0,0.045
397767.0,0.205
397776.0,0.195
397782.0,0.415
397785.0,0.075
397789.0,0.035
397793.0,0.145
397794.0,0.28
397804.0,0.1
397815.0,0.065
397816.0,0.145
397825.0,0.15
397857.0,0.175
397861.0,0.095
397890.0,0.095
397891.0,0.215
397900.0,0.095
397903.0,0.11
397911.0,0.04
397925.0,0.155
397928.0,0.175
397954.0,0.06
397955.0,0.015
397962.0,0.14
397971.0,0.145
397975.0,0.125
397984.0,0.25
397989.0,0.01
397993.0,0.11
398004.0,0.04
398032.0,0.29
398038.0,0.075
398043.0,0.09
398046.0,0.08
398051.0,0.35
398061.0,0.045
398082.0,0.08
398086.0,0.07
398087.0,0.215
398088.0,0.115
398093.0,0.065
398103.0,0.07
398106.0,0.11
398109.0,0.185
398110.0,0.065
398113.0,0.08
398116.0,0.13
398132.0,0.06
398135.0,0.15
398138.0,0.065
398159.0,0.145
398163.0,0.17
398165.0,0.2
398166.0,0.105
398173.0,0.075
398179.0,0.195
398181.0,0.095
398189.0,0.02
398196.0,0.105
398206.0,0.165
398208.0,0.165
398220.0,0.08
398231.0,0.07
398234.0,0.3
398239.0,0.075
398254.0,0.095
398260.0,0.085
398261.0,0.07
398269.0,0.3
398274.0,0.13
398279.0,0.045
398280.0,0.135
398292.0,0.17
398293.0,0.11
398295.0,0.115
398329.0,0.05
398337.0,0.055
398344.0,0.055
398347.0,0.12
398348.0,0.43
398352.0,0.09
398355.0,0.16
398360.0,0.255
398363.0,0.095
398368.0,0.11
398373.0,0.26
398377.0,0.11
398384.0,0.07
398389.0,0.075
398394.0,0.23
398397.0,0.05
398400.0,0.135
398409.0,0.11
398429.0,0.105
398432.0,0.105
398444.0,0.29
398446.0,0.23
398456.0,0.09
398461.0,0.04
398473.0,0.085
398480.0,0.05
398481.0,0.13
398485.0,0.165
398488.0,0.235
398500.0,0.195
398520.0,0.18
398524.0,0.06
398534.0,0.095
398554.0,0.025
398572.0,0.13
398580.0,0.165
398586.0,0.06
398592.0,0.2
398606.0,0.165
398619.0,0.1
398621.0,0.145
398625.0,0.14
398645.0,0.085
398652.0,0.315
398656.0,0.02
398661.0,0.14
398667.0,0.11
398669.0,0.165
398676.0,0.1
398690.0,0.08
398699.0,0.12
398715.0,0.08
398718.0,0.02
398721.0,0.02
398729.0,0.1
398737.0,0.1
398738.0,0.015
398752.0,0.15
398757.0,0.245
398759.0,0.03
398764.0,0.14
398771.0,0.115
398773.0,0.035
398775.0,0.12
398779.0,0.29
398791.0,0.075
398807.0,0.21
398811.0,0.06
398814.0,0.24
398817.0,0.025
398829.0,0.06
398830.0,0.005
398838.0,0.095
398839.0,0.225
398841.0,0.07
398850.0,0.04
398852.0,0.095
398858.0,0.085
398859.0,0.145
398862.0,0.165
398870.0,0.19
398875.0,0.19
398902.0,0.03
398910.0,0.03
398919.0,0.305
398929.0,0.23
398935.0,0.485
398940.0,0.075
398953.0,0.135
398956.0,0.08
398963.0,0.035
398966.0,0.115
398967.0,0.115
398968.0,0.13
398974.0,0.095
398976.0,0.085
398982.0,0.095
398993.0,0.07
399011.0,0.165
399016.0,0.105
399017.0,0.175
399020.0,0.105
399047.0,0.265
399053.0,0.265
399056.0,0.03
399061.0,0.065
399066.0,0.31
399074.0,0.135
399086.0,0.11
399088.0,0.155
399091.0,0.235
399092.0,0.105
399093.0,0.11
399100.0,0.06
399124.0,0.07
399131.0,0.235
399142.0,0.08
399149.0,0.07
399158.0,0.245
399160.0,0.055
399167.0,0.025
399169.0,0.125
399171.0,0.045
399174.0,0.1
399178.0,0.2
399179.0,0.375
399184.0,0.105
399185.0,0.02
399186.0,0.22
399191.0,0.07
399192.0,0.04
399195.0,0.365
399212.0,0.165
399221.0,0.165
399223.0,0.315
399230.0,0.15
399246.0,0.11
399260.0,0.085
399261.0,0.165
399266.0,0.07
399289.0,0.08
399293.0,0.125
399299.0,0.06
399306.0,0.02
399321.0,0.1
399328.0,0.09
399344.0,0.03
399352.0,0.225
399358.0,0.075
399374.0,0.2
399382.0,0.43
399385.0,0.085
399388.0,0.075
399399.0,0.035
399410.0,0.025
399417.0,0.01
399423.0,0.065
399427.0,0.065
399429.0,0.125
399435.0,0.03
399439.0,0.05
399451.0,0.04
399454.0,0.065
399458.0,0.2
399468.0,0.085
399477.0,0.165
399483.0,0.245
399493.0,0.04
399494.0,0.17
399499.0,0.125
399503.0,0.095
399510.0,0.09
399511.0,0.03
399525.0,0.055
399528.0,0.12
399533.0,0.29
399538.0,0.185
399551.0,0.115
399568.0,0.285
399571.0,0.085
399585.0,0.045
399589.0,0.055
399595.0,0.095
399598.0,0.025
399605.0,0.11
399616.0,0.095
399617.0,0.025
399622.0,0.055
399627.0,0.285
399635.0,0.115
399639.0,0.295
399641.0,0.43
399643.0,0.105
399659.0,0.02
399667.0,0.1
399683.0,0.13
399702.0,0.18
399706.0,0.225
399720.0,0.085
399727.0,0.05
399730.0,0.23
399734.0,0.07
399751.0,0.085
399754.0,0.2
399759.0,0.115
399768.0,0.14
399770.0,0.28
399781.0,0.115
399786.0,0.21
399799.0,0.045
399811.0,0.035
399813.0,0.09
399820.0,0.1
399832.0,0.125
399851.0,0.135
399853.0,0.065
399855.0,0.07
399860.0,0.065
399876.0,0.275
399877.0,0.075
399881.0,0.05
399882.0,0.075
399903.0,0.07
399906.0,0.065
399912.0,0.33
399915.0,0.18
399921.0,0.025
399935.0,0.215
399936.0,0.12
399938.0,0.09
399939.0,0.07
399940.0,0.075
399949.0,0.16
399953.0,0.015
399959.0,0.235
399968.0,0.055
399969.0,0.075
399972.0,0.16
399974.0,0.055
399976.0,0.09
399979.0,0.08
399988.0,0.14
399994.0,0.3
399996.0,0.15
399997.0,0.1
400000.0,0.05
400004.0,0.045
400011.0,0.14
400014.0,0.315
400015.0,0.06
400017.0,0.09
400046.0,0.085
400063.0,0.14
400065.0,0.085
400069.0,0.025
400075.0,0.025
400088.0,0.06
400091.0,0.03
400105.0,0.06
400108.0,0.165
400113.0,0.06
400119.0,0.09
400123.0,0.135
400127.0,0.085
400136.0,0.065
400137.0,0.19
400138.0,0.29
400158.0,0.2
400172.0,0.12
400174.0,0.05
400224.0,0.07
400229.0,0.155
400236.0,0.385
400240.0,0.02
400249.0,0.065
400258.0,0.25
400268.0,0.145
400272.0,0.055
400284.0,0.07
400292.0,0.02
400295.0,0.1
400308.0,0.17
400314.0,0.07
400315.0,0.06
400331.0,0.335
400332.0,0.08
400339.0,0.03
400342.0,0.095
400361.0,0.115
400363.0,0.19
400365.0,0.05
400374.0,0.15
400379.0,0.04
400382.0,0.03
400416.0,0.17
400422.0,0.095
400436.0,0.115
400460.0,0.07
400462.0,0.195
400468.0,0.185
400482.0,0.075
400489.0,0.14
400490.0,0.22
400501.0,0.05
400519.0,0.075
400525.0,0.51
400526.0,0.05
400529.0,0.245
400540.0,0.075
400543.0,0.135
400545.0,0.085
400556.0,0.15
400572.0,0.12
400584.0,0.045
400589.0,0.095
400593.0,0.385
400597.0,0.13
400616.0,0.12
400642.0,0.16
400643.0,0.105
400649.0,0.04
400672.0,0.255
400685.0,0.04
400693.0,0.18
400695.0,0.125
400701.0,0.06
400720.0,0.115
400741.0,0.085
400745.0,0.085
400750.0,0.075
400779.0,0.325
400784.0,0.065
400792.0,0.16
400800.0,0.095
400811.0,0.065
400813.0,0.295
400820.0,0.06
400830.0,0.04
400833.0,0.045
400834.0,0.125
400841.0,0.085
400855.0,0.275
400856.0,0.16
400860.0,0.02
400866.0,0.105
400869.0,0.125
400870.0,0.165
400880.0,0.025
400882.0,0.025
400915.0,0.145
400921.0,0.175
400923.0,0.16
400925.0,0.065
400936.0,0.15
400943.0,0.325
400962.0,0.03
400963.0,0.115
400967.0,0.085
400970.0,0.115
400975.0,0.025
400981.0,0.13
400983.0,0.32
400987.0,0.02
400988.0,0.04
400994.0,0.13
400998.0,0.19
401002.0,0.07
401003.0,0.245
401005.0,0.04
401007.0,0.1
401022.0,0.32
401029.0,0.35
401035.0,0.05
401036.0,0.21
401040.0,0.045
401045.0,0.04
401053.0,0.04
401065.0,0.08
401067.0,0.2
401069.0,0.065
401073.0,0.315
401074.0,0.17
401078.0,0.09
401082.0,0.205
401086.0,0.135
401092.0,0.165
401097.0,0.07
401098.0,0.045
401099.0,0.1
401100.0,0.16
401107.0,0.3
401119.0,0.21
401120.0,0.04
401137.0,0.125
401142.0,0.25
401162.0,0.07
401163.0,0.23
401172.0,0.11
401179.0,0.205
401182.0,0.05
401184.0,0.115
401190.0,0.045
401207.0,0.065
401210.0,0.025
401220.0,0.025
401225.0,0.065
401230.0,0.12
401240.0,0.1
401246.0,0.105
401256.0,0.18
401273.0,0.09
401274.0,0.165
401287.0,0.06
401292.0,0.12
401305.0,0.17
401310.0,0.025
401311.0,0.1
401321.0,0.02
401332.0,0.105
401338.0,0.025
401345.0,0.1
401368.0,0.125
401375.0,0.295
401378.0,0.05
401379.0,0.015
401395.0,0.1
401403.0,0.07
401406.0,0.055
401415.0,0.055
401424.0,0.135
401425.0,0.045
401428.0,0.225
401430.0,0.18
401436.0,0.1
401440.0,0.065
401443.0,0.025
401447.0,0.02
401448.0,0.03
401450.0,0.035
401459.0,0.055
401462.0,0.055
401470.0,0.345
401479.0,0.115
401481.0,0.01
401486.0,0.085
401496.0,0.095
401497.0,0.1
401502.0,0.04
401508.0,0.15
401513.0,0.15
401517.0,0.385
401519.0,0.215
401533.0,0.305
401536.0,0.285
401547.0,0.055
401581.0,0.165
401582.0,0.065
401586.0,0.12
401593.0,0.27
401603.0,0.085
401621.0,0.11
401625.0,0.195
401635.0,0.24
401646.0,0.085
401649.0,0.06
401660.0,0.14
401668.0,0.155
401686.0,0.02
401706.0,0.27
401712.0,0.17
401721.0,0.155
401725.0,0.18
401730.0,0.285
401741.0,0.035
401743.0,0.035
401748.0,0.095
401751.0,0.035
401770.0,0.105
401791.0,0.075
401792.0,0.105
401808.0,0.165
401816.0,0.06
401820.0,0.26
401821.0,0.085
401828.0,0.085
401830.0,0.22
401832.0,0.065
401839.0,0.135
401852.0,0.055
401868.0,0.035
401876.0,0.07
401879.0,0.24
401882.0,0.035
401894.0,0.125
401899.0,0.195
401901.0,0.17
401913.0,0.085
401919.0,0.05
401920.0,0.05
401923.0,0.08
401924.0,0.29
401932.0,0.23
401942.0,0.28
401949.0,0.15
401950.0,0.215
401951.0,0.105
401952.0,0.06
401971.0,0.32
401972.0,0.085
401973.0,0.08
401974.0,0.07
401983.0,0.155
401984.0,0.035
401988.0,0.025
401989.0,0.135
401990.0,0.04
402024.0,0.12
402029.0,0.07
402030.0,0.15
402041.0,0.125
402042.0,0.07
402043.0,0.085
402052.0,0.265
402053.0,0.03
402054.0,0.015
402057.0,0.09
402067.0,0.07
402068.0,0.05
402069.0,0.185
402070.0,0.19
402071.0,0.055
402073.0,0.055
402074.0,0.06
402075.0,0.125
402076.0,0.12
402077.0,0.045
402078.0,0.285
402079.0,0.175
402080.0,0.09
402081.0,0.02
402082.0,0.065
402089.0,0.19
402090.0,0.085
402091.0,0.18
402092.0,0.09
402094.0,0.06
402095.0,0.025
402096.0,0.09
402109.0,0.185
402151.0,0.18
402152.0,0.07
402153.0,0.075
402155.0,0.08
402201.0,0.065
402210.0,0.105
402212.0,0.095
402218.0,0.085
402227.0,0.175
402234.0,0.18
402236.0,0.045
402242.0,0.115
402243.0,0.05
402244.0,0.365
402245.0,0.04
402250.0,0.05
402251.0,0.115
402254.0,0.23
402255.0,0.175
402256.0,0.13
402257.0,0.29
402258.0,0.235
402259.0,0.025
402260.0,0.055
402261.0,0.215
402262.0,0.03
402263.0,0.2
402264.0,0.02
402265.0,0.1
402266.0,0.285
402267.0,0.11
402268.0,0.065
402270.0,0.055
402271.0,0.05
402272.0,0.125
402273.0,0.08
402274.0,0.12
402275.0,0.06
402276.0,0.085
402277.0,0.105
402278.0,0.035
402279.0,0.175
402280.0,0.08
402362.0,0.18
402363.0,0.06
402364.0,0.115
402370.0,0.055
402376.0,0.06
402381.0,0.15
402384.0,0.125
402389.0,0.035
402414.0,0.055
402416.0,0.05
402417.0,0.025
402420.0,0.135
402426.0,0.015
402436.0,0.25
402444.0,0.1
402447.0,0.03
402449.0,0.075
402454.0,0.28
402458.0,0.235
402460.0,0.075
402466.0,0.03
402475.0,0.19
402498.0,0.18
402502.0,0.17
402505.0,0.115
402509.0,0.145
402513.0,0.14
402517.0,0.05
402519.0,0.17
402522.0,0.12
402523.0,0.05
402525.0,0.15
402528.0,0.195
402534.0,0.28
402536.0,0.105
402542.0,0.035
402548.0,0.32
402552.0,0.12
402559.0,0.11
402563.0,0.09
402568.0,0.06
402573.0,0.195
402574.0,0.07
402575.0,0.155
402577.0,0.095
402602.0,0.095
402603.0,0.25
402604.0,0.025
402614.0,0.17
402615.0,0.135
402616.0,0.05
402617.0,0.29
402618.0,0.27
402619.0,0.03
402639.0,0.1
402640.0,0.08
402641.0,0.295
402642.0,0.02
402643.0,0.16
402644.0,0.185
402645.0,0.09
402649.0,0.06
402650.0,0.495
402653.0,0.09
402654.0,0.015
402655.0,0.35
402656.0,0.215
402657.0,0.035
402658.0,0.02
402659.0,0.035
402662.0,0.035
402696.0,0.02
402705.0,0.075
402707.0,0.145
402708.0,0.125
402709.0,0.11
402729.0,0.225
402730.0,0.12
402732.0,0.135
402739.0,0.1
402740.0,0.265
402741.0,0.12
402744.0,0.19
402745.0,0.225
402746.0,0.02
402772.0,0.245
402773.0,0.08
402774.0,0.085
402780.0,0.08
402781.0,0.12
402782.0,0.195
402790.0,0.105
402803.0,0.205
402808.0,0.185
402809.0,0.035
402810.0,0.23
402811.0,0.16
402815.0,0.175
402820.0,0.135
402821.0,0.195
402822.0,0.25
402824.0,0.115
402825.0,0.07
402870.0,0.08
402875.0,0.025
402924.0,0.315
402925.0,0.05
402926.0,0.04
402927.0,0.075
402928.0,0.06
402929.0,0.13
402930.0,0.14
402931.0,0.07
402932.0,0.05
402933.0,0.14
402940.0,0.09
402953.0,0.04
402954.0,0.065
402955.0,0.145
402956.0,0.19
402957.0,0.135
402970.0,0.025
402973.0,0.13
402974.0,0.17
402975.0,0.145
402976.0,0.215
402977.0,0.075
402978.0,0.125
402979.0,0.325
402980.0,0.25
402981.0,0.09
402982.0,0.14
402993.0,0.24
402994.0,0.11
403099.0,0.09
403137.0,0.04
403138.0,0.1
403165.0,0.035
403192.0,0.22
403214.0,0.05
403223.0,0.035
403238.0,0.105
403244.0,0.155
403246.0,0.12
403252.0,0.22
403254.0,0.25
403255.0,0.06
403259.0,0.155
403262.0,0.065
403277.0,0.05
403280.0,0.12
403281.0,0.18
403287.0,0.025
403315.0,0.21
403318.0,0.12
403319.0,0.055
403327.0,0.065
403331.0,0.035
403342.0,0.2
403349.0,0.085
403353.0,0.125
403364.0,0.065
403369.0,0.045
403373.0,0.29
403376.0,0.045
403378.0,0.04
403384.0,0.12
403385.0,0.03
403386.0,0.08
403388.0,0.22
403396.0,0.045
403398.0,0.08
403404.0,0.115
403410.0,0.095
403414.0,0.075
403417.0,0.24
403422.0,0.175
403424.0,0.085
403438.0,0.065
403451.0,0.055
403452.0,0.105
403453.0,0.155
403454.0,0.175
403455.0,0.09
403464.0,0.15
403465.0,0.105
403466.0,0.06
403500.0,0.225
403501.0,0.125
403524.0,0.14
403525.0,0.285
403526.0,0.03
403527.0,0.135
403542.0,0.155
403543.0,0.045
403549.0,0.05
403550.0,0.05
403551.0,0.155
403552.0,0.195
403553.0,0.075
403554.0,0.085
403558.0,0.035
403559.0,0.07
403560.0,0.495
403561.0,0.275
403562.0,0.275
403564.0,0.16
403565.0,0.195
403566.0,0.025
403600.0,0.095
403602.0,0.09
403603.0,0.06
403662.0,0.075
403685.0,0.12
403686.0,0.015
403687.0,0.05
403688.0,0.14
403689.0,0.385
403690.0,0.345
403691.0,0.105
403692.0,0.115
403696.0,0.065
403697.0,0.215
403698.0,0.035
403699.0,0.285
403701.0,0.25
403702.0,0.14
403703.0,0.265
403704.0,0.145
403705.0,0.03
403712.0,0.03
403713.0,0.065
403714.0,0.385
403715.0,0.08
403718.0,0.055
403722.0,0.275
403723.0,0.09
403724.0,0.235
403725.0,0.05
403726.0,0.03
403764.0,0.13
403765.0,0.045
403766.0,0.095
403770.0,0.245
403771.0,0.06
403772.0,0.13
403795.0,0.305
403799.0,0.09
403800.0,0.065
403801.0,0.05
403802.0,0.235
403803.0,0.315
403811.0,0.145
403814.0,0.035
403815.0,0.035
403816.0,0.055
403817.0,0.04
403818.0,0.075
403820.0,0.055
403821.0,0.135
403822.0,0.125
403823.0,0.05
403824.0,0.205
403825.0,0.045
403826.0,0.05
403828.0,0.095
403834.0,0.095
403836.0,0.22
403837.0,0.19
403838.0,0.145
403839.0,0.17
403873.0,0.04
403876.0,0.09
403902.0,0.125
403918.0,0.02
403922.0,0.105
403928.0,0.1
403929.0,0.135
403931.0,0.075
403932.0,0.065
403933.0,0.08
403935.0,0.045
403936.0,0.34
403937.0,0.075
403938.0,0.13
403943.0,0.15
403944.0,0.075
403945.0,0.13
403946.0,0.175
403948.0,0.205
403951.0,0.16
403955.0,0.185
403956.0,0.12
403957.0,0.16
403958.0,0.085
403960.0,0.35
403961.0,0.04
403962.0,0.215
403963.0,0.115
403964.0,0.16
403965.0,0.165
403966.0,0.25
403967.0,0.115
403968.0,0.225
403969.0,0.165
403970.0,0.125
403971.0,0.17
403972.0,0.33
403973.0,0.23
403974.0,0.25
403975.0,0.055
403976.0,0.065
403977.0,0.085
403978.0,0.175
403979.0,0.04
403980.0,0.175
403981.0,0.045
403982.0,0.025
404062.0,0.175
404067.0,0.05
404070.0,0.13
404079.0,0.075
404084.0,0.08
404108.0,0.145
404112.0,0.085
404118.0,0.13
404121.0,0.05
404122.0,0.115
404126.0,0.22
404140.0,0.135
404152.0,0.205
404156.0,0.42
404158.0,0.12
404160.0,0.115
404172.0,0.03
404174.0,0.065
404180.0,0.165
404186.0,0.11
404190.0,0.125
404192.0,0.075
404206.0,0.035
404207.0,0.245
404213.0,0.19
404216.0,0.165
404220.0,0.08
404227.0,0.075
404235.0,0.045
404247.0,0.24
404259.0,0.02
404266.0,0.065
404267.0,0.2
404274.0,0.38
404276.0,0.09
404277.0,0.02
404278.0,0.13
404279.0,0.065
404280.0,0.09
404287.0,0.15
404288.0,0.235
404289.0,0.045
404290.0,0.285
404291.0,0.01
404293.0,0.165
404302.0,0.17
404303.0,0.075
404304.0,0.13
404307.0,0.08
404308.0,0.115
404309.0,0.24
404310.0,0.195
404311.0,0.265
404312.0,0.22
404323.0,0.05
404324.0,0.07
404325.0,0.075
404326.0,0.045
404327.0,0.27
404328.0,0.075
404329.0,0.03
404330.0,0.12
404331.0,0.08
404335.0,0.135
404336.0,0.15
404337.0,0.225
404364.0,0.23
404379.0,0.135
404380.0,0.33
404381.0,0.32
404382.0,0.13
404385.0,0.025
404390.0,0.04
404391.0,0.035
404392.0,0.145
404393.0,0.075
404396.0,0.17
404400.0,0.025
404401.0,0.025
404402.0,0.1
404403.0,0.245
404404.0,0.135
404405.0,0.195
404406.0,0.02
404437.0,0.125
404439.0,0.235
404461.0,0.14
404462.0,0.135
404464.0,0.075
404468.0,0.18
404469.0,0.11
404470.0,0.055
404471.0,0.1
404472.0,0.12
404473.0,0.1
404474.0,0.05
404475.0,0.105
404477.0,0.095
404478.0,0.095
404554.0,0.065
404555.0,0.09
404556.0,0.045
404557.0,0.045
404569.0,0.265
404571.0,0.05
404585.0,0.155
404586.0,0.025
404592.0,0.17
404595.0,0.015
404596.0,0.225
404597.0,0.165
404603.0,0.24
404606.0,0.085
404607.0,0.17
404608.0,0.055
404609.0,0.11
404620.0,0.21
404689.0,0.075
404708.0,0.07
404734.0,0.305
404771.0,0.03
404806.0,0.045
404818.0,0.13
404850.0,0.015
404870.0,0.155
404923.0,0.06
404934.0,0.32
404938.0,0.055
404954.0,0.035
404957.0,0.13
404963.0,0.155
404964.0,0.06
404969.0,0.2
404970.0,0.055
404979.0,0.03
404997.0,0.055
404998.0,0.09
405009.0,0.235
405016.0,0.04
405018.0,0.015
405035.0,0.275
405036.0,0.04
405038.0,0.205
405047.0,0.045
405055.0,0.13
405060.0,0.135
405066.0,0.08
405081.0,0.08
405084.0,0.385
405089.0,0.175
405098.0,0.12
405100.0,0.195
405114.0,0.06
405118.0,0.11
405119.0,0.18
405120.0,0.085
405121.0,0.11
405124.0,0.08
405125.0,0.14
405132.0,0.045
405179.0,0.05
405193.0,0.07
405194.0,0.175
405195.0,0.075
405206.0,0.04
405207.0,0.035
405211.0,0.04
405215.0,0.03
405217.0,0.155
405219.0,0.155
405220.0,0.18
405231.0,0.18
405232.0,0.22
405291.0,0.065
405316.0,0.06
405317.0,0.115
405318.0,0.045
405319.0,0.04
405320.0,0.07
405325.0,0.035
405326.0,0.04
405333.0,0.045
405334.0,0.085
405349.0,0.275
405351.0,0.15
405353.0,0.05
405354.0,0.41
405361.0,0.175
405362.0,0.02
405363.0,0.16
405364.0,0.195
405365.0,0.095
405366.0,0.175
405372.0,0.2
405397.0,0.08
405402.0,0.14
405409.0,0.06
405410.0,0.365
405411.0,0.085
405412.0,0.09
405435.0,0.1
405436.0,0.06
405438.0,0.145
405442.0,0.125
405443.0,0.27
405444.0,0.19
405445.0,0.095
405446.0,0.06
405468.0,0.045
405489.0,0.175
405490.0,0.155
405498.0,0.02
405509.0,0.06
405510.0,0.03
405511.0,0.13
405512.0,0.055
405517.0,0.075
405518.0,0.095
405523.0,0.025
405544.0,0.06
405546.0,0.125
405552.0,0.235
405583.0,0.045
405592.0,0.05
405599.0,0.07
405602.0,0.115
405607.0,0.02
405613.0,0.155
405620.0,0.445
405624.0,0.125
405625.0,0.125
405626.0,0.05
405632.0,0.2
405633.0,0.06
405637.0,0.265
405640.0,0.11
405642.0,0.145
405646.0,0.025
405647.0,0.09
405650.0,0.33
405653.0,0.16
405654.0,0.095
405660.0,0.07
405666.0,0.025
405667.0,0.4
405668.0,0.035
405669.0,0.1
405671.0,0.14
405672.0,0.06
405673.0,0.105
405674.0,0.045
405675.0,0.075
405676.0,0.06
405677.0,0.065
405679.0,0.065
405680.0,0.13
405682.0,0.085
405683.0,0.075
405684.0,0.125
405685.0,0.23
405687.0,0.065
405689.0,0.025
405690.0,0.045
405691.0,0.25
405692.0,0.1
405693.0,0.125
405695.0,0.125
405696.0,0.14
405697.0,0.065
405698.0,0.145
405699.0,0.055
405700.0,0.285
405701.0,0.235
405702.0,0.22
405761.0,0.105
405765.0,0.095
405769.0,0.105
405784.0,0.09
405811.0,0.01
405814.0,0.06
405816.0,0.115
405818.0,0.14
405821.0,0.1
405822.0,0.01
405838.0,0.08
405841.0,0.055
405846.0,0.075
405855.0,0.095
405857.0,0.07
405858.0,0.185
405860.0,0.055
405861.0,0.16
405871.0,0.1
405879.0,0.075
405880.0,0.095
405886.0,0.07
405901.0,0.105
405904.0,0.17
405905.0,0.025
405906.0,0.06
405927.0,0.045
405930.0,0.13
405944.0,0.135
405946.0,0.015
405954.0,0.255
405963.0,0.11
405964.0,0.02
405965.0,0.02
405966.0,0.175
405970.0,0.01
405971.0,0.115
405992.0,0.12
405996.0,0.03
405999.0,0.06
406002.0,0.11
406003.0,0.06
406004.0,0.055
406005.0,0.045
406006.0,0.19
406007.0,0.17
406008.0,0.31
406028.0,0.075
406029.0,0.09
406043.0,0.145
406044.0,0.065
406045.0,0.17
406046.0,0.21
406048.0,0.09
406050.0,0.115
406051.0,0.13
406052.0,0.21
406053.0,0.22
406077.0,0.065
406082.0,0.155
406083.0,0.225
406084.0,0.195
406098.0,0.025
406099.0,0.085
406100.0,0.255
406113.0,0.115
406114.0,0.135
406115.0,0.185
406116.0,0.125
406117.0,0.005
406127.0,0.105
406128.0,0.17
406129.0,0.175
406132.0,0.055
406133.0,0.04
406134.0,0.075
406135.0,0.16
406136.0,0.085
406137.0,0.325
406138.0,0.185
406139.0,0.095
406142.0,0.125
406143.0,0.28
406175.0,0.095
406176.0,0.105
406177.0,0.08
406194.0,0.08
406195.0,0.08
406208.0,0.06
406210.0,0.08
406216.0,0.145
406217.0,0.245
406227.0,0.025
406228.0,0.035
406253.0,0.075
406254.0,0.035
406260.0,0.135
406267.0,0.195
406269.0,0.05
406276.0,0.215
406277.0,0.1
406279.0,0.085
406288.0,0.075
406297.0,0.255
406308.0,0.25
406310.0,0.285
406320.0,0.115
406336.0,0.015
406352.0,0.05
406365.0,0.055
406369.0,0.09
406371.0,0.115
406401.0,0.225
406408.0,0.1
406409.0,0.055
406475.0,0.175
406492.0,0.105
406510.0,0.16
406519.0,0.11
406565.0,0.315
406584.0,0.1
406596.0,0.05
406598.0,0.065
406605.0,0.135
406609.0,0.03
406610.0,0.12
406611.0,0.095
406654.0,0.1
406670.0,0.27
406675.0,0.18
406681.0,0.115
406682.0,0.035
406695.0,0.015
406697.0,0.07
406712.0,0.175
406719.0,0.02
406725.0,0.25
406734.0,0.115
406743.0,0.21
406778.0,0.12
406784.0,0.19
406786.0,0.115
406791.0,0.11
406792.0,0.05
406803.0,0.23
406812.0,0.05
406813.0,0.1
406814.0,0.105
406841.0,0.095
406842.0,0.155
406843.0,0.035
406848.0,0.135
406861.0,0.09
406862.0,0.27
406863.0,0.045
406864.0,0.03
406865.0,0.225
406871.0,0.19
406872.0,0.2
406873.0,0.25
406893.0,0.12
406919.0,0.11
406920.0,0.115
406921.0,0.295
406923.0,0.065
406924.0,0.125
406925.0,0.02
406926.0,0.105
406927.0,0.18
406936.0,0.035
406937.0,0.21
406938.0,0.05
406939.0,0.075
406940.0,0.085
406941.0,0.08
406952.0,0.04
406953.0,0.16
406954.0,0.095
406962.0,0.09
406963.0,0.325
406964.0,0.085
406965.0,0.21
406966.0,0.105
406967.0,0.035
406968.0,0.145
406969.0,0.075
406970.0,0.085
406971.0,0.235
406972.0,0.165
406973.0,0.06
406974.0,0.145
406975.0,0.045
406976.0,0.065
406977.0,0.075
406985.0,0.025
406987.0,0.04
407025.0,0.13
407031.0,0.14
407033.0,0.25
407039.0,0.14
407041.0,0.105
407044.0,0.13
407046.0,0.035
407053.0,0.08
407061.0,0.11
407069.0,0.08
407070.0,0.195
407072.0,0.075
407073.0,0.16
407081.0,0.095
407082.0,0.085
407088.0,0.06
407091.0,0.23
407097.0,0.06
407104.0,0.315
407105.0,0.355
407106.0,0.065
407121.0,0.045
407128.0,0.11
407137.0,0.125
407144.0,0.175
407145.0,0.15
407154.0,0.195
407162.0,0.03
407164.0,0.205
407168.0,0.29
407203.0,0.125
407210.0,0.23
407215.0,0.135
407218.0,0.065
407228.0,0.1
407262.0,0.165
407274.0,0.185
407280.0,0.275
407288.0,0.105
407298.0,0.035
407299.0,0.16
407302.0,0.13
407303.0,0.175
407305.0,0.31
407306.0,0.23
407307.0,0.205
407313.0,0.01
407314.0,0.035
407315.0,0.13
407316.0,0.1
407322.0,0.445
407323.0,0.055
407324.0,0.09
407325.0,0.115
407329.0,0.14
407330.0,0.16
407332.0,0.205
407333.0,0.18
407334.0,0.025
407335.0,0.13
407336.0,0.14
407337.0,0.265
407338.0,0.12
407339.0,0.07
407340.0,0.045
407341.0,0.155
407342.0,0.03
407343.0,0.065
407344.0,0.1
407345.0,0.1
407346.0,0.235
407353.0,0.085
407364.0,0.07
407365.0,0.08
407366.0,0.055
407370.0,0.065
407373.0,0.235
407376.0,0.14
407386.0,0.105
407388.0,0.09
407391.0,0.095
407393.0,0.08
407427.0,0.105
407452.0,0.215
407454.0,0.16
407457.0,0.065
407462.0,0.03
407463.0,0.035
407468.0,0.195
407469.0,0.185
407478.0,0.07
407482.0,0.145
407487.0,0.16
407489.0,0.18
407498.0,0.345
407516.0,0.215
407519.0,0.03
407528.0,0.275
407532.0,0.39
407534.0,0.215
407543.0,0.05
407546.0,0.265
407550.0,0.075
407555.0,0.02
407558.0,0.12
407587.0,0.04
407588.0,0.02
407594.0,0.21
407596.0,0.045
407598.0,0.125
407602.0,0.14
407605.0,0.125
407613.0,0.105
407619.0,0.185
407625.0,0.085
407627.0,0.045
407629.0,0.13
407631.0,0.04
407633.0,0.075
407636.0,0.23
407645.0,0.26
407648.0,0.14
407669.0,0.065
407674.0,0.035
407675.0,0.125
407676.0,0.045
407677.0,0.265
407678.0,0.18
407679.0,0.065
407680.0,0.25
407681.0,0.075
407682.0,0.095
407684.0,0.435
407692.0,0.105
407693.0,0.275
407694.0,0.065
407695.0,0.045
407696.0,0.13
407697.0,0.155
407698.0,0.065
407699.0,0.085
407702.0,0.05
407703.0,0.12
407725.0,0.155
407726.0,0.16
407729.0,0.19
407731.0,0.015
407745.0,0.135
407749.0,0.02
407750.0,0.09
407751.0,0.155
407752.0,0.505
407753.0,0.16
407754.0,0.145
407755.0,0.185
407756.0,0.055
407765.0,0.025
407766.0,0.185
407767.0,0.11
407768.0,0.06
407773.0,0.09
407774.0,0.1
407778.0,0.11
407779.0,0.18
407780.0,0.38
407781.0,0.155
407782.0,0.09
407783.0,0.065
407784.0,0.13
407825.0,0.075
407826.0,0.02
407828.0,0.15
407829.0,0.05
407830.0,0.215
407831.0,0.065
407832.0,0.045
407838.0,0.07
407839.0,0.085
407840.0,0.04
407841.0,0.13
407842.0,0.17
407855.0,0.1
407857.0,0.1
407881.0,0.13
407882.0,0.165
407885.0,0.045
407915.0,0.055
407916.0,0.1
407918.0,0.135
407919.0,0.17
407920.0,0.045
407921.0,0.06
407922.0,0.075
407927.0,0.09
407934.0,0.165
407941.0,0.12
407942.0,0.03
407943.0,0.09
407944.0,0.08
407946.0,0.14
407947.0,0.085
407952.0,0.01
407955.0,0.115
407978.0,0.145
407986.0,0.045
408003.0,0.155
408006.0,0.065
408008.0,0.02
408015.0,0.055
408016.0,0.185
408028.0,0.12
408035.0,0.06
408042.0,0.08
408044.0,0.405
408052.0,0.03
408053.0,0.135
408056.0,0.115
408068.0,0.1
408071.0,0.195
408074.0,0.105
408085.0,0.29
408089.0,0.08
408091.0,0.09
408098.0,0.06
408106.0,0.125
408108.0,0.43
408116.0,0.26
408126.0,0.07
408130.0,0.22
408135.0,0.145
408148.0,0.07
408168.0,0.1
408170.0,0.125
408172.0,0.195
408176.0,0.14
408181.0,0.12
408191.0,0.035
408194.0,0.08
408213.0,0.09
408248.0,0.055
408249.0,0.06
408250.0,0.16
408256.0,0.215
408261.0,0.12
408262.0,0.13
408268.0,0.235
408269.0,0.055
408273.0,0.105
408280.0,0.085
408286.0,0.12
408347.0,0.135
408349.0,0.055
408350.0,0.025
408351.0,0.135
408352.0,0.025
408355.0,0.08
408356.0,0.14
408357.0,0.095
408384.0,0.12
408385.0,0.07
408386.0,0.12
408387.0,0.035
408388.0,0.145
408389.0,0.08
408390.0,0.09
408391.0,0.2
408392.0,0.16
408393.0,0.055
408398.0,0.03
408399.0,0.055
408400.0,0.03
408405.0,0.125
408406.0,0.04
408437.0,0.03
408459.0,0.085
408460.0,0.115
408463.0,0.19
408467.0,0.11
408468.0,0.185
408471.0,0.09
408477.0,0.28
408478.0,0.08
408479.0,0.065
408481.0,0.065
408482.0,0.05
408483.0,0.055
408484.0,0.045
408485.0,0.165
408486.0,0.04
408489.0,0.225
408490.0,0.04
408504.0,0.065
408506.0,0.14
408508.0,0.075
408514.0,0.03
408515.0,0.085
408516.0,0.285
408517.0,0.17
408518.0,0.145
408523.0,0.12
408524.0,0.015
408525.0,0.055
408526.0,0.2
408531.0,0.15
408579.0,0.005
408580.0,0.145
408581.0,0.045
408599.0,0.195
408615.0,0.25
408616.0,0.075
408617.0,0.13
408619.0,0.045
408622.0,0.14
408624.0,0.12
408625.0,0.055
408626.0,0.06
408627.0,0.075
408651.0,0.03
408658.0,0.045
408659.0,0.17
408660.0,0.065
408661.0,0.06
408662.0,0.165
408688.0,0.05
408689.0,0.42
408690.0,0.09
408695.0,0.055
408696.0,0.065
408701.0,0.08
408702.0,0.045
408705.0,0.105
408728.0,0.32
408742.0,0.085
408759.0,0.085
408766.0,0.18
408768.0,0.155
408774.0,0.09
408775.0,0.335
408780.0,0.05
408790.0,0.14
408791.0,0.05
408792.0,0.055
408794.0,0.115
408797.0,0.155
408808.0,0.06
408830.0,0.07
408857.0,0.01
408863.0,0.215
408874.0,0.28
408880.0,0.1
408885.0,0.07
408890.0,0.055
408898.0,0.07
408902.0,0.09
408903.0,0.025
408905.0,0.105
408908.0,0.035
408911.0,0.045
408921.0,0.255
408932.0,0.115
408933.0,0.22
408935.0,0.265
408960.0,0.11
408968.0,0.05
408985.0,0.005
408986.0,0.075
408990.0,0.045
408993.0,0.115
409001.0,0.115
409003.0,0.015
409008.0,0.1
409010.0,0.055
409015.0,0.03
409017.0,0.065
409028.0,0.045
409034.0,0.12
409035.0,0.05
409041.0,0.11
409054.0,0.075
409057.0,0.05
409064.0,0.145
409065.0,0.455
409066.0,0.03
409068.0,0.14
409076.0,0.055
409080.0,0.09
409083.0,0.195
409084.0,0.105
409085.0,0.195
409088.0,0.05
409105.0,0.12
409121.0,0.035
409123.0,0.24
409133.0,0.1
409153.0,0.075
409156.0,0.095
409157.0,0.325
409158.0,0.065
409163.0,0.09
409167.0,0.43
409168.0,0.195
409169.0,0.035
409172.0,0.24
409173.0,0.025
409174.0,0.035
409175.0,0.075
409192.0,0.38
409193.0,0.17
409197.0,0.065
409204.0,0.035
409206.0,0.055
409208.0,0.085
409209.0,0.115
409212.0,0.205
409213.0,0.105
409214.0,0.175
409217.0,0.055
409218.0,0.09
409220.0,0.07
409221.0,0.11
409227.0,0.05
409228.0,0.095
409229.0,0.135
409230.0,0.245
409259.0,0.145
409261.0,0.07
409269.0,0.23
409277.0,0.135
409278.0,0.05
409285.0,0.255
409286.0,0.07
409287.0,0.13
409293.0,0.055
409297.0,0.04
409298.0,0.07
409299.0,0.075
409340.0,0.08
409377.0,0.26
409383.0,0.06
409384.0,0.05
409409.0,0.065
409412.0,0.07
409413.0,0.155
409414.0,0.19
409415.0,0.05
409423.0,0.18
409428.0,0.11
409429.0,0.02
409430.0,0.075
409431.0,0.045
409432.0,0.25
409433.0,0.065
409434.0,0.15
409442.0,0.205
409443.0,0.495
409446.0,0.015
409463.0,0.16
409482.0,0.065
409507.0,0.115
409508.0,0.155
409509.0,0.07
409514.0,0.14
409535.0,0.095
409536.0,0.085
409537.0,0.07
409538.0,0.1
409541.0,0.13
409542.0,0.075
409543.0,0.08
409545.0,0.125
409550.0,0.07
409551.0,0.05
409552.0,0.175
409553.0,0.28
409558.0,0.135
409563.0,0.055
409574.0,0.055
409607.0,0.09
409608.0,0.53
409628.0,0.01
409632.0,0.23
409633.0,0.255
409636.0,0.265
409676.0,0.05
409691.0,0.145
409694.0,0.17
409707.0,0.065
409723.0,0.08
409741.0,0.055
409743.0,0.12
409747.0,0.115
409773.0,0.075
409777.0,0.15
409778.0,0.145
409804.0,0.12
409805.0,0.04
409812.0,0.075
409817.0,0.06
409836.0,0.115
409846.0,0.145
409850.0,0.235
409852.0,0.045
409861.0,0.28
409864.0,0.225
409871.0,0.075
409891.0,0.045
409896.0,0.025
409917.0,0.16
409918.0,0.09
409923.0,0.145
409941.0,0.0
409949.0,0.105
409953.0,0.095
409958.0,0.08
409972.0,0.13
409979.0,0.12
409983.0,0.155
409984.0,0.155
409985.0,0.08
409986.0,0.175
409994.0,0.26
409999.0,0.09
410019.0,0.2
410024.0,0.06
410025.0,0.09
410039.0,0.125
410044.0,0.1
410045.0,0.11
410046.0,0.155
410047.0,0.055
410048.0,0.08
410065.0,0.125
410066.0,0.16
410073.0,0.04
410087.0,0.03
410089.0,0.18
410092.0,0.06
410093.0,0.185
410094.0,0.115
410095.0,0.055
410096.0,0.1
410101.0,0.16
410102.0,0.13
410103.0,0.05
410107.0,0.02
410110.0,0.13
410111.0,0.06
410112.0,0.255
410142.0,0.08
410143.0,0.065
410161.0,0.155
410162.0,0.15
410165.0,0.07
410166.0,0.145
410167.0,0.225
410184.0,0.155
410185.0,0.06
410186.0,0.05
410187.0,0.115
410223.0,0.05
410256.0,0.215
410257.0,0.14
410258.0,0.025
410259.0,0.05
410269.0,0.375
410270.0,0.045
410273.0,0.095
410274.0,0.055
410275.0,0.07
410276.0,0.285
410277.0,0.11
410295.0,0.03
410296.0,0.04
410297.0,0.135
410298.0,0.125
410300.0,0.08
410301.0,0.05
410302.0,0.1
410303.0,0.125
410304.0,0.045
410305.0,0.03
410306.0,0.19
410307.0,0.07
410308.0,0.19
410309.0,0.17
410316.0,0.06
410317.0,0.06
410358.0,0.13
410359.0,0.055
410360.0,0.095
410368.0,0.26
410369.0,0.145
410370.0,0.03
410372.0,0.05
410373.0,0.045
410378.0,0.25
410379.0,0.095
410380.0,0.19
410387.0,0.275
410388.0,0.32
410389.0,0.04
410390.0,0.05
410405.0,0.065
410411.0,0.07
410416.0,0.055
410418.0,0.14
410424.0,0.24
410429.0,0.195
410438.0,0.075
410442.0,0.095
410448.0,0.055
410456.0,0.075
410464.0,0.06
410467.0,0.175
410473.0,0.105
410476.0,0.035
410479.0,0.17
410499.0,0.105
410526.0,0.16
410528.0,0.08
410546.0,0.235
410564.0,0.06
410567.0,0.08
410571.0,0.23
410572.0,0.3
410573.0,0.14
410577.0,0.07
410581.0,0.17
410587.0,0.105
410588.0,0.045
410595.0,0.07
410602.0,0.025
410606.0,0.085
410616.0,0.03
410624.0,0.145
410626.0,0.1
410637.0,0.045
410660.0,0.105
410661.0,0.065
410663.0,0.05
410664.0,0.21
410669.0,0.12
410675.0,0.04
410679.0,0.255
410684.0,0.045
410689.0,0.05
410693.0,0.04
410697.0,0.055
410698.0,0.075
410699.0,0.02
410706.0,0.075
410710.0,0.185
410712.0,0.025
410716.0,0.09
410725.0,0.09
410735.0,0.155
410742.0,0.065
410745.0,0.06
410746.0,0.025
410751.0,0.105
410753.0,0.045
410759.0,0.14
410761.0,0.38
410770.0,0.07
410778.0,0.08
410784.0,0.115
410786.0,0.075
410789.0,0.11
410800.0,0.12
410811.0,0.035
410813.0,0.03
410821.0,0.28
410822.0,0.04
410879.0,0.17
410880.0,0.135
410900.0,0.09
410901.0,0.205
410908.0,0.09
410909.0,0.05
410910.0,0.115
410911.0,0.31
410912.0,0.18
410913.0,0.105
410914.0,0.185
410915.0,0.06
410916.0,0.03
410917.0,0.11
410918.0,0.07
410919.0,0.07
410922.0,0.15
410923.0,0.045
410940.0,0.09
410955.0,0.09
410956.0,0.42
410959.0,0.195
410960.0,0.135
410961.0,0.215
410962.0,0.05
410963.0,0.29
410964.0,0.075
410968.0,0.095
410970.0,0.07
410971.0,0.105
410972.0,0.135
410975.0,0.035
410994.0,0.13
410999.0,0.205
411011.0,0.185
411012.0,0.155
411014.0,0.15
411021.0,0.015
411022.0,0.27
411023.0,0.195
411024.0,0.1
411025.0,0.13
411026.0,0.215
411027.0,0.165
411028.0,0.035
411030.0,0.18
411031.0,0.075
411032.0,0.17
411033.0,0.135
411049.0,0.115
411050.0,0.04
411051.0,0.16
411052.0,0.11
411073.0,0.09
411074.0,0.155
411076.0,0.11
411080.0,0.11
411081.0,0.095
411082.0,0.06
411093.0,0.05
411094.0,0.165
411095.0,0.095
411099.0,0.065
411102.0,0.065
411103.0,0.205
411112.0,0.02
411114.0,0.175
411115.0,0.075
411116.0,0.18
411168.0,0.085
411169.0,0.345
411170.0,0.11
411189.0,0.02
411190.0,0.14
411195.0,0.095
411196.0,0.185
411197.0,0.08
411205.0,0.045
411206.0,0.16
411215.0,0.17
411216.0,0.015
411217.0,0.135
411218.0,0.085
411222.0,0.03
411238.0,0.03
411239.0,0.02
411240.0,0.145
411248.0,0.025
411274.0,0.115
411275.0,0.1
411293.0,0.12
411299.0,0.175
411300.0,0.075
411301.0,0.07
411302.0,0.105
411305.0,0.41
411309.0,0.09
411334.0,0.115
411343.0,0.065
411349.0,0.03
411360.0,0.18
411363.0,0.04
411364.0,0.01
411384.0,0.095
411402.0,0.18
411424.0,0.065
411425.0,0.125
411430.0,0.31
411432.0,0.13
411434.0,0.2
411447.0,0.065
411450.0,0.015
411452.0,0.17
411463.0,0.085
411467.0,0.15
411474.0,0.055
411478.0,0.04
411480.0,0.09
411481.0,0.17
411502.0,0.135
411509.0,0.105
411511.0,0.255
411515.0,0.13
411516.0,0.13
411532.0,0.045
411565.0,0.02
411570.0,0.14
411600.0,0.12
411608.0,0.08
411613.0,0.06
411614.0,0.02
411620.0,0.12
411634.0,0.065
411639.0,0.05
411645.0,0.25
411648.0,0.08
411660.0,0.08
411668.0,0.055
411672.0,0.155
411673.0,0.03
411674.0,0.215
411675.0,0.07
411676.0,0.02
411677.0,0.235
411715.0,0.08
411718.0,0.095
411719.0,0.16
411720.0,0.075
411730.0,0.05
411731.0,0.1
411740.0,0.07
411746.0,0.12
411748.0,0.02
411749.0,0.075
411752.0,0.085
411753.0,0.01
411754.0,0.045
411755.0,0.06
411767.0,0.065
411768.0,0.225
411819.0,0.23
411826.0,0.295
411827.0,0.095
411841.0,0.05
411842.0,0.24
411843.0,0.17
411844.0,0.11
411845.0,0.11
411846.0,0.215
411850.0,0.265
411852.0,0.24
411853.0,0.07
411854.0,0.075
411855.0,0.07
411856.0,0.11
411860.0,0.08
411883.0,0.03
411938.0,0.095
411939.0,0.115
411940.0,0.12
411957.0,0.435
411958.0,0.13
411959.0,0.16
411963.0,0.065
411969.0,0.11
411970.0,0.085
411971.0,0.07
411972.0,0.085
411973.0,0.065
411974.0,0.055
411975.0,0.1
411977.0,0.07
411978.0,0.32
411979.0,0.23
412004.0,0.055
412008.0,0.025
412009.0,0.095
412010.0,0.06
412030.0,0.115
412031.0,0.07
412032.0,0.05
412036.0,0.04
412038.0,0.02
412047.0,0.14
412049.0,0.32
412082.0,0.02
412092.0,0.12
412098.0,0.165
412101.0,0.185
412108.0,0.25
412111.0,0.125
412119.0,0.065
412128.0,0.015
412139.0,0.135
412152.0,0.14
412154.0,0.055
412178.0,0.455
412180.0,0.185
412193.0,0.175
412199.0,0.165
412204.0,0.14
412206.0,0.09
412207.0,0.085
412211.0,0.19
412220.0,0.08
412221.0,0.02
412229.0,0.13
412234.0,0.045
412235.0,0.075
412236.0,0.14
412251.0,0.09
412262.0,0.2
412270.0,0.39
412280.0,0.04
412289.0,0.205
412305.0,0.04
412310.0,0.09
412345.0,0.105
412348.0,0.16
412361.0,0.065
412367.0,0.18
412368.0,0.115
412370.0,0.25
412372.0,0.2
412377.0,0.13
412380.0,0.065
412382.0,0.03
412391.0,0.11
412393.0,0.09
412411.0,0.215
412412.0,0.145
412415.0,0.195
412416.0,0.4
412422.0,0.3
412428.0,0.1
412430.0,0.11
412436.0,0.14
412447.0,0.095
412451.0,0.04
412456.0,0.085
412470.0,0.16
412472.0,0.05
412478.0,0.035
412487.0,0.155
412490.0,0.21
412494.0,0.115
412516.0,0.095
412519.0,0.115
412525.0,0.285
412527.0,0.215
412528.0,0.105
412551.0,0.1
412552.0,0.085
412557.0,0.105
412558.0,0.015
412559.0,0.075
412561.0,0.03
412563.0,0.025
412564.0,0.045
412565.0,0.055
412593.0,0.16
412598.0,0.25
412602.0,0.195
412610.0,0.16
412611.0,0.2
412612.0,0.05
412613.0,0.17
412621.0,0.06
412622.0,0.01
412623.0,0.185
412624.0,0.375
412637.0,0.14
412638.0,0.155
412639.0,0.275
412640.0,0.085
412641.0,0.085
412642.0,0.06
412643.0,0.07
412644.0,0.1
412651.0,0.125
412667.0,0.06
412669.0,0.32
412686.0,0.085
412712.0,0.065
412713.0,0.15
412714.0,0.035
412715.0,0.03
412720.0,0.14
412728.0,0.045
412738.0,0.01
412739.0,0.065
412740.0,0.16
412741.0,0.09
412753.0,0.055
412754.0,0.07
412762.0,0.05
412764.0,0.125
412765.0,0.135
412775.0,0.1
412776.0,0.085
412777.0,0.045
412778.0,0.365
412800.0,0.015
412801.0,0.065
412802.0,0.135
412829.0,0.095
412854.0,0.185
412855.0,0.14
412861.0,0.085
412862.0,0.025
412863.0,0.08
412883.0,0.06
412884.0,0.05
412886.0,0.41
412898.0,0.08
412899.0,0.08
412900.0,0.035
412922.0,0.16
412941.0,0.18
412959.0,0.045
412967.0,0.15
412980.0,0.245
412997.0,0.06
413016.0,0.105
413017.0,0.295
413027.0,0.075
413034.0,0.195
413038.0,0.21
413054.0,0.185
413059.0,0.03
413065.0,0.13
413073.0,0.1
413075.0,0.25
413081.0,0.115
413089.0,0.375
413091.0,0.25
413094.0,0.075
413104.0,0.18
413107.0,0.09
413110.0,0.165
413113.0,0.305
413117.0,0.105
413124.0,0.085
413126.0,0.11
413137.0,0.065
413145.0,0.115
413146.0,0.085
413147.0,0.085
413150.0,0.025
413159.0,0.26
413160.0,0.11
413172.0,0.225
413179.0,0.05
413181.0,0.04
413185.0,0.13
413188.0,0.31
413197.0,0.14
413208.0,0.24
413215.0,0.09
413216.0,0.09
413219.0,0.045
413232.0,0.06
413237.0,0.12
413243.0,0.21
413249.0,0.095
413262.0,0.07
413263.0,0.17
413271.0,0.175
413274.0,0.095
413280.0,0.1
413296.0,0.28
413299.0,0.255
413303.0,0.025
413320.0,0.07
413324.0,0.13
413325.0,0.145
413335.0,0.14
413341.0,0.345
413342.0,0.04
413351.0,0.19
413352.0,0.105
413359.0,0.08
413373.0,0.15
413374.0,0.135
413375.0,0.065
413376.0,0.14
413377.0,0.185
413383.0,0.09
413384.0,0.105
413392.0,0.115
413393.0,0.215
413395.0,0.135
413424.0,0.125
413425.0,0.01
413457.0,0.08
413458.0,0.115
413459.0,0.12
413460.0,0.005
413465.0,0.075
413466.0,0.205
413467.0,0.055
413468.0,0.085
413475.0,0.165
413476.0,0.17
413477.0,0.235
413478.0,0.05
413479.0,0.03
413489.0,0.15
413491.0,0.065
413492.0,0.14
413493.0,0.18
413494.0,0.225
413495.0,0.125
413498.0,0.12
413499.0,0.125
413545.0,0.08
413549.0,0.13
413550.0,0.095
413551.0,0.1
413552.0,0.235
413553.0,0.1
413554.0,0.065
413558.0,0.23
413559.0,0.225
413562.0,0.125
413563.0,0.11
413564.0,0.025
413592.0,0.07
413593.0,0.04
413594.0,0.105
413595.0,0.02
413596.0,0.29
413597.0,0.125
413604.0,0.07
413605.0,0.13
413606.0,0.035
413607.0,0.055
413616.0,0.275
413617.0,0.13
413618.0,0.275
413625.0,0.12
413626.0,0.275
413627.0,0.1
413628.0,0.075
413629.0,0.015
413630.0,0.14
413631.0,0.095
413632.0,0.125
413633.0,0.265
413634.0,0.27
413635.0,0.305
413636.0,0.07
413644.0,0.05
413645.0,0.09
413646.0,0.045
413683.0,0.075
413685.0,0.02
413686.0,0.17
413690.0,0.06
413691.0,0.01
413692.0,0.04
413693.0,0.125
413694.0,0.23
413695.0,0.035
413696.0,0.125
413702.0,0.07
413707.0,0.145
413708.0,0.265
413709.0,0.145
413730.0,0.1
413731.0,0.165
413732.0,0.055
413733.0,0.075
413734.0,0.105
413736.0,0.085
413748.0,0.13
413749.0,0.105
413751.0,0.185
413752.0,0.305
413754.0,0.06
413755.0,0.225
413756.0,0.155
413757.0,0.075
413758.0,0.185
413759.0,0.12
413760.0,0.11
413764.0,0.07
413765.0,0.1
413766.0,0.095
413767.0,0.13
413768.0,0.14
413769.0,0.125
413770.0,0.05
413776.0,0.05
413777.0,0.055
413778.0,0.07
413797.0,0.125
413824.0,0.055
413828.0,0.195
413831.0,0.19
413834.0,0.135
413841.0,0.05
413848.0,0.05
413850.0,0.065
413851.0,0.205
413857.0,0.035
413860.0,0.015
413867.0,0.115
413868.0,0.27
413871.0,0.06
413878.0,0.085
413882.0,0.09
413885.0,0.055
413886.0,0.22
413892.0,0.145
413896.0,0.235
413897.0,0.16
413917.0,0.195
413921.0,0.03
413934.0,0.245
413941.0,0.055
413953.0,0.025
413958.0,0.095
413967.0,0.145
413971.0,0.07
413975.0,0.11
413978.0,0.065
413983.0,0.3
413984.0,0.06
413989.0,0.19
413992.0,0.05
414001.0,0.145
414002.0,0.02
414003.0,0.175
414007.0,0.5
414008.0,0.14
414016.0,0.225
414022.0,0.07
414026.0,0.115
414041.0,0.07
414042.0,0.23
414045.0,0.055
414047.0,0.175
414050.0,0.41
414061.0,0.03
414068.0,0.15
414076.0,0.165
414093.0,0.14
414102.0,0.04
414109.0,0.11
414117.0,0.075
414144.0,0.06
414149.0,0.04
414160.0,0.085
414166.0,0.39
414171.0,0.21
414172.0,0.08
414183.0,0.035
414186.0,0.135
414192.0,0.115
414194.0,0.27
414203.0,0.21
414206.0,0.04
414207.0,0.02
414229.0,0.055
414231.0,0.1
414248.0,0.065
414251.0,0.065
414252.0,0.08
414253.0,0.485
414254.0,0.11
414255.0,0.225
414262.0,0.08
414265.0,0.16
414266.0,0.085
414267.0,0.06
414269.0,0.07
414270.0,0.045
414271.0,0.05
414272.0,0.125
414273.0,0.07
414275.0,0.075
414323.0,0.325
414324.0,0.065
414328.0,0.065
414329.0,0.08
414333.0,0.06
414341.0,0.055
414357.0,0.225
414358.0,0.045
414359.0,0.115
414362.0,0.165
414363.0,0.15
414368.0,0.04
414372.0,0.075
414375.0,0.065
414376.0,0.02
414382.0,0.265
414383.0,0.145
414480.0,0.07
414481.0,0.145
414484.0,0.23
414485.0,0.05
414486.0,0.085
414487.0,0.095
414488.0,0.14
414489.0,0.12
414492.0,0.04
414493.0,0.18
414497.0,0.05
414501.0,0.08
414543.0,0.285
414544.0,0.175
414559.0,0.075
414560.0,0.2
414561.0,0.07
414573.0,0.05
414574.0,0.11
414575.0,0.2
414577.0,0.1
414584.0,0.275
414585.0,0.02
414586.0,0.11
414590.0,0.005
414591.0,0.135
414593.0,0.22
414597.0,0.08
414598.0,0.3
414621.0,0.12
414635.0,0.215
414639.0,0.115
414640.0,0.02
414648.0,0.095
414656.0,0.06
414659.0,0.155
414660.0,0.04
414663.0,0.12
414683.0,0.11
414691.0,0.195
414700.0,0.25
414705.0,0.02
414708.0,0.095
414711.0,0.1
414712.0,0.085
414716.0,0.12
414720.0,0.045
414733.0,0.035
414740.0,0.115
414748.0,0.085
414767.0,0.3
414771.0,0.15
414779.0,0.13
414785.0,0.255
414787.0,0.065
414793.0,0.055
414816.0,0.07
414830.0,0.285
414831.0,0.315
414859.0,0.145
414864.0,0.05
414867.0,0.065
414871.0,0.075
414879.0,0.04
414892.0,0.26
414895.0,0.145
414911.0,0.26
414915.0,0.13
414922.0,0.09
414939.0,0.07
414945.0,0.05
414960.0,0.07
414969.0,0.04
414973.0,0.075
414979.0,0.07
414985.0,0.085
414992.0,0.05
414996.0,0.14
415000.0,0.05
415001.0,0.165
415005.0,0.065
415024.0,0.11
415038.0,0.14
415041.0,0.195
415049.0,0.15
415055.0,0.085
415061.0,0.135
415064.0,0.18
415069.0,0.165
415070.0,0.11
415071.0,0.095
415072.0,0.115
415074.0,0.065
415078.0,0.205
415079.0,0.095
415080.0,0.11
415081.0,0.19
415082.0,0.125
415085.0,0.13
415086.0,0.07
415089.0,0.23
415090.0,0.09
415091.0,0.18
415092.0,0.095
415095.0,0.085
415100.0,0.185
415101.0,0.03
415102.0,0.425
415103.0,0.055
415104.0,0.12
415106.0,0.07
415107.0,0.115
415108.0,0.19
415109.0,0.245
415110.0,0.13
415111.0,0.05
415113.0,0.1
415114.0,0.04
415115.0,0.14
415116.0,0.05
415117.0,0.045
415118.0,0.22
415119.0,0.28
415120.0,0.115
415121.0,0.1
415122.0,0.225
415123.0,0.06
415124.0,0.24
415126.0,0.215
415152.0,0.035
415205.0,0.195
415209.0,0.06
415326.0,0.225
415409.0,0.095
415414.0,0.085
415430.0,0.12
415466.0,0.095
415467.0,0.24
415473.0,0.09
415474.0,0.03
415479.0,0.075
415480.0,0.11
415486.0,0.055
415488.0,0.125
415489.0,0.12
415490.0,0.03
415493.0,0.04
415494.0,0.165
415497.0,0.065
415498.0,0.1
415499.0,0.08
415505.0,0.04
415506.0,0.14
415509.0,0.08
415511.0,0.17
415514.0,0.085
415517.0,0.085
415519.0,0.175
415521.0,0.37
415522.0,0.035
415523.0,0.07
415525.0,0.06
415527.0,0.07
415529.0,0.05
415531.0,0.14
415533.0,0.18
415534.0,0.055
415536.0,0.01
415537.0,0.375
415539.0,0.09
415540.0,0.045
415541.0,0.25
415542.0,0.085
415543.0,0.035
415544.0,0.09
415545.0,0.155
415546.0,0.21
415547.0,0.055
415548.0,0.045
415549.0,0.14
415550.0,0.085
415652.0,0.06
415654.0,0.05
415686.0,0.155
415687.0,0.075
415695.0,0.085
415698.0,0.175
415701.0,0.12
415705.0,0.14
415707.0,0.05
415709.0,0.1
415712.0,0.05
415718.0,0.205
415724.0,0.065
415729.0,0.14
415730.0,0.28
415731.0,0.1
415733.0,0.04
415736.0,0.035
415737.0,0.08
415738.0,0.235
415741.0,0.055
415742.0,0.165
415743.0,0.215
415744.0,0.085
415745.0,0.04
415746.0,0.075
415747.0,0.195
415749.0,0.07
415750.0,0.05
415751.0,0.225
415752.0,0.05
415753.0,0.245
415754.0,0.065
415755.0,0.08
415756.0,0.295
415757.0,0.205
415850.0,0.36
415874.0,0.085
415930.0,0.085
415962.0,0.19
415994.0,0.355
415995.0,0.1
416088.0,0.185
416129.0,0.31
416228.0,0.055
416229.0,0.09
416239.0,0.205
416243.0,0.11
416245.0,0.145
416253.0,0.135
416263.0,0.115
416264.0,0.125
416265.0,0.085
416269.0,0.38
416272.0,0.065
416273.0,0.07
416274.0,0.14
416275.0,0.16
416276.0,0.135
416277.0,0.085
416278.0,0.125
416280.0,0.155
416283.0,0.08
416287.0,0.14
416288.0,0.155
416291.0,0.06
416292.0,0.19
416294.0,0.24
416295.0,0.225
416296.0,0.06
416300.0,0.09
416301.0,0.085
416302.0,0.165
416303.0,0.15
416305.0,0.135
416306.0,0.12
416307.0,0.155
416309.0,0.05
416310.0,0.45
416311.0,0.105
416312.0,0.095
416313.0,0.295
416314.0,0.025
416315.0,0.21
416316.0,0.16
416426.0,0.015
416435.0,0.1
416444.0,0.105
416477.0,0.265
416484.0,0.065
416488.0,0.13
416502.0,0.135
416542.0,0.16
416582.0,0.095
416647.0,0.09
416658.0,0.035
416659.0,0.065
416675.0,0.07
416676.0,0.23
416696.0,0.305
416721.0,0.14
416729.0,0.08
416743.0,0.13
416744.0,0.14
416761.0,0.14
416793.0,0.42
416826.0,0.03
416848.0,0.165
416850.0,0.08
416860.0,0.2
416861.0,0.185
416862.0,0.055
416865.0,0.14
416870.0,0.215
416871.0,0.245
416872.0,0.085
416874.0,0.205
416877.0,0.065
416879.0,0.04
416881.0,0.1
416882.0,0.12
416883.0,0.075
416884.0,0.07
416885.0,0.185
416886.0,0.155
416887.0,0.11
416888.0,0.095
416890.0,0.22
416893.0,0.165
416894.0,0.13
416895.0,0.06
416896.0,0.07
416897.0,0.09
416899.0,0.15
416900.0,0.05
416901.0,0.065
416902.0,0.035
416903.0,0.055
417043.0,0.07
417159.0,0.04
417182.0,0.15
417183.0,0.045
417187.0,0.125
417209.0,0.06
417226.0,0.26
417228.0,0.425
417232.0,0.03
417234.0,0.105
417241.0,0.1
417245.0,0.045
417246.0,0.07
417247.0,0.145
417250.0,0.195
417251.0,0.095
417253.0,0.01
417254.0,0.115
417255.0,0.08
417256.0,0.15
417257.0,0.095
417258.0,0.1
417259.0,0.05
417260.0,0.33
417261.0,0.06
417263.0,0.205
417264.0,0.085
417265.0,0.12
417266.0,0.2
417267.0,0.03
417268.0,0.055
417338.0,0.145
417342.0,0.115
417349.0,0.065
417382.0,0.09
417388.0,0.175
417389.0,0.34
417393.0,0.18
417395.0,0.12
417397.0,0.065
417398.0,0.03
417401.0,0.125
417403.0,0.215
417406.0,0.12
417407.0,0.305
417408.0,0.245
417409.0,0.01
417411.0,0.06
417412.0,0.1
417414.0,0.16
417416.0,0.12
417417.0,0.065
417420.0,0.115
417421.0,0.27
417422.0,0.29
417423.0,0.065
417426.0,0.095
417427.0,0.075
417428.0,0.05
417429.0,0.08
417430.0,0.215
417431.0,0.04
417432.0,0.045
417433.0,0.085
417435.0,0.255
417436.0,0.05
417438.0,0.135
417439.0,0.07
417440.0,0.11
417441.0,0.14
417442.0,0.205
417443.0,0.18
417444.0,0.125
417445.0,0.19
417446.0,0.095
417447.0,0.215
417448.0,0.11
417449.0,0.195
417450.0,0.05
417451.0,0.26
417452.0,0.11
417453.0,0.09
417454.0,0.125
417455.0,0.285
417456.0,0.07
417457.0,0.02
417513.0,0.055
417544.0,0.365
417555.0,0.135
417567.0,0.05
417612.0,0.035
417625.0,0.11
417626.0,0.025
417627.0,0.24
417648.0,0.145
417735.0,0.14
417736.0,0.22
417749.0,0.08
417778.0,0.015
417863.0,0.075
417893.0,0.06
417895.0,0.11
417903.0,0.11
417910.0,0.1
417915.0,0.285
417925.0,0.1
417927.0,0.04
417940.0,0.385
417949.0,0.085
417950.0,0.085
417952.0,0.055
417956.0,0.18
417969.0,0.115
417970.0,0.015
417974.0,0.08
417975.0,0.07
417976.0,0.135
417980.0,0.06
417982.0,0.185
417983.0,0.03
417987.0,0.035
417988.0,0.17
417989.0,0.065
417990.0,0.335
417993.0,0.195
417994.0,0.035
417995.0,0.05
417996.0,0.095
417997.0,0.065
417998.0,0.205
417999.0,0.095
418000.0,0.185
418001.0,0.155
418002.0,0.13
418003.0,0.225
418004.0,0.055
418005.0,0.14
418006.0,0.045
418009.0,0.31
418011.0,0.23
418012.0,0.065
418013.0,0.07
418014.0,0.31
418015.0,0.225
418029.0,0.155
418030.0,0.085
418132.0,0.135
418217.0,0.115
418222.0,0.02
418237.0,0.1
418272.0,0.22
418343.0,0.16
418344.0,0.2
418345.0,0.21
418386.0,0.2
418387.0,0.105
418402.0,0.095
418436.0,0.06
418456.0,0.085
418458.0,0.12
418460.0,0.13
418487.0,0.06
418514.0,0.09
418519.0,0.03
418532.0,0.06
418539.0,0.035
418549.0,0.02
418555.0,0.07
418556.0,0.3
418558.0,0.205
418559.0,0.06
418562.0,0.035
418568.0,0.26
418576.0,0.115
418578.0,0.165
418580.0,0.21
418581.0,0.195
418582.0,0.055
418584.0,0.075
418585.0,0.08
418587.0,0.11
418591.0,0.095
418592.0,0.07
418593.0,0.105
418595.0,0.115
418596.0,0.17
418597.0,0.035
418598.0,0.11
418599.0,0.02
418600.0,0.07
418601.0,0.16
418602.0,0.165
418603.0,0.25
418604.0,0.02
418606.0,0.315
418607.0,0.03
418608.0,0.09
418609.0,0.165
418610.0,0.095
418611.0,0.215
418612.0,0.14
418613.0,0.12
418614.0,0.13
418615.0,0.02
418616.0,0.06
418618.0,0.13
418651.0,0.05
418652.0,0.05
418653.0,0.13
418658.0,0.145
418692.0,0.275
418749.0,0.245
418820.0,0.14
418843.0,0.085
418863.0,0.06
418915.0,0.05
418938.0,0.24
418957.0,0.145
419024.0,0.295
419061.0,0.035
419063.0,0.07
419076.0,0.105
419093.0,0.045
419131.0,0.135
419132.0,0.04
419138.0,0.085
419139.0,0.1
419141.0,0.095
419142.0,0.065
419143.0,0.045
419145.0,0.055
419149.0,0.105
419151.0,0.06
419152.0,0.1
419153.0,0.125
419154.0,0.215
419155.0,0.06
419156.0,0.145
419157.0,0.04
419158.0,0.455
419159.0,0.28
419162.0,0.065
419163.0,0.165
419165.0,0.21
419168.0,0.16
419169.0,0.095
419170.0,0.18
419171.0,0.335
419172.0,0.19
419173.0,0.1
419174.0,0.16
419175.0,0.04
419176.0,0.235
419177.0,0.18
419178.0,0.14
419270.0,0.31
419305.0,0.175
419330.0,0.055
419485.0,0.095
419491.0,0.205
419499.0,0.055
419513.0,0.17
419514.0,0.065
419535.0,0.1
419538.0,0.075
419582.0,0.395
419601.0,0.015
419611.0,0.115
419644.0,0.395
419648.0,0.13
419649.0,0.07
419656.0,0.04
419671.0,0.07
419677.0,0.165
419685.0,0.225
419688.0,0.205
419689.0,0.225
419690.0,0.075
419691.0,0.16
419698.0,0.265
419699.0,0.055
419701.0,0.23
419703.0,0.235
419704.0,0.125
419705.0,0.26
419746.0,0.36
419750.0,0.075
419767.0,0.085
419775.0,0.115
419783.0,0.13
419787.0,0.14
419788.0,0.155
419790.0,0.06
419791.0,0.05
419792.0,0.04
419794.0,0.155
419795.0,0.255
419797.0,0.085
419798.0,0.07
419799.0,0.115
419804.0,0.2
419805.0,0.16
419806.0,0.19
419808.0,0.055
419810.0,0.125
419811.0,0.09
419812.0,0.32
419815.0,0.14
419816.0,0.035
419817.0,0.07
419818.0,0.13
419820.0,0.075
419821.0,0.195
419824.0,0.365
419825.0,0.165
419826.0,0.125
419827.0,0.045
419828.0,0.01
419829.0,0.055
419830.0,0.61
419831.0,0.105
419832.0,0.115
419833.0,0.185
419834.0,0.14
419835.0,0.035
419836.0,0.1
419837.0,0.17
419838.0,0.06
419839.0,0.185
419840.0,0.09
419841.0,0.215
419842.0,0.365
419843.0,0.21
419913.0,0.295
419916.0,0.09
419955.0,0.055
419956.0,0.09
419992.0,0.035
420150.0,0.08
420160.0,0.22
420190.0,0.065
420195.0,0.1
420204.0,0.14
420207.0,0.19
420210.0,0.08
420214.0,0.185
420218.0,0.105
420219.0,0.165
420220.0,0.14
420242.0,0.105
420249.0,0.035
420254.0,0.11
420255.0,0.03
420258.0,0.2
420260.0,0.055
420263.0,0.195
420265.0,0.05
420271.0,0.06
420273.0,0.11
420274.0,0.125
420275.0,0.07
420277.0,0.04
420278.0,0.125
420279.0,0.15
420280.0,0.13
420281.0,0.075
420283.0,0.17
420284.0,0.14
420285.0,0.055
420286.0,0.1
420287.0,0.175
420288.0,0.06
420290.0,0.08
420291.0,0.075
420293.0,0.14
420294.0,0.085
420295.0,0.09
420296.0,0.025
420297.0,0.16
420298.0,0.13
420299.0,0.13
420300.0,0.08
420344.0,0.025
420345.0,0.165
420347.0,0.055
420348.0,0.195
420349.0,0.1
420350.0,0.045
420351.0,0.03
420352.0,0.05
420353.0,0.04
420354.0,0.24
420355.0,0.09
420356.0,0.08
420357.0,0.055
420358.0,0.275
420359.0,0.06
420360.0,0.035
420361.0,0.025
420362.0,0.095
420363.0,0.13
420364.0,0.245
420365.0,0.115
420366.0,0.245
420383.0,0.045
420436.0,0.165
420446.0,0.045
420554.0,0.165
420565.0,0.075
420569.0,0.275
420573.0,0.085
420574.0,0.2
420587.0,0.105
420589.0,0.265
420593.0,0.095
420594.0,0.085
420595.0,0.125
420598.0,0.085
420601.0,0.14
420602.0,0.175
420603.0,0.1
420607.0,0.06
420611.0,0.1
420613.0,0.125
420614.0,0.125
420615.0,0.15
420616.0,0.07
420617.0,0.185
420618.0,0.045
420619.0,0.145
420620.0,0.155
420621.0,0.16
420622.0,0.12
420623.0,0.23
420624.0,0.04
420625.0,0.045
420626.0,0.2
420627.0,0.42
420628.0,0.095
420629.0,0.055
420631.0,0.095
420633.0,0.085
420634.0,0.075
420635.0,0.06
420636.0,0.065
420637.0,0.125
420662.0,0.075
420727.0,0.045
420728.0,0.125
420733.0,0.445
420787.0,0.13
420789.0,0.06
420792.0,0.085
420797.0,0.19
420814.0,0.09
420833.0,0.355
420839.0,0.055
420841.0,0.125
420843.0,0.13
420844.0,0.155
420847.0,0.22
420849.0,0.08
420851.0,0.185
420853.0,0.07
420854.0,0.31
420855.0,0.065
420856.0,0.045
420857.0,0.13
420858.0,0.085
420859.0,0.11
420860.0,0.325
420861.0,0.26
420862.0,0.185
420863.0,0.22
420864.0,0.22
420866.0,0.32
420867.0,0.05
420868.0,0.03
420869.0,0.18
420870.0,0.01
420871.0,0.145
420872.0,0.18
420873.0,0.03
420874.0,0.215
420875.0,0.21
420876.0,0.115
420878.0,0.03
420879.0,0.175
420880.0,0.025
420881.0,0.145
420882.0,0.03
420883.0,0.21
420884.0,0.495
420885.0,0.025
420886.0,0.04
420887.0,0.19
420888.0,0.1
420905.0,0.09
421015.0,0.04
421200.0,0.31
421269.0,0.175
421272.0,0.1
421290.0,0.225
421323.0,0.225
421342.0,0.02
421349.0,0.105
421355.0,0.15
421356.0,0.05
421363.0,0.27
421365.0,0.275
421381.0,0.13
421383.0,0.075
421386.0,0.255
421394.0,0.035
421395.0,0.125
421399.0,0.155
421431.0,0.205
421467.0,0.26
421554.0,0.12
421557.0,0.145
421558.0,0.135
421562.0,0.125
421614.0,0.16
421690.0,0.035
421758.0,0.42
421776.0,0.16
421827.0,0.31
421828.0,0.18
421829.0,0.065
421848.0,0.085
421862.0,0.045
421863.0,0.055
421868.0,0.02
421884.0,0.11
421921.0,0.165
421924.0,0.325
421958.0,0.18
421961.0,0.09
421964.0,0.04
421968.0,0.07
421974.0,0.26
421975.0,0.02
421977.0,0.18
421978.0,0.34
421979.0,0.03
421980.0,0.12
421982.0,0.05
421985.0,0.115
421986.0,0.11
421987.0,0.08
421988.0,0.01
421989.0,0.145
421990.0,0.195
421991.0,0.055
421993.0,0.205
421994.0,0.065
421996.0,0.325
421997.0,0.055
421998.0,0.145
421999.0,0.42
422000.0,0.195
422001.0,0.185
422002.0,0.155
422004.0,0.16
422005.0,0.4
422007.0,0.28
422008.0,0.065
422010.0,0.085
422011.0,0.03
422012.0,0.095
422014.0,0.08
422015.0,0.34
422016.0,0.115
422017.0,0.065
422018.0,0.04
422019.0,0.23
422039.0,0.015
422041.0,0.035
422042.0,0.045
422043.0,0.13
422044.0,0.07
422045.0,0.085
422047.0,0.205
422048.0,0.095
422049.0,0.09
422050.0,0.135
422051.0,0.13
422053.0,0.06
422054.0,0.12
422055.0,0.08
422056.0,0.12
422057.0,0.22
422058.0,0.14
422059.0,0.145
422060.0,0.045
422063.0,0.17
422064.0,0.065
422065.0,0.19
422066.0,0.1
422067.0,0.015
422068.0,0.04
422069.0,0.16
422070.0,0.12
422071.0,0.085
422072.0,0.095
422074.0,0.095
422152.0,0.02
422210.0,0.135
422227.0,0.23
422308.0,0.105
422339.0,0.085
422368.0,0.12
422391.0,0.065
422407.0,0.075
422485.0,0.1
422491.0,0.145
422506.0,0.175
422508.0,0.17
422512.0,0.045
422513.0,0.17
422514.0,0.055
422518.0,0.075
422519.0,0.075
422523.0,0.075
422524.0,0.095
422525.0,0.05
422526.0,0.075
422527.0,0.14
422531.0,0.39
422533.0,0.025
422534.0,0.065
422536.0,0.13
422537.0,0.07
422538.0,0.18
422540.0,0.19
422541.0,0.325
422543.0,0.145
422544.0,0.235
422545.0,0.03
422546.0,0.105
422547.0,0.285
422548.0,0.125
422549.0,0.19
422550.0,0.065
422551.0,0.155
422552.0,0.06
422553.0,0.065
422554.0,0.125
422555.0,0.155
422556.0,0.045
422639.0,0.01
422667.0,0.14
422734.0,0.07
422748.0,0.15
422749.0,0.11
422796.0,0.105
422810.0,0.085
422839.0,0.14
422850.0,0.295
422891.0,0.09
422940.0,0.2
422962.0,0.08
422964.0,0.125
423009.0,0.115
423022.0,0.11
423041.0,0.205
423046.0,0.185
423052.0,0.18
423055.0,0.085
423061.0,0.175
423075.0,0.105
423076.0,0.07
423077.0,0.145
423081.0,0.22
423083.0,0.195
423087.0,0.08
423089.0,0.055
423091.0,0.045
423098.0,0.085
423105.0,0.11
423106.0,0.145
423107.0,0.12
423114.0,0.17
423116.0,0.035
423120.0,0.17
423121.0,0.14
423125.0,0.075
423132.0,0.085
423133.0,0.04
423134.0,0.285
423135.0,0.145
423137.0,0.085
423138.0,0.03
423139.0,0.075
423140.0,0.135
423141.0,0.135
423143.0,0.085
423144.0,0.105
423145.0,0.06
423146.0,0.12
423147.0,0.11
423148.0,0.175
423149.0,0.035
423150.0,0.135
423151.0,0.075
423152.0,0.01
423153.0,0.25
423154.0,0.065
423155.0,0.06
423156.0,0.08
423157.0,0.07
423158.0,0.105
423159.0,0.225
423228.0,0.12
423237.0,0.215
423386.0,0.22
423416.0,0.305
423417.0,0.12
423489.0,0.14
423503.0,0.245
423522.0,0.095
423571.0,0.16
423574.0,0.04
423580.0,0.08
423621.0,0.225
423622.0,0.17
423624.0,0.16
423629.0,0.06
423631.0,0.12
423648.0,0.115
423651.0,0.065
423652.0,0.13
423658.0,0.26
423663.0,0.04
423664.0,0.02
423665.0,0.17
423668.0,0.085
423670.0,0.115
423671.0,0.17
423672.0,0.125
423679.0,0.025
423681.0,0.275
423687.0,0.13
423688.0,0.16
423690.0,0.08
423691.0,0.1
423693.0,0.09
423696.0,0.24
423698.0,0.15
423699.0,0.14
423700.0,0.135
423701.0,0.24
423702.0,0.085
423703.0,0.035
423704.0,0.09
423706.0,0.08
423707.0,0.12
423708.0,0.035
423709.0,0.165
423710.0,0.29
423711.0,0.08
423712.0,0.09
423713.0,0.08
423714.0,0.38
423715.0,0.03
423717.0,0.195
423718.0,0.08
423719.0,0.2
423720.0,0.06
423721.0,0.1
423722.0,0.07
423723.0,0.11
423724.0,0.04
423726.0,0.08
423730.0,0.025
423734.0,0.045
423735.0,0.145
423736.0,0.145
423737.0,0.04
423738.0,0.165
423739.0,0.1
423740.0,0.075
423741.0,0.07
423742.0,0.17
423743.0,0.105
423746.0,0.02
423747.0,0.05
423748.0,0.16
423749.0,0.085
423750.0,0.315
423751.0,0.06
423752.0,0.04
423753.0,0.235
423754.0,0.045
423755.0,0.025
423756.0,0.205
423800.0,0.125
423894.0,0.12
423938.0,0.2
423939.0,0.14
423940.0,0.1
423947.0,0.03
423957.0,0.28
423959.0,0.135
423966.0,0.39
423968.0,0.075
423972.0,0.08
423978.0,0.27
423979.0,0.095
423982.0,0.24
423983.0,0.165
423986.0,0.07
423990.0,0.065
423993.0,0.025
423994.0,0.11
423996.0,0.06
423998.0,0.105
423999.0,0.08
424000.0,0.04
424001.0,0.145
424002.0,0.025
424003.0,0.205
424004.0,0.065
424005.0,0.09
424006.0,0.12
424007.0,0.1
424008.0,0.215
424009.0,0.14
424010.0,0.225
424011.0,0.1
424012.0,0.035
424013.0,0.13
424014.0,0.115
424015.0,0.075
424016.0,0.125
424161.0,0.17
424189.0,0.22
424192.0,0.12
424198.0,0.095
424202.0,0.045
424203.0,0.045
424207.0,0.21
424208.0,0.145
424211.0,0.085
424214.0,0.19
424215.0,0.11
424216.0,0.07
424220.0,0.14
424222.0,0.13
424223.0,0.125
424232.0,0.13
424234.0,0.03
424235.0,0.05
424236.0,0.09
424241.0,0.01
424244.0,0.08
424245.0,0.185
424246.0,0.04
424248.0,0.28
424249.0,0.21
424251.0,0.055
424252.0,0.12
424253.0,0.09
424254.0,0.18
424255.0,0.1
424256.0,0.145
424257.0,0.075
424258.0,0.185
424259.0,0.115
424260.0,0.105
424261.0,0.09
424262.0,0.085
424264.0,0.08
424265.0,0.15
424266.0,0.22
424267.0,0.03
424268.0,0.03
424270.0,0.215
424271.0,0.23
424272.0,0.01
424273.0,0.065
424274.0,0.08
424275.0,0.045
424320.0,0.185
424354.0,0.08
424359.0,0.105
424360.0,0.135
424361.0,0.17
424362.0,0.05
424363.0,0.005
424364.0,0.08
424365.0,0.065
424491.0,0.205
424576.0,0.225
424639.0,0.04
424640.0,0.065
424653.0,0.145
424672.0,0.11
424708.0,0.07
424724.0,0.135
424725.0,0.18
424734.0,0.32
424755.0,0.125
424758.0,0.225
424765.0,0.08
424770.0,0.08
424773.0,0.18
424780.0,0.095
424784.0,0.055
424791.0,0.11
424797.0,0.22
424800.0,0.04
424807.0,0.015
424809.0,0.175
424812.0,0.21
424813.0,0.2
424816.0,0.08
424817.0,0.035
424820.0,0.11
424822.0,0.15
424823.0,0.125
424825.0,0.12
424826.0,0.115
424827.0,0.015
424828.0,0.13
424830.0,0.205
424831.0,0.04
424832.0,0.275
424833.0,0.12
424834.0,0.175
424835.0,0.27
424836.0,0.18
424837.0,0.225
424838.0,0.105
424839.0,0.1
424840.0,0.085
424841.0,0.285
424843.0,0.04
424845.0,0.175
424846.0,0.04
424847.0,0.08
424848.0,0.12
424849.0,0.275
424850.0,0.285
424851.0,0.07
424852.0,0.04
424853.0,0.06
424854.0,0.14
424856.0,0.02
424857.0,0.095
424947.0,0.33
425037.0,0.14
425039.0,0.17
425096.0,0.1
425107.0,0.07
425156.0,0.03
425191.0,0.08
425192.0,0.13
425230.0,0.035
425231.0,0.17
425237.0,0.06
425281.0,0.225
425301.0,0.08
425306.0,0.255
425312.0,0.085
425313.0,0.01
425317.0,0.035
425326.0,0.135
425330.0,0.045
425336.0,0.375
425338.0,0.08
425343.0,0.21
425345.0,0.045
425360.0,0.075
425364.0,0.165
425368.0,0.295
425369.0,0.03
425371.0,0.27
425372.0,0.045
425373.0,0.19
425374.0,0.1
425376.0,0.21
425379.0,0.06
425380.0,0.025
425381.0,0.15
425382.0,0.1
425383.0,0.035
425384.0,0.075
425385.0,0.05
425388.0,0.32
425389.0,0.05
425390.0,0.055
425391.0,0.25
425392.0,0.065
425394.0,0.13
425395.0,0.165
425396.0,0.095
425397.0,0.03
425398.0,0.09
425399.0,0.05
425400.0,0.035
425403.0,0.155
425404.0,0.125
425405.0,0.06
425406.0,0.135
425407.0,0.17
425408.0,0.04
425409.0,0.04
425411.0,0.065
425412.0,0.12
425413.0,0.365
425414.0,0.125
425415.0,0.22
425416.0,0.235
425418.0,0.05
425419.0,0.02
425423.0,0.135
425424.0,0.06
425425.0,0.44
425426.0,0.105
425429.0,0.13
425430.0,0.08
425431.0,0.215
425432.0,0.045
425433.0,0.185
425434.0,0.09
425435.0,0.285
425437.0,0.065
425438.0,0.015
425439.0,0.06
425440.0,0.115
425441.0,0.055
425442.0,0.42
425444.0,0.135
425446.0,0.035
425447.0,0.11
425448.0,0.19
425449.0,0.07
425450.0,0.15
425451.0,0.04
425453.0,0.18
425454.0,0.25
425455.0,0.09
425456.0,0.18
425457.0,0.14
425458.0,0.07
425459.0,0.225
425460.0,0.025
425461.0,0.125
425462.0,0.035
425511.0,0.065
425601.0,0.02
425810.0,0.05
425824.0,0.09
425830.0,0.265
425835.0,0.14
425838.0,0.075
425865.0,0.055
425877.0,0.135
425904.0,0.065
425905.0,0.06
425906.0,0.06
425909.0,0.215
425911.0,0.28
425913.0,0.105
425923.0,0.065
425932.0,0.1
425938.0,0.005
425939.0,0.09
425943.0,0.265
425944.0,0.05
425945.0,0.07
425946.0,0.035
425948.0,0.11
425950.0,0.05
425952.0,0.135
425954.0,0.16
425955.0,0.025
425957.0,0.285
425958.0,0.015
425959.0,0.255
425960.0,0.125
425961.0,0.18
425962.0,0.08
425964.0,0.135
425965.0,0.04
425966.0,0.175
425967.0,0.105
425968.0,0.155
425969.0,0.08
425970.0,0.15
425971.0,0.205
425972.0,0.04
425976.0,0.21
426050.0,0.05
426051.0,0.255
426052.0,0.04
426053.0,0.04
426124.0,0.08
426132.0,0.1
426154.0,0.195
426192.0,0.03
426235.0,0.11
426297.0,0.18
426387.0,0.2
426396.0,0.025
426436.0,0.11
426437.0,0.085
426460.0,0.095
426466.0,0.185
426469.0,0.055
426510.0,0.17
426617.0,0.3
426630.0,0.09
426631.0,0.1
426650.0,0.11
426688.0,0.13
426691.0,0.02
426855.0,0.225
426873.0,0.17
426890.0,0.1
426891.0,0.07
426895.0,0.03
426928.0,0.34
426929.0,0.025
426955.0,0.215
426957.0,0.08
427007.0,0.155
427009.0,0.035
427021.0,0.215
427023.0,0.05
427032.0,0.085
427036.0,0.095
427040.0,0.1
427041.0,0.09
427042.0,0.1
427044.0,0.035
427048.0,0.175
427050.0,0.12
427054.0,0.05
427057.0,0.14
427058.0,0.055
427059.0,0.12
427060.0,0.09
427062.0,0.08
427063.0,0.17
427064.0,0.035
427065.0,0.075
427067.0,0.17
427069.0,0.1
427070.0,0.06
427071.0,0.165
427072.0,0.07
427073.0,0.075
427074.0,0.04
427075.0,0.03
427076.0,0.06
427077.0,0.12
427078.0,0.14
427079.0,0.095
427080.0,0.06
427081.0,0.13
427082.0,0.195
427088.0,0.065
427109.0,0.045
427110.0,0.265
427111.0,0.13
427114.0,0.25
427115.0,0.255
427120.0,0.04
427121.0,0.02
427122.0,0.295
427125.0,0.065
427126.0,0.06
427127.0,0.06
427128.0,0.07
427129.0,0.035
427130.0,0.295
427131.0,0.085
427132.0,0.07
427133.0,0.08
427134.0,0.045
427135.0,0.145
427137.0,0.215
427138.0,0.1
427139.0,0.17
427140.0,0.21
427142.0,0.025
427143.0,0.11
427144.0,0.3
427145.0,0.05
427146.0,0.14
427147.0,0.095
427148.0,0.065
427149.0,0.13
427150.0,0.115
427151.0,0.025
427152.0,0.015
427153.0,0.02
427154.0,0.225
427155.0,0.14
427156.0,0.045
427157.0,0.155
427158.0,0.28
427159.0,0.1
427160.0,0.06
427161.0,0.16
427162.0,0.37
427163.0,0.235
427164.0,0.045
427165.0,0.04
427254.0,0.14
427263.0,0.065
427324.0,0.335
427330.0,0.35
427379.0,0.09
427465.0,0.04
427485.0,0.205
427489.0,0.03
427505.0,0.1
427567.0,0.155
427575.0,0.23
427578.0,0.14
427589.0,0.245
427612.0,0.185
427615.0,0.05
427618.0,0.125
427620.0,0.195
427622.0,0.03
427627.0,0.075
427628.0,0.125
427632.0,0.05
427634.0,0.02
427635.0,0.21
427637.0,0.115
427639.0,0.215
427640.0,0.075
427641.0,0.035
427642.0,0.16
427643.0,0.08
427645.0,0.08
427646.0,0.075
427647.0,0.035
427649.0,0.08
427650.0,0.085
427652.0,0.21
427653.0,0.175
427654.0,0.03
427655.0,0.305
427656.0,0.095
427657.0,0.11
427658.0,0.19
427659.0,0.085
427660.0,0.105
427661.0,0.185
427662.0,0.055
427663.0,0.07
427664.0,0.185
427665.0,0.03
427666.0,0.015
427667.0,0.045
427668.0,0.17
427669.0,0.155
427671.0,0.19
427672.0,0.31
427673.0,0.06
427676.0,0.105
427677.0,0.045
427703.0,0.16
427738.0,0.07
427809.0,0.13
427881.0,0.105
427949.0,0.06
427985.0,0.315
428047.0,0.13
428054.0,0.52
428080.0,0.155
428143.0,0.41
428162.0,0.32
428166.0,0.065
428187.0,0.045
428188.0,0.11
428189.0,0.08
428195.0,0.03
428196.0,0.19
428198.0,0.175
428200.0,0.04
428201.0,0.145
428204.0,0.445
428206.0,0.125
428207.0,0.225
428208.0,0.175
428210.0,0.045
428211.0,0.085
428212.0,0.25
428213.0,0.115
428215.0,0.045
428217.0,0.165
428218.0,0.12
428219.0,0.155
428220.0,0.05
428222.0,0.235
428223.0,0.15
428224.0,0.09
428225.0,0.125
428227.0,0.115
428228.0,0.07
428229.0,0.475
428230.0,0.345
428231.0,0.105
428232.0,0.14
428233.0,0.035
428234.0,0.125
428235.0,0.305
428236.0,0.095
428237.0,0.155
428238.0,0.07
428240.0,0.03
428241.0,0.07
428242.0,0.035
428243.0,0.16
428244.0,0.255
428311.0,0.16
428312.0,0.16
428313.0,0.18
428314.0,0.145
428409.0,0.02
428416.0,0.04
428423.0,0.105
428424.0,0.18
428463.0,0.14
428485.0,0.245
428517.0,0.12
428518.0,0.215
428561.0,0.07
428565.0,0.015
428590.0,0.1
428597.0,0.04
428614.0,0.115
428616.0,0.21
428621.0,0.03
428626.0,0.185
428629.0,0.06
428636.0,0.185
428647.0,0.075
428654.0,0.05
428659.0,0.065
428686.0,0.045
428690.0,0.035
428701.0,0.09
428708.0,0.15
428714.0,0.09
428722.0,0.08
428729.0,0.115
428745.0,0.105
428751.0,0.09
428757.0,0.065
428764.0,0.125
428774.0,0.115
428778.0,0.08
428783.0,0.065
428789.0,0.09
428797.0,0.25
428799.0,0.09
428801.0,0.515
428804.0,0.105
428806.0,0.115
428813.0,0.04
428816.0,0.055
428821.0,0.155
428832.0,0.185
428839.0,0.07
428842.0,0.205
428850.0,0.075
428859.0,0.19
428871.0,0.16
428907.0,0.235
428913.0,0.05
428920.0,0.245
428924.0,0.06
428928.0,0.235
428930.0,0.07
428933.0,0.27
428938.0,0.05
428944.0,0.135
428948.0,0.11
428963.0,0.11
428975.0,0.21
428979.0,0.085
428982.0,0.465
428984.0,0.04
428987.0,0.15
429015.0,0.06
429018.0,0.07
429028.0,0.02
429035.0,0.165
429037.0,0.085
429042.0,0.03
429055.0,0.04
429066.0,0.065
429067.0,0.19
429069.0,0.035
429077.0,0.125
429078.0,0.24
429083.0,0.125
429091.0,0.165
429093.0,0.02
429094.0,0.06
429103.0,0.095
429109.0,0.115
429121.0,0.31
429129.0,0.065
429134.0,0.07
429138.0,0.15
429164.0,0.045
429173.0,0.225
429182.0,0.05
429190.0,0.04
429199.0,0.015
429219.0,0.245
429224.0,0.065
429226.0,0.29
429230.0,0.045
429239.0,0.06
429243.0,0.11
429256.0,0.08
429266.0,0.17
429269.0,0.1
429294.0,0.115
429295.0,0.085
429297.0,0.225
429299.0,0.055
429302.0,0.035
429305.0,0.13
429308.0,0.03
429314.0,0.205
429318.0,0.105
429348.0,0.07
429356.0,0.33
429359.0,0.17
429372.0,0.115
429373.0,0.105
429384.0,0.2
429385.0,0.085
429398.0,0.065
429405.0,0.08
429407.0,0.085
429408.0,0.085
429412.0,0.15
429414.0,0.135
429415.0,0.21
429421.0,0.105
429422.0,0.125
429430.0,0.205
429432.0,0.065
429440.0,0.16
429442.0,0.31
429451.0,0.305
429459.0,0.11
429469.0,0.115
429471.0,0.045
429482.0,0.015
429483.0,0.185
429491.0,0.29
429493.0,0.115
429496.0,0.25
429498.0,0.065
429501.0,0.06
429502.0,0.105
429508.0,0.09
429509.0,0.04
429511.0,0.275
429528.0,0.04
429531.0,0.39
429539.0,0.22
429549.0,0.215
429555.0,0.095
429557.0,0.075
429567.0,0.16
429570.0,0.125
429576.0,0.045
429590.0,0.055
429591.0,0.225
429597.0,0.095
429600.0,0.115
429602.0,0.035
429604.0,0.115
429623.0,0.08
429625.0,0.035
429626.0,0.13
429628.0,0.015
429634.0,0.155
429637.0,0.135
429666.0,0.035
429667.0,0.15
429670.0,0.115
429673.0,0.05
429678.0,0.12
429693.0,0.095
429702.0,0.13
429708.0,0.145
429737.0,0.075
429739.0,0.045
429740.0,0.055
429750.0,0.155
429770.0,0.22
429774.0,0.17
429777.0,0.09
429780.0,0.045
429809.0,0.165
429810.0,0.035
429831.0,0.07
429835.0,0.155
429838.0,0.285
429846.0,0.095
429851.0,0.15
429852.0,0.04
429856.0,0.045
429857.0,0.075
429866.0,0.26
429871.0,0.06
429873.0,0.16
429879.0,0.485
429882.0,0.065
429885.0,0.07
429890.0,0.16
429897.0,0.015
429933.0,0.075
429936.0,0.06
429948.0,0.135
429952.0,0.225
429967.0,0.03
429982.0,0.04
429989.0,0.125
430000.0,0.08
430003.0,0.08
430011.0,0.27
430019.0,0.065
430035.0,0.025
430042.0,0.41
430047.0,0.07
430048.0,0.135
430059.0,0.135
430060.0,0.19
430077.0,0.07
430080.0,0.165
430083.0,0.415
430086.0,0.235
430090.0,0.175
430103.0,0.065
430107.0,0.195
430114.0,0.065
430116.0,0.105
430124.0,0.09
430129.0,0.165
430132.0,0.185
430146.0,0.085
430155.0,0.15
430156.0,0.04
430160.0,0.085
430168.0,0.06
430170.0,0.125
430176.0,0.1
430177.0,0.345
430186.0,0.14
430187.0,0.12
430195.0,0.19
430198.0,0.38
430204.0,0.165
430210.0,0.15
430211.0,0.24
430213.0,0.04
430216.0,0.32
430217.0,0.195
430227.0,0.015
430253.0,0.05
430266.0,0.2
430274.0,0.07
430280.0,0.085
430300.0,0.03
430301.0,0.06
430309.0,0.31
430313.0,0.08
430316.0,0.32
430319.0,0.24
430332.0,0.11
430346.0,0.085
430357.0,0.155
430359.0,0.125
430368.0,0.08
430376.0,0.055
430383.0,0.17
430389.0,0.06
430393.0,0.18
430394.0,0.035
430404.0,0.14
430405.0,0.045
430407.0,0.14
430433.0,0.13
430445.0,0.065
430446.0,0.06
430451.0,0.12
430452.0,0.025
430459.0,0.13
430466.0,0.115
430467.0,0.025
430473.0,0.2
430477.0,0.02
430483.0,0.085
430512.0,0.06
430521.0,0.02
430524.0,0.06
430529.0,0.1
430533.0,0.03
430536.0,0.035
430538.0,0.055
430540.0,0.135
430548.0,0.11
430549.0,0.095
430550.0,0.09
430566.0,0.16
430574.0,0.08
430576.0,0.105
430582.0,0.175
430585.0,0.065
430625.0,0.08
430627.0,0.115
430629.0,0.16
430637.0,0.145
430639.0,0.025
430641.0,0.075
430656.0,0.065
430659.0,0.015
430661.0,0.04
430671.0,0.08
430672.0,0.075
430673.0,0.14
430674.0,0.055
430676.0,0.075
430691.0,0.045
430698.0,0.09
430699.0,0.205
430708.0,0.14
430719.0,0.125
430726.0,0.07
430728.0,0.485
430730.0,0.335
430731.0,0.3
430732.0,0.11
430738.0,0.14
430770.0,0.23
430782.0,0.235
430785.0,0.08
430786.0,0.08
430806.0,0.305
430818.0,0.29
430819.0,0.075
430820.0,0.075
430835.0,0.085
430836.0,0.06
430837.0,0.17
430838.0,0.035
430839.0,0.07
430847.0,0.46
430853.0,0.045
430856.0,0.045
430876.0,0.07
430886.0,0.055
430887.0,0.085
430889.0,0.08
430927.0,0.015
430931.0,0.18
430939.0,0.095
430942.0,0.065
430949.0,0.08
430957.0,0.04
430960.0,0.02
430961.0,0.02
430962.0,0.25
430973.0,0.055
430975.0,0.08
430976.0,0.045
430981.0,0.085
430992.0,0.135
431007.0,0.425
431010.0,0.1
431013.0,0.045
431023.0,0.055
431027.0,0.075
431044.0,0.135
431056.0,0.05
431058.0,0.055
431065.0,0.09
431077.0,0.155
431080.0,0.22
431082.0,0.035
431088.0,0.295
431095.0,0.105
431100.0,0.125
431106.0,0.125
431107.0,0.165
431110.0,0.03
431114.0,0.1
431138.0,0.18
431144.0,0.1
431162.0,0.125
431170.0,0.225
431171.0,0.035
431176.0,0.165
431203.0,0.165
431211.0,0.09
431212.0,0.08
431215.0,0.04
431238.0,0.33
431241.0,0.115
431244.0,0.16
431254.0,0.075
431263.0,0.09
431278.0,0.04
431285.0,0.21
431286.0,0.315
431298.0,0.08
431305.0,0.12
431315.0,0.185
431323.0,0.125
431325.0,0.045
431334.0,0.01
431358.0,0.23
431372.0,0.085
431373.0,0.045
431374.0,0.235
431377.0,0.2
431386.0,0.095
431388.0,0.29
431395.0,0.02
431396.0,0.13
431413.0,0.06
431416.0,0.27
431418.0,0.225
431431.0,0.22
431444.0,0.135
431449.0,0.48
431467.0,0.05
431469.0,0.07
431479.0,0.08
431480.0,0.045
431481.0,0.035
431488.0,0.075
431492.0,0.32
431496.0,0.085
431497.0,0.045
431508.0,0.23
431511.0,0.09
431517.0,0.06
431520.0,0.205
431538.0,0.25
431540.0,0.025
431543.0,0.265
431545.0,0.065
431560.0,0.07
431561.0,0.11
431584.0,0.395
431591.0,0.21
431593.0,0.095
431625.0,0.255
431630.0,0.23
431633.0,0.04
431635.0,0.07
431649.0,0.045
431650.0,0.125
431651.0,0.05
431652.0,0.105
431667.0,0.17
431668.0,0.245
431672.0,0.105
431675.0,0.26
431680.0,0.255
431682.0,0.095
431683.0,0.06
431693.0,0.13
431697.0,0.08
431726.0,0.135
431731.0,0.115
431732.0,0.175
431744.0,0.005
431750.0,0.065
431755.0,0.045
431756.0,0.075
431757.0,0.175
431765.0,0.08
431766.0,0.035
431768.0,0.245
431770.0,0.045
431773.0,0.06
431775.0,0.105
431777.0,0.22
431778.0,0.315
431801.0,0.115
431807.0,0.035
431810.0,0.08
431815.0,0.15
431816.0,0.15
431823.0,0.11
431831.0,0.1
431837.0,0.06
431841.0,0.115
431845.0,0.02
431854.0,0.115
431857.0,0.055
431865.0,0.065
431866.0,0.125
431867.0,0.115
431869.0,0.075
431889.0,0.15
431899.0,0.045
431903.0,0.205
431909.0,0.035
431914.0,0.085
431916.0,0.12
431918.0,0.245
431931.0,0.08
431940.0,0.07
431948.0,0.19
431962.0,0.145
431965.0,0.09
431974.0,0.02
431976.0,0.03
431987.0,0.105
431988.0,0.055
431995.0,0.16
431999.0,0.085
432003.0,0.04
432005.0,0.225
432009.0,0.14
432011.0,0.025
432022.0,0.31
432028.0,0.135
432030.0,0.045
432037.0,0.06
432065.0,0.11
432070.0,0.025
432075.0,0.265
432078.0,0.21
432080.0,0.145
432085.0,0.075
432092.0,0.085
432111.0,0.315
432112.0,0.02
432115.0,0.065
432117.0,0.125
432118.0,0.16
432129.0,0.205
432132.0,0.25
432133.0,0.08
432145.0,0.135
432146.0,0.105
432148.0,0.115
432156.0,0.125
432167.0,0.11
432169.0,0.02
432188.0,0.075
432192.0,0.23
432221.0,0.03
432226.0,0.155
432231.0,0.045
432247.0,0.06
432252.0,0.075
432254.0,0.055
432263.0,0.085
432265.0,0.075
432271.0,0.19
432280.0,0.04
432282.0,0.075
432284.0,0.05
432291.0,0.525
432296.0,0.22
432298.0,0.13
432301.0,0.04
432309.0,0.07
432312.0,0.16
432320.0,0.04
432324.0,0.04
432330.0,0.1
432339.0,0.03
432356.0,0.05
432357.0,0.055
432362.0,0.085
432365.0,0.065
432366.0,0.075
432370.0,0.16
432377.0,0.205
432384.0,0.065
432391.0,0.125
432405.0,0.09
432406.0,0.165
432414.0,0.2
432415.0,0.045
432417.0,0.015
432419.0,0.07
432424.0,0.035
432425.0,0.16
432432.0,0.21
432438.0,0.115
432441.0,0.155
432444.0,0.345
432446.0,0.445
432452.0,0.12
432454.0,0.13
432473.0,0.265
432482.0,0.14
432489.0,0.1
432492.0,0.205
432495.0,0.02
432501.0,0.13
432507.0,0.055
432509.0,0.23
432510.0,0.045
432522.0,0.045
432525.0,0.14
432526.0,0.055
432527.0,0.255
432532.0,0.045
432535.0,0.11
432544.0,0.06
432547.0,0.07
432551.0,0.085
432553.0,0.02
432555.0,0.065
432560.0,0.05
432569.0,0.205
432577.0,0.085
432585.0,0.085
432590.0,0.035
432591.0,0.085
432594.0,0.055
432607.0,0.055
432608.0,0.205
432609.0,0.18
432612.0,0.22
432613.0,0.045
432616.0,0.06
432618.0,0.375
432622.0,0.085
432626.0,0.05
432639.0,0.06
432640.0,0.055
432642.0,0.205
432648.0,0.085
432653.0,0.13
432661.0,0.12
432668.0,0.105
432682.0,0.18
432686.0,0.145
432693.0,0.085
432695.0,0.25
432696.0,0.41
432698.0,0.3
432699.0,0.025
432702.0,0.105
432707.0,0.08
432712.0,0.05
432719.0,0.1
432724.0,0.01
432728.0,0.1
432737.0,0.15
432745.0,0.225
432746.0,0.135
432749.0,0.18
432752.0,0.075
432758.0,0.085
432769.0,0.09
432770.0,0.125
432771.0,0.09
432788.0,0.055
432804.0,0.035
432807.0,0.23
432830.0,0.25
432831.0,0.06
432842.0,0.115
432849.0,0.275
432876.0,0.265
432886.0,0.085
432888.0,0.055
432897.0,0.02
432918.0,0.11
432919.0,0.11
432920.0,0.04
432921.0,0.085
432930.0,0.16
432932.0,0.055
432943.0,0.19
432944.0,0.07
432951.0,0.075
432952.0,0.02
432965.0,0.315
432969.0,0.105
432981.0,0.07
432985.0,0.1
432986.0,0.05
432988.0,0.145
432991.0,0.18
432992.0,0.12
433002.0,0.04
433018.0,0.1
433019.0,0.135
433021.0,0.06
433024.0,0.05
433031.0,0.09
433035.0,0.14
433047.0,0.18
433050.0,0.04
433051.0,0.025
433055.0,0.115
433058.0,0.205
433069.0,0.135
433079.0,0.23
433098.0,0.19
433099.0,0.06
433104.0,0.09
433112.0,0.025
433117.0,0.07
433119.0,0.02
433130.0,0.045
433132.0,0.12
433158.0,0.275
433159.0,0.03
433162.0,0.025
433166.0,0.12
433169.0,0.09
433173.0,0.07
433174.0,0.09
433183.0,0.24
433184.0,0.04
433198.0,0.105
433205.0,0.16
433221.0,0.065
433271.0,0.28
433274.0,0.035
433276.0,0.185
433281.0,0.13
433283.0,0.1
433296.0,0.11
433300.0,0.09
433304.0,0.07
433308.0,0.105
433312.0,0.045
433313.0,0.19
433319.0,0.025
433332.0,0.115
433342.0,0.045
433343.0,0.03
433344.0,0.13
433345.0,0.02
433347.0,0.075
433350.0,0.06
433355.0,0.285
433356.0,0.055
433359.0,0.08
433361.0,0.135
433363.0,0.11
433370.0,0.07
433371.0,0.075
433374.0,0.12
433384.0,0.14
433390.0,0.15
433392.0,0.085
433396.0,0.13
433403.0,0.27
433405.0,0.045
433408.0,0.27
433410.0,0.21
433411.0,0.05
433424.0,0.115
433431.0,0.055
433432.0,0.23
433440.0,0.1
433441.0,0.145
433451.0,0.12
433452.0,0.13
433459.0,0.025
433463.0,0.05
433464.0,0.06
433470.0,0.19
433480.0,0.085
433482.0,0.2
433485.0,0.075
433494.0,0.235
433495.0,0.08
433496.0,0.03
433505.0,0.085
433509.0,0.035
433515.0,0.11
433518.0,0.055
433519.0,0.33
433527.0,0.21
433532.0,0.09
433535.0,0.02
433539.0,0.125
433561.0,0.075
433564.0,0.345
433566.0,0.055
433574.0,0.125
433575.0,0.09
433584.0,0.17
433591.0,0.195
433596.0,0.36
433598.0,0.175
433602.0,0.06
433606.0,0.09
433611.0,0.05
433617.0,0.075
433620.0,0.35
433628.0,0.175
433631.0,0.095
433651.0,0.12
433653.0,0.14
433657.0,0.045
433661.0,0.1
433662.0,0.24
433663.0,0.14
433668.0,0.1
433670.0,0.335
433680.0,0.295
433686.0,0.185
433709.0,0.055
433725.0,0.085
433731.0,0.075
433735.0,0.2
433745.0,0.105
433748.0,0.025
433754.0,0.125
433762.0,0.04
433766.0,0.065
433767.0,0.015
433779.0,0.2
433783.0,0.04
433785.0,0.13
433789.0,0.01
433794.0,0.285
433799.0,0.075
433800.0,0.04
433804.0,0.105
433816.0,0.11
433820.0,0.15
433829.0,0.055
433837.0,0.08
433840.0,0.035
433842.0,0.05
433849.0,0.08
433853.0,0.075
433862.0,0.04
433872.0,0.035
433882.0,0.145
433892.0,0.07
433896.0,0.045
433906.0,0.085
433913.0,0.145
433914.0,0.005
433957.0,0.08
433958.0,0.095
433965.0,0.175
433976.0,0.08
433984.0,0.04
433995.0,0.1
433996.0,0.065
434006.0,0.13
434007.0,0.06
434009.0,0.14
434019.0,0.23
434024.0,0.15
434026.0,0.12
434027.0,0.07
434034.0,0.135
434036.0,0.07
434037.0,0.145
434046.0,0.115
434050.0,0.025
434051.0,0.02
434052.0,0.11
434055.0,0.215
434061.0,0.16
434064.0,0.06
434108.0,0.13
434109.0,0.19
434121.0,0.17
434122.0,0.06
434140.0,0.035
434151.0,0.085
434156.0,0.135
434157.0,0.035
434160.0,0.185
434164.0,0.09
434167.0,0.035
434169.0,0.125
434173.0,0.035
434176.0,0.12
434177.0,0.205
434179.0,0.2
434180.0,0.07
434183.0,0.145
434192.0,0.01
434205.0,0.105
434209.0,0.06
434212.0,0.155
434214.0,0.095
434216.0,0.1
434222.0,0.265
434223.0,0.095
434224.0,0.15
434259.0,0.205
434261.0,0.01
434263.0,0.13
434264.0,0.035
434282.0,0.035
434283.0,0.06
434293.0,0.145
434317.0,0.17
434322.0,0.095
434326.0,0.17
434327.0,0.05
434328.0,0.075
434336.0,0.17
434340.0,0.095
434342.0,0.135
434350.0,0.3
434355.0,0.06
434375.0,0.035
434387.0,0.09
434390.0,0.09
434391.0,0.08
434408.0,0.06
434410.0,0.1
434423.0,0.17
434439.0,0.245
434442.0,0.12
434445.0,0.27
434448.0,0.075
434460.0,0.095
434465.0,0.04
434467.0,0.08
434468.0,0.125
434501.0,0.11
434504.0,0.22
434505.0,0.15
434507.0,0.02
434514.0,0.255
434535.0,0.09
434538.0,0.325
434542.0,0.2
434545.0,0.115
434554.0,0.23
434556.0,0.145
434568.0,0.175
434569.0,0.21
434571.0,0.175
434574.0,0.17
434579.0,0.015
434599.0,0.105
434604.0,0.21
434606.0,0.03
434607.0,0.11
434608.0,0.015
434610.0,0.065
434615.0,0.185
434616.0,0.525
434619.0,0.085
434658.0,0.185
434669.0,0.04
434675.0,0.04
434678.0,0.025
434680.0,0.12
434690.0,0.225
434698.0,0.16
434702.0,0.365
434704.0,0.035
434722.0,0.01
434727.0,0.115
434730.0,0.085
434735.0,0.03
434739.0,0.16
434765.0,0.03
434767.0,0.185
434784.0,0.285
434787.0,0.305
434788.0,0.155
434789.0,0.03
434790.0,0.135
434791.0,0.16
434802.0,0.06
434806.0,0.045
434807.0,0.075
434808.0,0.255
434815.0,0.19
434816.0,0.14
434817.0,0.12
434818.0,0.145
434830.0,0.135
434918.0,0.07
434920.0,0.125
434921.0,0.065
434922.0,0.345
434937.0,0.095
434948.0,0.045
434949.0,0.235
434952.0,0.045
434954.0,0.045
434957.0,0.095
434968.0,0.035
434974.0,0.055
434982.0,0.075
434986.0,0.09
434993.0,0.05
434995.0,0.265
435005.0,0.1
435013.0,0.16
435027.0,0.055
435034.0,0.395
435056.0,0.245
435060.0,0.08
435062.0,0.17
435068.0,0.04
435069.0,0.105
435071.0,0.31
435079.0,0.02
435086.0,0.18
435092.0,0.2
435099.0,0.045
435100.0,0.125
435108.0,0.065
435118.0,0.105
435120.0,0.05
435129.0,0.15
435132.0,0.285
435138.0,0.03
435139.0,0.28
435142.0,0.235
435147.0,0.3
435148.0,0.25
435151.0,0.02
435153.0,0.015
435154.0,0.135
435164.0,0.31
435173.0,0.055
435174.0,0.14
435179.0,0.025
435199.0,0.07
435202.0,0.07
435203.0,0.155
435214.0,0.19
435217.0,0.095
435222.0,0.18
435229.0,0.37
435239.0,0.105
435248.0,0.04
435259.0,0.075
435260.0,0.08
435263.0,0.06
435264.0,0.015
435267.0,0.065
435274.0,0.195
435286.0,0.015
435296.0,0.02
435308.0,0.085
435328.0,0.19
435333.0,0.06
435363.0,0.03
435366.0,0.015
435375.0,0.02
435378.0,0.195
435400.0,0.045
435408.0,0.19
435409.0,0.085
435415.0,0.025
435419.0,0.24
435422.0,0.02
435428.0,0.23
435432.0,0.135
435434.0,0.175
435435.0,0.17
435440.0,0.185
435455.0,0.075
435464.0,0.08
435470.0,0.005
435475.0,0.255
435478.0,0.09
435480.0,0.2
435482.0,0.05
435490.0,0.11
435507.0,0.22
435509.0,0.11
435510.0,0.04
435519.0,0.14
435527.0,0.285
435533.0,0.07
435534.0,0.245
435535.0,0.065
435536.0,0.015
435540.0,0.175
435551.0,0.155
435562.0,0.335
435564.0,0.245
435585.0,0.105
435590.0,0.05
435609.0,0.03
435610.0,0.04
435611.0,0.045
435623.0,0.155
435681.0,0.13
435682.0,0.14
435683.0,0.06
435704.0,0.11
435711.0,0.09
435713.0,0.125
435714.0,0.16
435716.0,0.05
435717.0,0.19
435718.0,0.15
435719.0,0.07
435741.0,0.06
435765.0,0.135
435766.0,0.115
435767.0,0.05
435773.0,0.17
435802.0,0.085
435806.0,0.125
435807.0,0.145
435809.0,0.045
435811.0,0.245
435816.0,0.07
435823.0,0.165
435835.0,0.09
435848.0,0.135
435849.0,0.255
435858.0,0.11
435870.0,0.195
435874.0,0.035
435890.0,0.27
435892.0,0.08
435911.0,0.155
435915.0,0.05
435924.0,0.08
435937.0,0.1
435943.0,0.22
435958.0,0.04
435962.0,0.06
435965.0,0.33
435968.0,0.155
435997.0,0.02
435998.0,0.3
435999.0,0.035
436009.0,0.19
436021.0,0.175
436022.0,0.065
436026.0,0.225
436032.0,0.04
436037.0,0.115
436049.0,0.205
436058.0,0.125
436059.0,0.175
436062.0,0.265
436068.0,0.045
436079.0,0.075
436082.0,0.1
436083.0,0.15
436093.0,0.1
436098.0,0.05
436113.0,0.08
436127.0,0.18
436148.0,0.115
436152.0,0.31
436159.0,0.04
436165.0,0.06
436170.0,0.075
436174.0,0.045
436176.0,0.1
436183.0,0.02
436194.0,0.015
436196.0,0.135
436204.0,0.095
436207.0,0.265
436210.0,0.11
436219.0,0.26
436227.0,0.09
436230.0,0.065
436233.0,0.06
436235.0,0.145
436250.0,0.075
436260.0,0.205
436285.0,0.325
436291.0,0.135
436304.0,0.05
436307.0,0.115
436308.0,0.145
436311.0,0.1
436314.0,0.15
436322.0,0.095
436323.0,0.485
436339.0,0.08
436350.0,0.08
436358.0,0.065
436359.0,0.06
436363.0,0.06
436365.0,0.07
436369.0,0.075
436377.0,0.095
436378.0,0.165
436387.0,0.135
436394.0,0.185
436397.0,0.145
436399.0,0.285
436401.0,0.1
436404.0,0.065
436421.0,0.07
436422.0,0.25
436426.0,0.08
436430.0,0.16
436464.0,0.055
436471.0,0.02
436476.0,0.06
436478.0,0.065
436486.0,0.035
436497.0,0.08
436508.0,0.09
436509.0,0.035
436510.0,0.125
436511.0,0.245
436528.0,0.08
436531.0,0.185
436534.0,0.355
436535.0,0.105
436536.0,0.015
436537.0,0.05
436560.0,0.045
436562.0,0.12
436563.0,0.15
436564.0,0.12
436598.0,0.055
436599.0,0.07
436600.0,0.15
436637.0,0.04
436674.0,0.1
436706.0,0.065
436721.0,0.07
436722.0,0.18
436735.0,0.04
436747.0,0.405
436748.0,0.11
436750.0,0.15
436757.0,0.435
436767.0,0.105
436771.0,0.01
436781.0,0.145
436786.0,0.04
436799.0,0.085
436807.0,0.165
436812.0,0.2
436821.0,0.225
436835.0,0.045
436836.0,0.14
436846.0,0.18
436874.0,0.045
436880.0,0.295
436882.0,0.16
436885.0,0.06
436893.0,0.09
436894.0,0.03
436896.0,0.09
436902.0,0.14
436918.0,0.055
436921.0,0.13
436935.0,0.11
436955.0,0.04
436961.0,0.155
436963.0,0.08
436964.0,0.17
436970.0,0.02
436975.0,0.01
437005.0,0.105
437014.0,0.15
437020.0,0.09
437043.0,0.125
437045.0,0.08
437070.0,0.16
437078.0,0.03
437095.0,0.06
437097.0,0.09
437123.0,0.02
437127.0,0.08
437128.0,0.09
437130.0,0.05
437147.0,0.23
437156.0,0.08
437157.0,0.265
437160.0,0.17
437161.0,0.045
437169.0,0.06
437189.0,0.175
437196.0,0.185
437198.0,0.105
437200.0,0.035
437206.0,0.2
437211.0,0.04
437215.0,0.095
437218.0,0.055
437226.0,0.11
437229.0,0.235
437235.0,0.045
437244.0,0.015
437245.0,0.075
437246.0,0.115
437264.0,0.105
437266.0,0.055
437268.0,0.145
437269.0,0.115
437273.0,0.07
437275.0,0.305
437276.0,0.105
437302.0,0.105
437304.0,0.175
437305.0,0.175
437306.0,0.095
437334.0,0.085
437335.0,0.095
437336.0,0.075
437338.0,0.285
437343.0,0.52
437356.0,0.12
437357.0,0.04
437358.0,0.175
437359.0,0.025
437360.0,0.27
437393.0,0.02
437397.0,0.14
437403.0,0.135
437409.0,0.045
437426.0,0.23
437430.0,0.195
437446.0,0.275
437459.0,0.075
437461.0,0.085
437462.0,0.155
437463.0,0.03
437475.0,0.065
437478.0,0.045
437480.0,0.07
437482.0,0.12
437486.0,0.01
437491.0,0.33
437492.0,0.06
437493.0,0.16
437496.0,0.255
437510.0,0.02
437515.0,0.055
437516.0,0.06
437519.0,0.035
437522.0,0.135
437524.0,0.095
437532.0,0.18
437538.0,0.085
437546.0,0.115
437551.0,0.215
437553.0,0.185
437556.0,0.125
437573.0,0.27
437575.0,0.085
437584.0,0.275
437591.0,0.205
437592.0,0.04
437595.0,0.065
437602.0,0.085
437610.0,0.06
437611.0,0.075
437621.0,0.14
437622.0,0.245
437624.0,0.035
437630.0,0.055
437631.0,0.29
437636.0,0.29
437666.0,0.04
437672.0,0.15
437676.0,0.16
437687.0,0.1
437689.0,0.17
437706.0,0.31
437712.0,0.2
437735.0,0.01
437757.0,0.08
437763.0,0.225
437790.0,0.055
437791.0,0.02
437795.0,0.145
437803.0,0.07
437810.0,0.115
437811.0,0.185
437813.0,0.04
437820.0,0.085
437823.0,0.05
437832.0,0.06
437841.0,0.055
437852.0,0.12
437858.0,0.12
437862.0,0.08
437892.0,0.05
437896.0,0.045
437903.0,0.245
437905.0,0.105
437911.0,0.3
437913.0,0.165
437918.0,0.045
437922.0,0.15
437933.0,0.075
437936.0,0.045
437945.0,0.135
437966.0,0.045
437967.0,0.245
437972.0,0.065
437977.0,0.21
437984.0,0.335
437996.0,0.025
437997.0,0.04
437999.0,0.065
438001.0,0.08
438004.0,0.155
438007.0,0.02
438029.0,0.095
438031.0,0.06
438034.0,0.14
438038.0,0.315
438054.0,0.195
438058.0,0.045
438064.0,0.13
438065.0,0.265
438074.0,0.05
438084.0,0.04
438088.0,0.075
438089.0,0.025
438090.0,0.075
438117.0,0.13
438118.0,0.095
438151.0,0.205
438152.0,0.125
438153.0,0.17
438154.0,0.05
438167.0,0.165
438187.0,0.235
438192.0,0.145
438195.0,0.155
438196.0,0.155
438220.0,0.05
438223.0,0.385
438229.0,0.065
438256.0,0.075
438258.0,0.13
438260.0,0.08
438264.0,0.03
438273.0,0.16
438306.0,0.295
438307.0,0.065
438308.0,0.03
438309.0,0.075
438310.0,0.235
438341.0,0.16
438348.0,0.03
438349.0,0.08
438364.0,0.01
438368.0,0.135
438380.0,0.205
438382.0,0.055
438402.0,0.13
438404.0,0.14
438408.0,0.205
438410.0,0.195
438429.0,0.105
438434.0,0.085
438435.0,0.135
438437.0,0.15
438438.0,0.085
438444.0,0.22
438471.0,0.08
438506.0,0.045
438521.0,0.125
438524.0,0.285
438525.0,0.165
438534.0,0.065
438541.0,0.06
438546.0,0.015
438547.0,0.09
438564.0,0.03
438568.0,0.045
438570.0,0.055
438578.0,0.11
438582.0,0.13
438587.0,0.1
438604.0,0.1
438620.0,0.045
438621.0,0.055
438624.0,0.095
438634.0,0.38
438644.0,0.1
438645.0,0.165
438651.0,0.1
438659.0,0.07
438660.0,0.05
438662.0,0.065
438668.0,0.02
438673.0,0.075
438677.0,0.04
438683.0,0.29
438687.0,0.13
438700.0,0.145
438713.0,0.275
438714.0,0.025
438715.0,0.04
438717.0,0.045
438721.0,0.11
438738.0,0.165
438749.0,0.02
438750.0,0.065
438756.0,0.255
438771.0,0.08
438777.0,0.03
438781.0,0.05
438783.0,0.155
438786.0,0.435
438792.0,0.11
438802.0,0.115
438808.0,0.155
438814.0,0.09
438829.0,0.125
438846.0,0.07
438851.0,0.105
438856.0,0.31
438858.0,0.125
438861.0,0.015
438862.0,0.2
438876.0,0.29
438880.0,0.11
438891.0,0.11
438896.0,0.2
438898.0,0.115
438904.0,0.085
438908.0,0.075
438921.0,0.205
438923.0,0.235
438929.0,0.17
438942.0,0.14
438950.0,0.18
438979.0,0.19
438994.0,0.15
438995.0,0.23
438996.0,0.055
439002.0,0.195
439013.0,0.05
439015.0,0.11
439017.0,0.06
439029.0,0.03
439047.0,0.26
439048.0,0.2
439049.0,0.5
439050.0,0.105
439061.0,0.175
439065.0,0.25
439069.0,0.205
439070.0,0.4
439071.0,0.095
439072.0,0.12
439073.0,0.095
439076.0,0.005
439077.0,0.08
439078.0,0.15
439089.0,0.09
439095.0,0.055
439113.0,0.035
439122.0,0.08
439127.0,0.08
439153.0,0.075
439154.0,0.215
439157.0,0.09
439197.0,0.055
439205.0,0.12
439207.0,0.15
439209.0,0.015
439213.0,0.07
439218.0,0.11
439222.0,0.12
439229.0,0.12
439233.0,0.07
439235.0,0.045
439236.0,0.085
439239.0,0.145
439248.0,0.075
439255.0,0.155
439265.0,0.085
439266.0,0.095
439268.0,0.07
439270.0,0.165
439276.0,0.135
439285.0,0.03
439294.0,0.06
439296.0,0.065
439299.0,0.295
439310.0,0.09
439319.0,0.025
439320.0,0.1
439325.0,0.15
439327.0,0.08
439328.0,0.115
439334.0,0.07
439335.0,0.175
439339.0,0.07
439343.0,0.045
439353.0,0.11
439356.0,0.085
439374.0,0.04
439391.0,0.185
439400.0,0.055
439405.0,0.215
439413.0,0.09
439448.0,0.06
439451.0,0.105
439455.0,0.185
439468.0,0.09
439472.0,0.17
439473.0,0.055
439477.0,0.05
439483.0,0.085
439484.0,0.025
439501.0,0.07
439505.0,0.14
439512.0,0.165
439515.0,0.1
439525.0,0.175
439535.0,0.205
439539.0,0.065
439548.0,0.255
439549.0,0.14
439550.0,0.135
439551.0,0.09
439558.0,0.065
439562.0,0.015
439566.0,0.06
439571.0,0.035
439587.0,0.06
439591.0,0.105
439595.0,0.125
439611.0,0.225
439614.0,0.26
439618.0,0.27
439620.0,0.17
439626.0,0.085
439633.0,0.075
439657.0,0.1
439660.0,0.13
439661.0,0.11
439666.0,0.225
439673.0,0.075
439675.0,0.27
439705.0,0.13
439707.0,0.1
439720.0,0.045
439727.0,0.095
439733.0,0.08
439736.0,0.085
439737.0,0.195
439746.0,0.065
439755.0,0.185
439763.0,0.09
439765.0,0.07
439766.0,0.135
439768.0,0.105
439774.0,0.06
439779.0,0.015
439781.0,0.245
439784.0,0.22
439808.0,0.025
439816.0,0.1
439818.0,0.005
439820.0,0.04
439824.0,0.03
439830.0,0.075
439839.0,0.04
439841.0,0.35
439845.0,0.055
439874.0,0.045
439875.0,0.04
439879.0,0.075
439882.0,0.08
439883.0,0.075
439900.0,0.075
439901.0,0.065
439906.0,0.15
439909.0,0.185
439911.0,0.17
439914.0,0.065
439936.0,0.105
439937.0,0.105
439945.0,0.08
439950.0,0.105
439955.0,0.135
439956.0,0.125
439971.0,0.165
439977.0,0.11
439984.0,0.195
439985.0,0.105
439990.0,0.065
439994.0,0.155
440003.0,0.055
440030.0,0.085
440042.0,0.36
440048.0,0.145
440054.0,0.24
440073.0,0.155
440074.0,0.18
440080.0,0.075
440082.0,0.075
440085.0,0.165
440088.0,0.165
440091.0,0.02
440100.0,0.02
440103.0,0.07
440113.0,0.425
440119.0,0.06
440127.0,0.025
440130.0,0.03
440131.0,0.01
440135.0,0.21
440139.0,0.105
440147.0,0.205
440156.0,0.33
440158.0,0.07
440162.0,0.075
440163.0,0.155
440176.0,0.075
440181.0,0.01
440191.0,0.055
440192.0,0.17
440215.0,0.06
440219.0,0.135
440222.0,0.14
440238.0,0.06
440239.0,0.025
440244.0,0.045
440245.0,0.06
440252.0,0.11
440266.0,0.145
440267.0,0.145
440281.0,0.185
440283.0,0.12
440292.0,0.12
440307.0,0.065
440309.0,0.02
440313.0,0.135
440315.0,0.12
440320.0,0.115
440332.0,0.055
440336.0,0.08
440338.0,0.06
440342.0,0.11
440350.0,0.165
440352.0,0.14
440356.0,0.005
440359.0,0.06
440384.0,0.045
440395.0,0.1
440396.0,0.02
440397.0,0.205
440401.0,0.095
440408.0,0.195
440411.0,0.1
440425.0,0.045
440439.0,0.025
440451.0,0.31
440460.0,0.25
440463.0,0.18
440473.0,0.07
440479.0,0.065
440497.0,0.16
440506.0,0.06
440509.0,0.05
440518.0,0.045
440528.0,0.11
440536.0,0.075
440543.0,0.16
440561.0,0.02
440562.0,0.255
440566.0,0.105
440572.0,0.205
440574.0,0.215
440585.0,0.145
440592.0,0.125
440601.0,0.2
440606.0,0.175
440632.0,0.27
440643.0,0.08
440653.0,0.04
440669.0,0.05
440682.0,0.08
440691.0,0.04
440701.0,0.025
440706.0,0.105
440708.0,0.07
440714.0,0.495
440721.0,0.33
440723.0,0.315
440750.0,0.025
440759.0,0.32
440773.0,0.075
440792.0,0.26
440793.0,0.06
440798.0,0.42
440804.0,0.14
440819.0,0.09
440827.0,0.295
440851.0,0.14
440861.0,0.055
440862.0,0.04
440868.0,0.075
440874.0,0.085
440877.0,0.165
440883.0,0.035
440884.0,0.165
440886.0,0.03
440900.0,0.165
440902.0,0.015
440904.0,0.23
440910.0,0.215
440913.0,0.1
440915.0,0.335
440923.0,0.125
440924.0,0.055
440927.0,0.055
440936.0,0.055
440968.0,0.09
440973.0,0.1
440975.0,0.07
440979.0,0.135
440986.0,0.18
440987.0,0.06
440995.0,0.08
440998.0,0.085
441000.0,0.04
441004.0,0.08
441007.0,0.275
441014.0,0.195
441026.0,0.225
441032.0,0.25
441042.0,0.04
441051.0,0.305
441060.0,0.09
441061.0,0.035
441081.0,0.175
441082.0,0.15
441085.0,0.085
441087.0,0.045
441089.0,0.015
441091.0,0.075
441095.0,0.115
441114.0,0.07
441128.0,0.295
441138.0,0.145
441154.0,0.045
441156.0,0.15
441157.0,0.345
441175.0,0.085
441183.0,0.355
441189.0,0.065
441207.0,0.01
441209.0,0.255
441217.0,0.15
441228.0,0.06
441229.0,0.045
441239.0,0.12
441244.0,0.07
441256.0,0.135
441275.0,0.215
441278.0,0.045
441284.0,0.045
441288.0,0.13
441293.0,0.25
441294.0,0.22
441297.0,0.255
441298.0,0.05
441304.0,0.065
441316.0,0.06
441318.0,0.07
441351.0,0.17
441354.0,0.255
441363.0,0.145
441373.0,0.335
441375.0,0.105
441382.0,0.035
441385.0,0.04
441388.0,0.06
441392.0,0.135
441402.0,0.27
441413.0,0.275
441417.0,0.405
441427.0,0.05
441437.0,0.165
441453.0,0.19
441458.0,0.175
441459.0,0.1
441463.0,0.03
441466.0,0.065
441475.0,0.08
441479.0,0.055
441497.0,0.1
441501.0,0.18
441509.0,0.055
441513.0,0.095
441546.0,0.115
441547.0,0.05
441563.0,0.2
441565.0,0.06
441567.0,0.155
441576.0,0.195
441577.0,0.13
441578.0,0.105
441597.0,0.1
441607.0,0.07
441609.0,0.065
441611.0,0.075
441613.0,0.12
441622.0,0.105
441637.0,0.16
441638.0,0.045
441652.0,0.065
441660.0,0.145
441667.0,0.1
441671.0,0.14
441672.0,0.035
441675.0,0.105
441679.0,0.06
441700.0,0.075
441701.0,0.175
441711.0,0.06
441725.0,0.12
441732.0,0.06
441741.0,0.1
441743.0,0.05
441761.0,0.055
441763.0,0.035
441766.0,0.04
441778.0,0.185
441780.0,0.11
441782.0,0.155
441785.0,0.11
441796.0,0.05
441808.0,0.15
441809.0,0.205
441811.0,0.08
441825.0,0.05
441828.0,0.085
441835.0,0.195
441860.0,0.055
441865.0,0.1
441871.0,0.145
441874.0,0.085
441876.0,0.115
441885.0,0.055
441896.0,0.195
441908.0,0.07
441913.0,0.05
441921.0,0.17
441926.0,0.04
441936.0,0.14
441941.0,0.085
441947.0,0.085
441957.0,0.155
441961.0,0.06
441969.0,0.025
441979.0,0.125
441986.0,0.21
441987.0,0.005
441996.0,0.335
441997.0,0.025
441998.0,0.14
442001.0,0.11
442002.0,0.135
442003.0,0.165
442010.0,0.04
442013.0,0.11
442015.0,0.28
442026.0,0.06
442030.0,0.06
442032.0,0.445
442033.0,0.28
442039.0,0.23
442049.0,0.045
442054.0,0.025
442060.0,0.03
442065.0,0.095
442067.0,0.305
442074.0,0.05
442076.0,0.095
442080.0,0.22
442085.0,0.055
442093.0,0.095
442100.0,0.125
442123.0,0.225
442124.0,0.21
442128.0,0.145
442149.0,0.15
442151.0,0.24
442157.0,0.15
442158.0,0.095
442159.0,0.13
442161.0,0.05
442179.0,0.175
442187.0,0.18
442190.0,0.11
442195.0,0.125
442199.0,0.16
442233.0,0.045
442234.0,0.185
442235.0,0.055
442250.0,0.035
442256.0,0.065
442258.0,0.195
442264.0,0.25
442280.0,0.095
442288.0,0.005
442290.0,0.07
442293.0,0.24
442299.0,0.17
442303.0,0.29
442306.0,0.025
442308.0,0.055
442312.0,0.065
442315.0,0.035
442320.0,0.145
442321.0,0.19
442328.0,0.2
442331.0,0.295
442359.0,0.05
442361.0,0.035
442366.0,0.13
442368.0,0.1
442372.0,0.1
442378.0,0.105
442392.0,0.155
442393.0,0.065
442399.0,0.08
442401.0,0.315
442404.0,0.05
442405.0,0.16
442438.0,0.11
442442.0,0.15
442451.0,0.18
442452.0,0.08
442458.0,0.11
442461.0,0.2
442464.0,0.055
442468.0,0.23
442479.0,0.225
442484.0,0.205
442504.0,0.09
442505.0,0.06
442513.0,0.095
442520.0,0.02
442527.0,0.08
442539.0,0.06
442540.0,0.185
442541.0,0.055
442555.0,0.03
442577.0,0.175
442586.0,0.09
442588.0,0.035
442613.0,0.105
442616.0,0.175
442622.0,0.16
442626.0,0.045
442627.0,0.175
442641.0,0.035
442647.0,0.105
442653.0,0.3
442656.0,0.045
442662.0,0.105
442672.0,0.095
442682.0,0.1
442684.0,0.09
442685.0,0.035
442698.0,0.26
442709.0,0.085
442716.0,0.085
442718.0,0.14
442723.0,0.2
442724.0,0.165
442737.0,0.07
442742.0,0.16
442743.0,0.045
442746.0,0.15
442766.0,0.055
442767.0,0.145
442769.0,0.06
442792.0,0.08
442797.0,0.205
442799.0,0.06
442804.0,0.085
442807.0,0.1
442816.0,0.12
442819.0,0.16
442826.0,0.185
442831.0,0.215
442846.0,0.04
442854.0,0.09
442861.0,0.01
442862.0,0.045
442870.0,0.095
442875.0,0.105
442890.0,0.01
442891.0,0.145
442896.0,0.23
442897.0,0.105
442902.0,0.075
442903.0,0.185
442905.0,0.015
442915.0,0.205
442937.0,0.14
442947.0,0.525
442949.0,0.19
442954.0,0.23
442972.0,0.09
443012.0,0.15
443018.0,0.135
443029.0,0.13
443031.0,0.08
443033.0,0.03
443035.0,0.145
443039.0,0.02
443040.0,0.15
443051.0,0.105
443062.0,0.1
443069.0,0.235
443080.0,0.32
443081.0,0.295
443090.0,0.08
443092.0,0.035
443106.0,0.08
443119.0,0.18
443134.0,0.09
443161.0,0.115
443170.0,0.115
443177.0,0.12
443189.0,0.055
443193.0,0.065
443199.0,0.12
443212.0,0.2
443226.0,0.21
443230.0,0.075
443239.0,0.12
443241.0,0.035
443244.0,0.04
443249.0,0.075
443253.0,0.065
443262.0,0.035
443264.0,0.24
443266.0,0.125
443274.0,0.04
443283.0,0.045
443295.0,0.065
443304.0,0.1
443313.0,0.085
443317.0,0.055
443324.0,0.06
443339.0,0.045
443344.0,0.15
443345.0,0.025
443352.0,0.09
443355.0,0.055
443356.0,0.165
443360.0,0.14
443364.0,0.205
443368.0,0.065
443375.0,0.21
443380.0,0.13
443391.0,0.175
443392.0,0.02
443397.0,0.035
443403.0,0.125
443406.0,0.235
443420.0,0.275
443431.0,0.045
443441.0,0.125
443456.0,0.235
443457.0,0.185
443459.0,0.115
443460.0,0.2
443471.0,0.06
443474.0,0.17
443486.0,0.225
443487.0,0.05
443490.0,0.085
443492.0,0.325
443495.0,0.125
443505.0,0.02
443512.0,0.1
443555.0,0.1
443576.0,0.09
443582.0,0.025
443583.0,0.02
443585.0,0.085
443588.0,0.075
443592.0,0.055
443596.0,0.085
443597.0,0.04
443606.0,0.07
443607.0,0.075
443608.0,0.115
443611.0,0.225
443612.0,0.12
443618.0,0.325
443623.0,0.11
443632.0,0.04
443633.0,0.115
443634.0,0.035
443637.0,0.075
443638.0,0.21
443669.0,0.045
443672.0,0.095
443685.0,0.04
443686.0,0.04
443694.0,0.035
443695.0,0.26
443697.0,0.39
443700.0,0.165
443734.0,0.245
443738.0,0.055
443742.0,0.075
443759.0,0.125
443760.0,0.085
443770.0,0.135
443776.0,0.03
443788.0,0.065
443791.0,0.21
443792.0,0.07
443803.0,0.13
443808.0,0.065
443832.0,0.075
443842.0,0.055
443847.0,0.04
443853.0,0.06
443854.0,0.24
443868.0,0.06
443873.0,0.085
443879.0,0.085
443883.0,0.135
443891.0,0.155
443908.0,0.09
443910.0,0.185
443918.0,0.055
443927.0,0.06
443935.0,0.16
443965.0,0.275
443974.0,0.035
443984.0,0.05
443986.0,0.115
443991.0,0.035
443996.0,0.045
444008.0,0.04
444014.0,0.09
444015.0,0.06
444016.0,0.195
444018.0,0.095
444053.0,0.155
444058.0,0.055
444065.0,0.035
444069.0,0.03
444082.0,0.085
444087.0,0.055
444089.0,0.055
444093.0,0.16
444104.0,0.065
444113.0,0.07
444118.0,0.25
444122.0,0.035
444123.0,0.165
444128.0,0.12
444136.0,0.02
444152.0,0.13
444155.0,0.165
444182.0,0.03
444183.0,0.155
444185.0,0.05
444213.0,0.17
444229.0,0.12
444231.0,0.05
444234.0,0.06
444240.0,0.07
444249.0,0.19
444265.0,0.155
444268.0,0.055
444271.0,0.07
444278.0,0.015
444279.0,0.205
444283.0,0.315
444285.0,0.015
444291.0,0.17
444297.0,0.035
444313.0,0.11
444318.0,0.06
444322.0,0.04
444333.0,0.095
444334.0,0.075
444359.0,0.21
444367.0,0.095
444369.0,0.14
444370.0,0.215
444376.0,0.04
444384.0,0.075
444387.0,0.09
444406.0,0.055
444409.0,0.23
444412.0,0.03
444418.0,0.26
444420.0,0.165
444424.0,0.035
444429.0,0.06
444432.0,0.115
444434.0,0.06
444440.0,0.055
444444.0,0.08
444450.0,0.07
444456.0,0.05
444457.0,0.08
444461.0,0.22
444504.0,0.03
444515.0,0.24
444516.0,0.085
444517.0,0.06
444519.0,0.4
444540.0,0.045
444573.0,0.065
444581.0,0.035
444582.0,0.07
444602.0,0.275
444605.0,0.165
444611.0,0.085
444614.0,0.03
444622.0,0.095
444624.0,0.125
444625.0,0.095
444639.0,0.105
444658.0,0.09
444673.0,0.125
444696.0,0.08
444719.0,0.04
444729.0,0.08
444737.0,0.08
444743.0,0.195
444758.0,0.115
444764.0,0.105
444780.0,0.07
444789.0,0.12
444795.0,0.16
444811.0,0.04
444814.0,0.03
444825.0,0.055
444831.0,0.025
444832.0,0.065
444835.0,0.255
444840.0,0.19
444841.0,0.115
444842.0,0.145
444846.0,0.065
444849.0,0.14
444867.0,0.04
444876.0,0.115
444893.0,0.075
444896.0,0.095
444897.0,0.09
444907.0,0.13
444908.0,0.025
444932.0,0.09
444933.0,0.145
444936.0,0.035
444941.0,0.16
444942.0,0.16
444950.0,0.085
444956.0,0.03
444965.0,0.15
444966.0,0.145
444970.0,0.03
444971.0,0.345
444978.0,0.06
444982.0,0.14
444984.0,0.02
444986.0,0.07
445001.0,0.25
445016.0,0.07
445027.0,0.185
445029.0,0.095
445032.0,0.12
445037.0,0.035
445043.0,0.095
445044.0,0.245
445047.0,0.205
445052.0,0.18
445073.0,0.215
445075.0,0.035
445076.0,0.095
445092.0,0.11
445095.0,0.175
445106.0,0.065
445110.0,0.215
445123.0,0.05
445124.0,0.07
445141.0,0.18
445151.0,0.035
445160.0,0.09
445161.0,0.075
445164.0,0.195
445165.0,0.095
445169.0,0.115
445175.0,0.245
445178.0,0.075
445182.0,0.16
445183.0,0.025
445192.0,0.02
445193.0,0.2
445200.0,0.025
445202.0,0.04
445203.0,0.025
445207.0,0.16
445245.0,0.065
445256.0,0.03
445282.0,0.135
445294.0,0.105
445300.0,0.25
445316.0,0.09
445331.0,0.105
445332.0,0.05
445343.0,0.095
445345.0,0.115
445346.0,0.135
445354.0,0.22
445355.0,0.35
445356.0,0.045
445366.0,0.25
445369.0,0.075
445390.0,0.095
445392.0,0.145
445398.0,0.03
445401.0,0.15
445417.0,0.085
445427.0,0.045
445465.0,0.135
445469.0,0.04
445472.0,0.05
445475.0,0.165
445483.0,0.105
445484.0,0.105
445493.0,0.125
445496.0,0.18
445504.0,0.05
445505.0,0.135
445507.0,0.065
445531.0,0.225
445536.0,0.105
445544.0,0.035
445559.0,0.055
445580.0,0.065
445589.0,0.06
445591.0,0.125
445595.0,0.065
445601.0,0.055
445612.0,0.135
445639.0,0.105
445656.0,0.175
445666.0,0.045
445682.0,0.26
445686.0,0.135
445700.0,0.15
445713.0,0.095
445716.0,0.1
445725.0,0.025
445728.0,0.1
445731.0,0.025
445742.0,0.11
445743.0,0.3
445755.0,0.065
445766.0,0.065
445781.0,0.2
445798.0,0.08
445799.0,0.19
445801.0,0.295
445810.0,0.12
445813.0,0.085
445822.0,0.045
445824.0,0.135
445826.0,0.24
445828.0,0.03
445829.0,0.025
445838.0,0.14
445840.0,0.045
445845.0,0.115
445847.0,0.12
445849.0,0.145
445852.0,0.135
445853.0,0.21
445856.0,0.085
445863.0,0.02
445864.0,0.235
445871.0,0.245
445907.0,0.13
445908.0,0.035
445917.0,0.12
445919.0,0.195
445925.0,0.14
445930.0,0.04
445938.0,0.085
445943.0,0.075
445946.0,0.045
445948.0,0.17
445970.0,0.05
445972.0,0.08
445974.0,0.335
445976.0,0.04
445979.0,0.185
445993.0,0.07
446001.0,0.175
446004.0,0.075
446025.0,0.065
446026.0,0.135
446046.0,0.075
446048.0,0.055
446055.0,0.085
446064.0,0.175
446068.0,0.095
446078.0,0.05
446094.0,0.09
446096.0,0.195
446120.0,0.04
446131.0,0.09
446139.0,0.28
446157.0,0.17
446179.0,0.15
446180.0,0.275
446186.0,0.24
446189.0,0.375
446200.0,0.14
446208.0,0.235
446210.0,0.1
446214.0,0.065
446226.0,0.035
446229.0,0.055
446237.0,0.05
446247.0,0.065
446256.0,0.05
446273.0,0.17
446286.0,0.07
446296.0,0.035
446302.0,0.18
446310.0,0.045
446315.0,0.05
446319.0,0.345
446320.0,0.18
446322.0,0.195
446356.0,0.145
446374.0,0.105
446375.0,0.085
446406.0,0.06
446407.0,0.055
446426.0,0.085
446428.0,0.085
446431.0,0.255
446433.0,0.05
446437.0,0.165
446441.0,0.095
446452.0,0.105
446464.0,0.395
446466.0,0.135
446468.0,0.215
446469.0,0.11
446472.0,0.4
446476.0,0.125
446478.0,0.005
446485.0,0.105
446499.0,0.045
446503.0,0.175
446504.0,0.07
446509.0,0.13
446512.0,0.275
446525.0,0.09
446534.0,0.02
446535.0,0.115
446543.0,0.19
446546.0,0.04
446550.0,0.195
446555.0,0.145
446560.0,0.06
446564.0,0.05
446572.0,0.06
446593.0,0.145
446616.0,0.225
446617.0,0.07
446625.0,0.025
446626.0,0.22
446631.0,0.175
446643.0,0.14
446647.0,0.105
446652.0,0.145
446655.0,0.11
446657.0,0.155
446663.0,0.24
446665.0,0.055
446676.0,0.13
446684.0,0.165
446694.0,0.065
446699.0,0.045
446702.0,0.075
446713.0,0.085
446720.0,0.195
446724.0,0.12
446728.0,0.11
446730.0,0.1
446738.0,0.06
446742.0,0.035
446743.0,0.045
446744.0,0.135
446750.0,0.125
446759.0,0.065
446760.0,0.14
446772.0,0.025
446786.0,0.035
446799.0,0.13
446800.0,0.275
446803.0,0.12
446812.0,0.09
446813.0,0.095
446815.0,0.065
446816.0,0.07
446832.0,0.135
446845.0,0.065
446846.0,0.08
446847.0,0.04
446850.0,0.11
446851.0,0.215
446855.0,0.105
446856.0,0.04
446867.0,0.025
446877.0,0.275
446880.0,0.165
446885.0,0.035
446892.0,0.065
446905.0,0.18
446909.0,0.19
446924.0,0.03
446935.0,0.03
446944.0,0.1
446945.0,0.145
446949.0,0.035
446952.0,0.125
446957.0,0.05
446961.0,0.175
446979.0,0.075
446980.0,0.18
446987.0,0.265
446991.0,0.08
447001.0,0.02
447013.0,0.08
447014.0,0.12
447023.0,0.085
447062.0,0.03
447072.0,0.135
447082.0,0.205
447084.0,0.05
447087.0,0.015
447092.0,0.075
447106.0,0.13
447107.0,0.12
447112.0,0.035
447147.0,0.065
447160.0,0.345
447176.0,0.11
447184.0,0.105
447188.0,0.015
447190.0,0.215
447191.0,0.08
447198.0,0.135
447199.0,0.09
447200.0,0.14
447202.0,0.05
447209.0,0.19
447210.0,0.08
447228.0,0.22
447230.0,0.045
447235.0,0.21
447246.0,0.285
447248.0,0.07
447263.0,0.075
447265.0,0.15
447272.0,0.045
447285.0,0.1
447293.0,0.3
447305.0,0.045
447312.0,0.13
447326.0,0.04
447327.0,0.095
447361.0,0.015
447367.0,0.21
447381.0,0.1
447387.0,0.22
447390.0,0.25
447391.0,0.06
447416.0,0.105
447419.0,0.1
447420.0,0.025
447422.0,0.035
447425.0,0.105
447444.0,0.14
447458.0,0.08
447460.0,0.06
447467.0,0.095
447479.0,0.185
447482.0,0.17
447496.0,0.13
447504.0,0.01
447507.0,0.055
447519.0,0.045
447522.0,0.04
447528.0,0.075
447529.0,0.08
447532.0,0.15
447540.0,0.105
447543.0,0.14
447546.0,0.07
447554.0,0.08
447571.0,0.085
447575.0,0.09
447591.0,0.065
447599.0,0.285
447600.0,0.045
447601.0,0.075
447606.0,0.105
447607.0,0.115
447618.0,0.145
447621.0,0.035
447633.0,0.05
447638.0,0.02
447642.0,0.11
447644.0,0.115
447654.0,0.29
447670.0,0.04
447671.0,0.06
447672.0,0.15
447674.0,0.1
447676.0,0.19
447692.0,0.215
447696.0,0.06
447698.0,0.085
447704.0,0.075
447705.0,0.13
447708.0,0.185
447709.0,0.305
447715.0,0.085
447727.0,0.05
447736.0,0.21
447742.0,0.095
447743.0,0.095
447745.0,0.13
447748.0,0.27
447751.0,0.395
447752.0,0.055
447796.0,0.05
447810.0,0.085
447812.0,0.05
447814.0,0.29
447815.0,0.06
447816.0,0.195
447817.0,0.235
447835.0,0.025
447842.0,0.265
447844.0,0.01
447862.0,0.305
447865.0,0.145
447868.0,0.215
447873.0,0.02
447876.0,0.035
447881.0,0.135
447882.0,0.15
447883.0,0.105
447904.0,0.11
447907.0,0.13
447915.0,0.44
447931.0,0.07
447945.0,0.115
447947.0,0.245
447958.0,0.075
447967.0,0.04
447968.0,0.14
447972.0,0.225
447975.0,0.07
447976.0,0.065
447978.0,0.055
447983.0,0.06
447993.0,0.085
447998.0,0.145
448001.0,0.045
448005.0,0.105
448007.0,0.115
448011.0,0.125
448012.0,0.1
448016.0,0.075
448030.0,0.01
448039.0,0.21
448040.0,0.05
448045.0,0.165
448046.0,0.125
448051.0,0.115
448084.0,0.16
448091.0,0.15
448100.0,0.13
448125.0,0.33
448143.0,0.09
448146.0,0.1
448150.0,0.12
448160.0,0.17
448163.0,0.08
448165.0,0.07
448182.0,0.03
448185.0,0.085
448188.0,0.05
448189.0,0.105
448209.0,0.155
448210.0,0.13
448218.0,0.045
448224.0,0.205
448241.0,0.075
448243.0,0.1
448244.0,0.025
448245.0,0.13
448254.0,0.18
448278.0,0.275
448279.0,0.105
448282.0,0.165
448284.0,0.06
448285.0,0.305
448301.0,0.205
448302.0,0.245
448305.0,0.075
448317.0,0.08
448330.0,0.18
448335.0,0.055
448338.0,0.145
448340.0,0.03
448341.0,0.155
448347.0,0.25
448350.0,0.14
448353.0,0.135
448361.0,0.115
448370.0,0.1
448380.0,0.295
448400.0,0.2
448411.0,0.115
448412.0,0.205
448417.0,0.14
448420.0,0.145
448422.0,0.15
448424.0,0.035
448447.0,0.145
448459.0,0.09
448464.0,0.025
448470.0,0.155
448490.0,0.05
448494.0,0.09
448500.0,0.225
448515.0,0.035
448522.0,0.105
448526.0,0.085
448536.0,0.22
448548.0,0.055
448566.0,0.11
448573.0,0.06
448584.0,0.075
448585.0,0.1
448597.0,0.07
448599.0,0.16
448601.0,0.07
448604.0,0.095
448606.0,0.07
448610.0,0.09
448642.0,0.13
448660.0,0.11
448669.0,0.035
448674.0,0.135
448675.0,0.09
448678.0,0.075
448690.0,0.045
448693.0,0.03
448695.0,0.185
448700.0,0.095
448703.0,0.035
448704.0,0.24
448707.0,0.015
448720.0,0.19
448727.0,0.22
448728.0,0.19
448734.0,0.25
448746.0,0.03
448755.0,0.065
448760.0,0.215
448770.0,0.06
448778.0,0.12
448788.0,0.065
448790.0,0.14
448801.0,0.1
448805.0,0.1
448806.0,0.08
448812.0,0.06
448817.0,0.165
448834.0,0.11
448837.0,0.32
448838.0,0.075
448853.0,0.16
448856.0,0.045
448868.0,0.16
448876.0,0.01
448909.0,0.27
448917.0,0.22
448919.0,0.145
448922.0,0.185
448931.0,0.07
448935.0,0.03
448937.0,0.035
448940.0,0.02
448948.0,0.205
448958.0,0.105
448967.0,0.16
448968.0,0.09
448973.0,0.195
448993.0,0.125
449000.0,0.28
449011.0,0.14
449015.0,0.075
449030.0,0.15
449035.0,0.025
449040.0,0.03
449045.0,0.04
449060.0,0.055
449081.0,0.15
449082.0,0.075
449087.0,0.165
449095.0,0.1
449105.0,0.16
449110.0,0.21
449117.0,0.11
449126.0,0.125
449134.0,0.05
449141.0,0.15
449148.0,0.2
449155.0,0.07
449158.0,0.38
449160.0,0.065
449178.0,0.205
449180.0,0.17
449183.0,0.13
449186.0,0.1
449193.0,0.1
449196.0,0.035
449203.0,0.02
449213.0,0.125
449214.0,0.025
449215.0,0.06
449216.0,0.255
449224.0,0.095
449227.0,0.185
449230.0,0.01
449233.0,0.235
449253.0,0.09
449254.0,0.125
449264.0,0.325
449289.0,0.205
449302.0,0.075
449308.0,0.205
449314.0,0.035
449322.0,0.11
449323.0,0.03
449364.0,0.105
449368.0,0.04
449391.0,0.075
449403.0,0.085
449408.0,0.06
449409.0,0.02
449412.0,0.035
449424.0,0.185
449427.0,0.065
449462.0,0.105
449465.0,0.04
449469.0,0.04
449475.0,0.03
449476.0,0.215
449483.0,0.07
449484.0,0.14
449487.0,0.06
449492.0,0.03
449499.0,0.255
449502.0,0.065
449506.0,0.01
449508.0,0.075
449514.0,0.07
449517.0,0.125
449534.0,0.17
449540.0,0.1
449543.0,0.255
449545.0,0.08
449548.0,0.17
449555.0,0.08
449556.0,0.155
449558.0,0.02
449566.0,0.075
449574.0,0.175
449576.0,0.06
449578.0,0.025
449581.0,0.045
449586.0,0.125
449591.0,0.04
449594.0,0.1
449599.0,0.13
449606.0,0.05
449615.0,0.055
449616.0,0.1
449625.0,0.025
449633.0,0.11
449636.0,0.195
449637.0,0.265
449642.0,0.145
449683.0,0.245
449684.0,0.035
449711.0,0.045
449713.0,0.07
449716.0,0.215
449741.0,0.06
449745.0,0.055
449747.0,0.135
449756.0,0.08
449759.0,0.015
449760.0,0.265
449768.0,0.125
449773.0,0.17
449775.0,0.08
449780.0,0.055
449788.0,0.23
449792.0,0.1
449802.0,0.095
449812.0,0.23
449815.0,0.125
449818.0,0.09
449820.0,0.045
449821.0,0.05
449822.0,0.285
449831.0,0.05
449837.0,0.075
449855.0,0.295
449857.0,0.08
449865.0,0.13
449866.0,0.05
449871.0,0.1
449873.0,0.145
449874.0,0.14
449877.0,0.06
449881.0,0.055
449889.0,0.26
449893.0,0.02
449894.0,0.185
449897.0,0.15
449900.0,0.045
449910.0,0.045
449924.0,0.19
449928.0,0.205
449932.0,0.3
449942.0,0.085
449947.0,0.15
449955.0,0.08
449972.0,0.1
449984.0,0.1
450004.0,0.075
450027.0,0.145
450029.0,0.035
450035.0,0.09
450038.0,0.05
450042.0,0.34
450044.0,0.125
450060.0,0.085
450065.0,0.065
450076.0,0.13
450081.0,0.225
450083.0,0.17
450096.0,0.125
450102.0,0.03
450107.0,0.1
450109.0,0.165
450110.0,0.03
450111.0,0.135
450114.0,0.14
450117.0,0.205
450118.0,0.34
450124.0,0.23
450141.0,0.155
450145.0,0.16
450148.0,0.1
450169.0,0.135
450172.0,0.29
450173.0,0.15
450180.0,0.065
450182.0,0.01
450190.0,0.08
450200.0,0.18
450216.0,0.035
450221.0,0.05
450227.0,0.355
450229.0,0.08
450233.0,0.11
450244.0,0.175
450251.0,0.3
450260.0,0.045
450266.0,0.245
450267.0,0.14
450272.0,0.055
450280.0,0.095
450287.0,0.08
450290.0,0.065
450291.0,0.265
450303.0,0.025
450310.0,0.085
450311.0,0.185
450358.0,0.08
450373.0,0.185
450376.0,0.105
450383.0,0.12
450395.0,0.065
450398.0,0.26
450412.0,0.2
450415.0,0.19
450420.0,0.085
450421.0,0.215
450427.0,0.04
450428.0,0.02
450429.0,0.07
450433.0,0.045
450443.0,0.065
450453.0,0.005
450454.0,0.1
450458.0,0.1
450464.0,0.115
450469.0,0.13
450475.0,0.1
450478.0,0.245
450498.0,0.035
450501.0,0.205
450503.0,0.06
450513.0,0.17
450523.0,0.1
450530.0,0.225
450537.0,0.135
450543.0,0.085
450554.0,0.115
450555.0,0.045
450558.0,0.12
450568.0,0.045
450569.0,0.045
450580.0,0.11
450581.0,0.005
450588.0,0.05
450589.0,0.14
450602.0,0.055
450603.0,0.05
450621.0,0.05
450626.0,0.37
450640.0,0.06
450641.0,0.14
450644.0,0.325
450658.0,0.18
450672.0,0.26
450685.0,0.105
450687.0,0.445
450689.0,0.18
450690.0,0.12
450693.0,0.075
450699.0,0.04
450706.0,0.205
450708.0,0.17
450710.0,0.085
450716.0,0.08
450722.0,0.095
450752.0,0.21
450759.0,0.26
450763.0,0.145
450767.0,0.07
450768.0,0.11
450772.0,0.04
450778.0,0.05
450781.0,0.115
450788.0,0.05
450792.0,0.19
450817.0,0.03
450820.0,0.08
450835.0,0.2
450848.0,0.195
450853.0,0.28
450865.0,0.03
450878.0,0.045
450883.0,0.035
450885.0,0.12
450896.0,0.04
450897.0,0.105
450898.0,0.24
450904.0,0.095
450908.0,0.17
450917.0,0.05
450921.0,0.025
450923.0,0.2
450926.0,0.29
450929.0,0.135
450937.0,0.08
450963.0,0.15
450971.0,0.21
450973.0,0.18
450978.0,0.24
450982.0,0.075
450995.0,0.14
450997.0,0.05
451033.0,0.055
451035.0,0.025
451037.0,0.24
451039.0,0.05
451063.0,0.065
451079.0,0.08
451081.0,0.06
451083.0,0.05
451100.0,0.26
451101.0,0.08
451104.0,0.07
451109.0,0.04
451119.0,0.13
451124.0,0.04
451126.0,0.105
451146.0,0.105
451155.0,0.05
451156.0,0.05
451160.0,0.115
451163.0,0.09
451168.0,0.125
451175.0,0.12
451184.0,0.05
451189.0,0.235
451206.0,0.08
451208.0,0.025
451225.0,0.03
451226.0,0.025
451228.0,0.285
451230.0,0.255
451235.0,0.07
451239.0,0.055
451242.0,0.065
451247.0,0.22
451248.0,0.095
451255.0,0.165
451261.0,0.02
451270.0,0.17
451277.0,0.015
451278.0,0.24
451282.0,0.12
451283.0,0.1
451302.0,0.065
451310.0,0.11
451315.0,0.19
451328.0,0.175
451330.0,0.175
451331.0,0.2
451338.0,0.04
451342.0,0.175
451347.0,0.05
451350.0,0.13
451351.0,0.05
451354.0,0.055
451358.0,0.085
451370.0,0.015
451379.0,0.43
451383.0,0.07
451390.0,0.195
451391.0,0.07
451392.0,0.17
451412.0,0.07
451422.0,0.1
451429.0,0.035
451432.0,0.06
451437.0,0.14
451442.0,0.155
451455.0,0.155
451457.0,0.07
451464.0,0.04
451472.0,0.105
451474.0,0.235
451488.0,0.165
451512.0,0.03
451516.0,0.165
451519.0,0.305
451528.0,0.045
451531.0,0.045
451551.0,0.225
451564.0,0.05
451570.0,0.245
451571.0,0.18
451575.0,0.21
451576.0,0.09
451582.0,0.22
451586.0,0.075
451587.0,0.21
451594.0,0.19
451596.0,0.09
451600.0,0.175
451615.0,0.04
451616.0,0.185
451646.0,0.21
451648.0,0.135
451650.0,0.065
451651.0,0.26
451662.0,0.115
451675.0,0.06
451680.0,0.115
451682.0,0.165
451688.0,0.095
451691.0,0.09
451698.0,0.115
451703.0,0.1
451709.0,0.2
451714.0,0.15
451716.0,0.055
451719.0,0.105
451724.0,0.18
451726.0,0.115
451733.0,0.055
451743.0,0.135
451747.0,0.04
451756.0,0.065
451761.0,0.2
451762.0,0.215
451768.0,0.02
451785.0,0.02
451805.0,0.035
451811.0,0.275
451817.0,0.09
451823.0,0.38
451831.0,0.02
451840.0,0.11
451845.0,0.07
451852.0,0.18
451855.0,0.085
451856.0,0.075
451871.0,0.065
451873.0,0.11
451897.0,0.155
451907.0,0.11
451908.0,0.115
451919.0,0.035
451932.0,0.075
451934.0,0.105
451935.0,0.135
451936.0,0.245
451938.0,0.08
451954.0,0.045
451958.0,0.12
451976.0,0.395
451977.0,0.345
451983.0,0.145
452000.0,0.035
452023.0,0.085
452024.0,0.02
452028.0,0.08
452039.0,0.055
452043.0,0.155
452047.0,0.08
452067.0,0.15
452069.0,0.04
452071.0,0.095
452096.0,0.305
452101.0,0.28
452107.0,0.135
452108.0,0.155
452109.0,0.155
452123.0,0.035
452127.0,0.045
452131.0,0.17
452133.0,0.035
452136.0,0.3
452137.0,0.14
452142.0,0.095
452147.0,0.155
452158.0,0.13
452172.0,0.11
452190.0,0.195
452191.0,0.07
452192.0,0.025
452195.0,0.08
452209.0,0.17
452237.0,0.085
452239.0,0.05
452242.0,0.14
452246.0,0.045
452249.0,0.16
452263.0,0.08
452267.0,0.09
452273.0,0.17
452274.0,0.135
452291.0,0.205
452310.0,0.35
452319.0,0.14
452325.0,0.075
452328.0,0.175
452330.0,0.185
452332.0,0.13
452337.0,0.055
452353.0,0.155
452356.0,0.335
452368.0,0.11
452379.0,0.26
452380.0,0.285
452396.0,0.125
452398.0,0.06
452401.0,0.045
452408.0,0.055
452409.0,0.085
452414.0,0.16
452418.0,0.1
452422.0,0.16
452430.0,0.165
452432.0,0.035
452451.0,0.135
452455.0,0.095
452495.0,0.07
452497.0,0.46
452511.0,0.165
452514.0,0.07
452522.0,0.22
452529.0,0.17
452530.0,0.375
452542.0,0.085
452545.0,0.065
452558.0,0.075
452592.0,0.165
452604.0,0.02
452616.0,0.045
452619.0,0.085
452620.0,0.09
452630.0,0.065
452644.0,0.17
452658.0,0.025
452663.0,0.06
452668.0,0.05
452672.0,0.26
452679.0,0.05
452685.0,0.185
452690.0,0.155
452701.0,0.165
452702.0,0.24
452708.0,0.195
452714.0,0.07
452718.0,0.13
452731.0,0.005
452733.0,0.125
452741.0,0.11
452748.0,0.125
452750.0,0.015
452753.0,0.09
452759.0,0.025
452767.0,0.255
452768.0,0.36
452788.0,0.065
452802.0,0.025
452807.0,0.08
452819.0,0.115
452820.0,0.055
452821.0,0.085
452840.0,0.29
452851.0,0.115
452861.0,0.075
452865.0,0.03
452871.0,0.18
452882.0,0.15
452903.0,0.065
452906.0,0.265
452907.0,0.295
452914.0,0.075
452929.0,0.125
452931.0,0.23
452932.0,0.105
452948.0,0.085
452950.0,0.07
452963.0,0.1
452974.0,0.03
452982.0,0.2
452984.0,0.315
452994.0,0.105
452995.0,0.105
452998.0,0.045
453003.0,0.13
453021.0,0.06
453040.0,0.1
453042.0,0.18
453052.0,0.195
453056.0,0.03
453066.0,0.105
453067.0,0.025
453072.0,0.015
453085.0,0.15
453093.0,0.085
453094.0,0.105
453100.0,0.015
453101.0,0.04
453107.0,0.27
453110.0,0.175
453111.0,0.185
453113.0,0.025
453114.0,0.03
453124.0,0.03
453129.0,0.025
453142.0,0.185
453145.0,0.18
453152.0,0.125
453159.0,0.17
453168.0,0.21
453196.0,0.1
453212.0,0.18
453214.0,0.11
453215.0,0.06
453220.0,0.03
453230.0,0.235
453233.0,0.335
453235.0,0.085
453244.0,0.18
453248.0,0.255
453262.0,0.01
453268.0,0.065
453283.0,0.03
453284.0,0.075
453287.0,0.09
453299.0,0.16
453314.0,0.075
453322.0,0.135
453349.0,0.43
453354.0,0.115
453356.0,0.16
453359.0,0.145
453366.0,0.075
453367.0,0.195
453372.0,0.025
453378.0,0.25
453390.0,0.025
453397.0,0.135
453403.0,0.04
453406.0,0.315
453412.0,0.255
453415.0,0.255
453428.0,0.165
453431.0,0.12
453442.0,0.07
453449.0,0.035
453465.0,0.075
453473.0,0.345
453476.0,0.045
453479.0,0.07
453480.0,0.035
453481.0,0.095
453493.0,0.02
453494.0,0.115
453507.0,0.26
453509.0,0.035
453514.0,0.185
453524.0,0.145
453534.0,0.245
453538.0,0.11
453544.0,0.115
453549.0,0.045
453550.0,0.21
453551.0,0.03
453556.0,0.13
453560.0,0.195
453566.0,0.125
453569.0,0.21
453579.0,0.045
453582.0,0.05
453586.0,0.17
453618.0,0.105
453620.0,0.13
453655.0,0.305
453659.0,0.1
453668.0,0.17
453681.0,0.07
453686.0,0.11
453687.0,0.055
453704.0,0.015
453707.0,0.125
453708.0,0.045
453709.0,0.125
453715.0,0.065
453721.0,0.11
453725.0,0.08
453727.0,0.03
453747.0,0.21
453753.0,0.225
453755.0,0.06
453761.0,0.055
453763.0,0.06
453766.0,0.095
453774.0,0.03
453781.0,0.38
453790.0,0.075
453797.0,0.265
453808.0,0.23
453814.0,0.13
453836.0,0.14
453837.0,0.015
453843.0,0.05
453844.0,0.035
453871.0,0.035
453881.0,0.23
453892.0,0.315
453893.0,0.125
453894.0,0.085
453895.0,0.065
453903.0,0.215
453906.0,0.195
453918.0,0.1
453924.0,0.12
453930.0,0.29
453940.0,0.05
453944.0,0.185
453947.0,0.245
453949.0,0.095
453952.0,0.175
453959.0,0.14
453971.0,0.19
453986.0,0.23
453988.0,0.1
453989.0,0.305
453999.0,0.25
454007.0,0.215
454021.0,0.06
454023.0,0.16
454036.0,0.06
454046.0,0.055
454052.0,0.14
454066.0,0.11
454070.0,0.26
454071.0,0.075
454075.0,0.19
454080.0,0.02
454085.0,0.075
454097.0,0.1
454103.0,0.1
454105.0,0.08
454108.0,0.1
454109.0,0.11
454137.0,0.125
454150.0,0.045
454155.0,0.095
454164.0,0.12
454165.0,0.09
454170.0,0.23
454173.0,0.05
454181.0,0.055
454183.0,0.25
454188.0,0.37
454192.0,0.03
454198.0,0.185
454200.0,0.06
454209.0,0.04
454211.0,0.46
454212.0,0.03
454218.0,0.335
454220.0,0.03
454231.0,0.045
454242.0,0.03
454245.0,0.025
454261.0,0.055
454269.0,0.16
454271.0,0.055
454287.0,0.145
454293.0,0.135
454296.0,0.09
454304.0,0.165
454313.0,0.095
454315.0,0.145
454321.0,0.15
454333.0,0.19
454334.0,0.075
454345.0,0.055
454347.0,0.16
454361.0,0.195
454380.0,0.1
454382.0,0.21
454386.0,0.09
454390.0,0.06
454396.0,0.09
454398.0,0.22
454403.0,0.025
454405.0,0.04
454406.0,0.295
454412.0,0.12
454418.0,0.105
454436.0,0.035
454443.0,0.085
454449.0,0.105
454457.0,0.26
454466.0,0.04
454471.0,0.22
454476.0,0.285
454489.0,0.295
454493.0,0.305
454495.0,0.13
454497.0,0.05
454522.0,0.05
454554.0,0.095
454557.0,0.05
454560.0,0.075
454561.0,0.095
454563.0,0.085
454565.0,0.085
454566.0,0.095
454578.0,0.12
454605.0,0.09
454608.0,0.11
454612.0,0.065
454618.0,0.175
454622.0,0.055
454631.0,0.235
454638.0,0.06
454639.0,0.185
454640.0,0.14
454653.0,0.175
454663.0,0.07
454664.0,0.23
454674.0,0.265
454678.0,0.265
454680.0,0.085
454687.0,0.1
454690.0,0.04
454698.0,0.165
454700.0,0.14
454707.0,0.06
454714.0,0.035
454722.0,0.14
454723.0,0.115
454739.0,0.16
454745.0,0.02
454763.0,0.095
454765.0,0.04
454774.0,0.1
454778.0,0.085
454780.0,0.1
454781.0,0.19
454789.0,0.045
454801.0,0.06
454802.0,0.115
454835.0,0.12
454837.0,0.16
454841.0,0.035
454872.0,0.115
454878.0,0.12
454884.0,0.025
454891.0,0.14
454897.0,0.05
454908.0,0.1
454912.0,0.085
454922.0,0.06
454929.0,0.01
454935.0,0.1
454946.0,0.225
454959.0,0.12
454970.0,0.07
454991.0,0.095
455002.0,0.215
455005.0,0.185
455016.0,0.35
455021.0,0.105
455022.0,0.15
455024.0,0.185
455044.0,0.28
455050.0,0.005
455055.0,0.295
455056.0,0.155
455067.0,0.045
455069.0,0.005
455082.0,0.125
455087.0,0.08
455088.0,0.13
455112.0,0.13
455126.0,0.11
455132.0,0.04
455135.0,0.175
455148.0,0.095
455156.0,0.17
455161.0,0.185
455162.0,0.135
455164.0,0.425
455171.0,0.09
455174.0,0.005
455175.0,0.125
455184.0,0.155
455188.0,0.145
455200.0,0.105
455209.0,0.285
455212.0,0.145
455217.0,0.1
455222.0,0.095
455223.0,0.165
455228.0,0.14
455243.0,0.07
455246.0,0.0
455255.0,0.205
455262.0,0.195
455268.0,0.115
455277.0,0.375
455281.0,0.11
455296.0,0.155
455297.0,0.04
455322.0,0.02
455326.0,0.28
455327.0,0.2
455328.0,0.05
455368.0,0.035
455374.0,0.265
455377.0,0.035
455378.0,0.03
455379.0,0.125
455395.0,0.11
455424.0,0.205
455425.0,0.04
455429.0,0.03
455434.0,0.225
455436.0,0.14
455438.0,0.085
455439.0,0.05
455440.0,0.025
455441.0,0.025
455481.0,0.03
455482.0,0.075
455483.0,0.025
455484.0,0.3
455489.0,0.185
455490.0,0.14
455513.0,0.21
455515.0,0.17
455536.0,0.055
455537.0,0.09
455538.0,0.08
455539.0,0.115
455567.0,0.235
455583.0,0.085
455607.0,0.105
455636.0,0.205
455638.0,0.065
455640.0,0.395
455644.0,0.025
455645.0,0.035
455648.0,0.075
455650.0,0.08
455658.0,0.27
455694.0,0.045
455695.0,0.105
455696.0,0.06
455703.0,0.195
455742.0,0.07
455748.0,0.045
455749.0,0.145
455750.0,0.255
455751.0,0.055
455752.0,0.18
455787.0,0.215
455798.0,0.115
455802.0,0.09
455803.0,0.29
455804.0,0.11
455805.0,0.025
455829.0,0.02
455840.0,0.155
455849.0,0.115
455850.0,0.09
455852.0,0.205
455854.0,0.155
455863.0,0.105
455897.0,0.09
455902.0,0.04
455907.0,0.03
455908.0,0.08
455909.0,0.1
455940.0,0.08
455955.0,0.215
455958.0,0.11
455959.0,0.2
455960.0,0.04
455961.0,0.225
455962.0,0.19
455963.0,0.085
455965.0,0.055
456007.0,0.26
456008.0,0.065
456009.0,0.105
456010.0,0.275
456011.0,0.075
456013.0,0.15
456028.0,0.16
456058.0,0.215
456111.0,0.31
456114.0,0.145
456115.0,0.15
456116.0,0.085
456119.0,0.065
456120.0,0.075
456122.0,0.22
456123.0,0.04
456166.0,0.29
456167.0,0.07
456168.0,0.265
456169.0,0.06
456170.0,0.145
456189.0,0.11
456202.0,0.175
456221.0,0.09
456222.0,0.065
456223.0,0.08
456224.0,0.07
456250.0,0.25
